,tipo_edicao,orgao,data_publicacao,titulo,url_versao_certificada,ementa
0,Ordinária,Ministério das Cidades/Secretaria Nacional de Mobilidade Urbana,2024-02-16,"PORTARIA Nº 137, DE 15 DE FEVEREIRO DE 2024",http://pesquisa.in.gov.br/imprensa/jsp/visualiza/index.jsp?data=16/02/2024&jornal=515&pagina=2,
1,Ordinária,"Ministério da Ciência, Tecnologia e Inovação/Comissão Técnica Nacional de Biossegurança",2024-02-16,EXTRATO DE PARECER TÉCNICO Nº 8.933/2024,http://pesquisa.in.gov.br/imprensa/jsp/visualiza/index.jsp?data=16/02/2024&jornal=515&pagina=2,
2,Ordinária,"Ministério da Ciência, Tecnologia e Inovação/Comissão Técnica Nacional de Biossegurança",2024-02-16,EXTRATO DE PARECER TÉCNICO Nº 8.935/2024,http://pesquisa.in.gov.br/imprensa/jsp/visualiza/index.jsp?data=16/02/2024&jornal=515&pagina=3,
3,Ordinária,"Ministério da Ciência, Tecnologia e Inovação/Comissão Técnica Nacional de Biossegurança",2024-02-16,EXTRATO DE PARECER TÉCNICO Nº 8.934/2024,http://pesquisa.in.gov.br/imprensa/jsp/visualiza/index.jsp?data=16/02/2024&jornal=515&pagina=3,
4,Ordinária,"Ministério da Ciência, Tecnologia e Inovação/Comissão Técnica Nacional de Biossegurança",2024-02-16,EXTRATO DE PARECER TÉCNICO Nº 8.936/2024,http://pesquisa.in.gov.br/imprensa/jsp/visualiza/index.jsp?data=16/02/2024&jornal=515&pagina=3,
5,Ordinária,"Ministério das Comunicações/Secretaria de Comunicação Social Eletrônica/Departamento de Inovação, Regulamentação e Fiscalização/Coordenação-Geral de Fiscalização, Monitoramento e Apuração de Infrações",2024-02-16,"PORTARIA Nº 11.516, DE 15 DE FEVEREIRO DE 2024 | PORTARIA Nº 11.632, DE 15 DE FEVEREIRO DE 2024 | PORTARIA Nº 11.640, DE 15 DE FEVEREIRO DE 2024 | PORTARIA Nº 11.652, DE 15 DE FEVEREIRO DE 2024 | PORTARIA Nº 11.654, DE 15 DE FEVEREIRO DE 2024 | PORTARIA Nº 11.660, DE 15 DE FEVEREIRO DE 2024 | PORTARIA Nº 11.661, DE 15 DE FEVEREIRO DE 2024 | PORTARIA Nº 11.662, DE 15 DE FEVEREIRO DE 2024 | PORTARIA Nº 11.666, DE 15 DE FEVEREIRO DE 2024 | PORTARIA Nº 11.923, DE 15 DE FEVEREIRO DE 2024 | PORTARIA Nº 11.924, DE 15 DE FEVEREIRO DE 2024 | PORTARIA Nº 11.925, DE 15 DE FEVEREIRO DE 2024 | PORTARIA Nº 12.065, DE 15 DE FEVEREIRO DE 2024",http://pesquisa.in.gov.br/imprensa/jsp/visualiza/index.jsp?data=16/02/2024&jornal=515&pagina=4,
6,Ordinária,"Ministério das Comunicações/Agência Nacional de Telecomunicações/Superintendência de Fiscalização/Gerência Regional nos Estados do Ceará, Rio Grande do Norte e Piauí",2024-02-16,"ATO Nº 1.589, DE 15 DE FEVEREIRO DE 2024",http://pesquisa.in.gov.br/imprensa/jsp/visualiza/index.jsp?data=16/02/2024&jornal=515&pagina=5,
7,Ordinária,"Ministério das Comunicações/Agência Nacional de Telecomunicações/Superintendência de Fiscalização/Gerência Regional nos Estados do Ceará, Rio Grande do Norte e Piauí",2024-02-16,"ATO Nº 1.593, DE 15 DE FEVEREIRO DE 2024",http://pesquisa.in.gov.br/imprensa/jsp/visualiza/index.jsp?data=16/02/2024&jornal=515&pagina=6,
8,Ordinária,"Ministério das Comunicações/Agência Nacional de Telecomunicações/Superintendência de Fiscalização/Gerência Regional nos Estados do Ceará, Rio Grande do Norte e Piauí",2024-02-16,"ATO Nº 1.600, DE 15 DE FEVEREIRO DE 2024",http://pesquisa.in.gov.br/imprensa/jsp/visualiza/index.jsp?data=16/02/2024&jornal=515&pagina=6,
9,Ordinária,Ministério da Cultura/Secretaria de Economia Criativa e Fomento Cultural,2024-02-16,"PORTARIA SEFIC/MINC Nº 116, DE 15 DE FEVEREIRO DE 2024",http://pesquisa.in.gov.br/imprensa/jsp/visualiza/index.jsp?data=16/02/2024&jornal=515&pagina=7,
10,Ordinária,Ministério da Cultura/Secretaria de Economia Criativa e Fomento Cultural,2024-02-16,"PORTARIA SEFIC/MINC Nº 115, DE 15 DE FEVEREIRO DE 2024",http://pesquisa.in.gov.br/imprensa/jsp/visualiza/index.jsp?data=16/02/2024&jornal=515&pagina=7,
11,Ordinária,Ministério da Cultura/Secretaria de Economia Criativa e Fomento Cultural,2024-02-16,"PORTARIA SEFIC/MINC Nº 117, DE 15 DE FEVEREIRO DE 2024",http://pesquisa.in.gov.br/imprensa/jsp/visualiza/index.jsp?data=16/02/2024&jornal=515&pagina=8,
12,Ordinária,Ministério da Cultura/Agência Nacional do Cinema,2024-02-16,"DESPACHO Nº 13-E, DE 15 DE FEVEREIRO DE 2024",http://pesquisa.in.gov.br/imprensa/jsp/visualiza/index.jsp?data=16/02/2024&jornal=515&pagina=9,
13,Ordinária,Ministério da Defesa/Comando da Aeronáutica/Departamento de Controle do Espaço Aéreo/Instituto de Cartografia Aeronáutica,2024-02-16,PORTARIAS DE 11 DE FEVEREIRO DE 2024 | PORTARIAS DE 14 DE FEVEREIRO DE 2024,http://pesquisa.in.gov.br/imprensa/jsp/visualiza/index.jsp?data=16/02/2024&jornal=515&pagina=9,
14,Ordinária,Ministério da Defesa/Comando da Aeronáutica/Gabinete do Comandante,2024-02-16,"PORTARIA GABAER Nº 153/GC4, DE 15 DE FEVEREIRO DE 2024",http://pesquisa.in.gov.br/imprensa/jsp/visualiza/index.jsp?data=16/02/2024&jornal=515&pagina=9,
15,Ordinária,Ministério da Cultura/Secretaria de Economia Criativa e Fomento Cultural,2024-02-16,"PORTARIA SEFIC/MINC Nº 118, DE 15 DE FEVEREIRO DE 2024",http://pesquisa.in.gov.br/imprensa/jsp/visualiza/index.jsp?data=16/02/2024&jornal=515&pagina=9,
16,Ordinária,Ministério da Cultura/Instituto do Patrimônio Histórico e Artístico Nacional,2024-02-16,"PORTARIA IPHAN Nº 153, DE 15 DE FEVEREIRO DE 2024",http://pesquisa.in.gov.br/imprensa/jsp/visualiza/index.jsp?data=16/02/2024&jornal=515&pagina=9,"Altera a Portaria Iphan nº 145, de 22 de dezembro de 2023, que institui, no âmbito do Instituto do Patrimônio Histórico e Artístico Nacional - Iphan o Programa de Gestão e Desempenho - PGD para o exercício de atividades que serão avaliadas em função da efetividade e da qualidade das entregas."
17,Ordinária,Ministério da Defesa/Comando da Aeronáutica/Gabinete do Comandante,2024-02-16,"PORTARIA GABAER Nº 690/GC4, DE 15 DE FEVEREIRO DE 2024",http://pesquisa.in.gov.br/imprensa/jsp/visualiza/index.jsp?data=16/02/2024&jornal=515&pagina=9,"Delega competência ao Comandante da Universidade da Força Aérea para assinar o Acordo de Cooperação Técnica (ACT) com o Centro de Capacitação Física do Exército/Fortaleza de São João (CCFEx/FSJ-RJ), do Exército Brasileiro (EB)."
18,Ordinária,Ministério da Cultura/Agência Nacional do Cinema/Superintendência de Fomento/Coordenação de Acompanhamento de Projetos,2024-02-16,"Despacho Decisório CAP nº 41-E/SEF/SFO/CAP, DE 15 de fevereiro de 2024",http://pesquisa.in.gov.br/imprensa/jsp/visualiza/index.jsp?data=16/02/2024&jornal=515&pagina=9,
19,Ordinária,Ministério da Cultura/Secretaria de Economia Criativa e Fomento Cultural,2024-02-16,RETIFICAÇÃO,http://pesquisa.in.gov.br/imprensa/jsp/visualiza/index.jsp?data=16/02/2024&jornal=515&pagina=9,
20,Ordinária,Ministério da Defesa/Comando da Aeronáutica/Estado-Maior da Aeronáutica,2024-02-16,"PORTARIA EMAER Nº 181/5SC3, DE 9 DE FEVEREIRO DE 2024",http://pesquisa.in.gov.br/imprensa/jsp/visualiza/index.jsp?data=16/02/2024&jornal=515&pagina=10,Estabelece os cargos que exercerão a função de Agentes Responsáveis pelas Ações Orçamentárias e pelos Planos Orçamentários vinculados ao COMAER e à CFIAe.
21,Ordinária,Ministério da Defesa/Comando da Marinha/Diretoria-Geral de Navegação/Diretoria de Portos e Costas,2024-02-16,"PORTARIA Nº 23/DPC, DE 25 DE JANEIRO DE 2024",http://pesquisa.in.gov.br/imprensa/jsp/visualiza/index.jsp?data=16/02/2024&jornal=515&pagina=13,"Credencia a empresa FUNDAÇÃO GENTE DO MAR, para ministrar cursos do Ensino Profissional Marítimo (EPM)."
22,Ordinária,Ministério do Desenvolvimento Agrário e Agricultura Familiar/Instituto Nacional de Colonização e Reforma Agrária,2024-02-16,"PORTARIA Nº 399, DE 9 DE FEVEREIRO DE 2024",http://pesquisa.in.gov.br/imprensa/jsp/visualiza/index.jsp?data=16/02/2024&jornal=515&pagina=14,"Retifica a área do Projeto de Assentamento Morrinho, localizado no município de General Carneiro/MT."
23,Ordinária,Ministério do Desenvolvimento Agrário e Agricultura Familiar/Instituto Nacional de Colonização e Reforma Agrária,2024-02-16,"PORTARIA Nº 398, DE 9 DE FEVEREIRO DE 2024",http://pesquisa.in.gov.br/imprensa/jsp/visualiza/index.jsp?data=16/02/2024&jornal=515&pagina=14,"Retifica a capacidade de assentamento do Projeto de Assentamento Piuva V, localizado no município de Dois Irmãos do Buriti/MS"
24,Ordinária,"Ministério do Desenvolvimento, Indústria, Comércio e Serviços/Instituto Nacional da Propriedade Industrial",2024-02-16,"PORTARIA /INPI/PR Nº 3, DE 8 DE FEVEREIRO DE 2024",http://pesquisa.in.gov.br/imprensa/jsp/visualiza/index.jsp?data=16/02/2024&jornal=515&pagina=14,
25,Ordinária,Ministério da Defesa/Comando da Marinha/Diretoria-Geral de Navegação/Diretoria de Portos e Costas,2024-02-16,"PORTARIA Nº 24/DPC, DE 25 DE JANEIRO DE 2024",http://pesquisa.in.gov.br/imprensa/jsp/visualiza/index.jsp?data=16/02/2024&jornal=515&pagina=14,"Credencia a empresa MAERSK TRAINING BRASIL TREINAMENTOS MARÍTIMOS LTDA, para ministrar curso do Ensino Profissional Marítimo (EPM)."
26,Ordinária,Ministério da Educação/Instituto Nacional de Estudos e Pesquisas Educacionais Anísio Teixeira,2024-02-16,"PORTARIA Nº 36, DE 15 DE FEVEREIRO DE 2024",http://pesquisa.in.gov.br/imprensa/jsp/visualiza/index.jsp?data=16/02/2024&jornal=515&pagina=29,"Institui as Comissões Assessoras de Área - CAAs para realização de atividades referentes ao Exame Nacional de Desempenho dos Estudantes - Enade, edição 2024."
27,Ordinária,"Ministério da Educação/Instituto Federal de Educação, Ciência e Tecnologia do Amazonas",2024-02-16,"PORTARIA Nº 195/GR/IFAM, DE 9 DE FEVEREIRO DE 2024",http://pesquisa.in.gov.br/imprensa/jsp/visualiza/index.jsp?data=16/02/2024&jornal=515&pagina=29,
28,Ordinária,"Ministério da Educação/Instituto Federal de Educação, Ciência e Tecnologia do Amazonas",2024-02-16,"PORTARIA Nº 23, DE 5 DE FEVEREIRO DE 2024",http://pesquisa.in.gov.br/imprensa/jsp/visualiza/index.jsp?data=16/02/2024&jornal=515&pagina=29,Prorrogação da homologação do resultado final- EDITAL Nº 03/CTEFÉ/IFAM
29,Ordinária,Ministério da Educação/Fundo Nacional de Desenvolvimento da Educação/Comitê Gestor do Fundo de Financiamento Estudantil,2024-02-16,"RESOLUÇÃO Nº 58, DE 8 DE FEVEREIRO DE 2024",http://pesquisa.in.gov.br/imprensa/jsp/visualiza/index.jsp?data=16/02/2024&jornal=515&pagina=29,"Institui o ""Fies Social""."
30,Ordinária,Ministério da Educação/Fundação Universidade do Amazonas,2024-02-16,"PORTARIA Nº 247, DE 15 DE FEVEREIRO DE 2024",http://pesquisa.in.gov.br/imprensa/jsp/visualiza/index.jsp?data=16/02/2024&jornal=515&pagina=30,
31,Ordinária,Ministério da Educação/Fundação Coordenação de Aperfeiçoamento de Pessoal de Nível Superior,2024-02-16,"PORTARIA CAPES Nº 55, DE 15 DE FEVEREIRO DE 2024",http://pesquisa.in.gov.br/imprensa/jsp/visualiza/index.jsp?data=16/02/2024&jornal=515&pagina=30,"Convalida os atos praticados pela Presidente da Capes, no período de 02 à 05 de fevereiro de 2024"
32,Ordinária,Ministério da Educação/Universidade Federal da Bahia/Pró-Reitoria de Desenvolvimento de Pessoas,2024-02-16,"PORTARIA Nº 109, DE 6 DE FEVEREIRO DE 2024",http://pesquisa.in.gov.br/imprensa/jsp/visualiza/index.jsp?data=16/02/2024&jornal=515&pagina=30,
33,Ordinária,Ministério da Educação/Universidade Federal da Bahia/Pró-Reitoria de Desenvolvimento de Pessoas,2024-02-16,"PORTARIA Nº 101, DE 6 DE FEVEREIRO DE 2024",http://pesquisa.in.gov.br/imprensa/jsp/visualiza/index.jsp?data=16/02/2024&jornal=515&pagina=30,
34,Ordinária,Ministério da Educação/Fundação Universidade Federal de Ouro Preto/Pró-Reitoria de Gestão de Pessoas,2024-02-16,"PORTARIA Nº 216, DE 15 DE FEVEREIRO DE 2024",http://pesquisa.in.gov.br/imprensa/jsp/visualiza/index.jsp?data=16/02/2024&jornal=515&pagina=31,
35,Ordinária,Ministério da Educação/Fundação Universidade Federal do Piauí/Centro de Ciências da Natureza,2024-02-16,"PORTARIA CCN/UFPI Nº 12, DE 15 DE FEVEREIRO DE 2024",http://pesquisa.in.gov.br/imprensa/jsp/visualiza/index.jsp?data=16/02/2024&jornal=515&pagina=31,
36,Ordinária,"Ministério do Empreendedorismo, da Microempresa e da Empresa de Pequeno Porte/Gabinete do Ministro",2024-02-16,"PORTARIA MEMP Nº 28, DE 15 DE FEVEREIRO DE 2024",http://pesquisa.in.gov.br/imprensa/jsp/visualiza/index.jsp?data=16/02/2024&jornal=515&pagina=31,"Dispões sobre a delegação de competência para atuar no Plano de Contratações Anual - PCA no âmbito do Ministério do Empreendedorismo, da Microempresa e da Empresa de Pequeno Porte."
37,Ordinária,Ministério do Esporte/Secretaria Executiva/Diretoria de Programas e Políticas de Incentivo ao Esporte/Coordenação-Geral de Gestão da Lei Federal de Incentivo ao Esporte,2024-02-16,RETIFICAÇões,http://pesquisa.in.gov.br/imprensa/jsp/visualiza/index.jsp?data=16/02/2024&jornal=515&pagina=32,
38,Ordinária,Ministério da Fazenda/Conselho Nacional de Política Fazendária,2024-02-16,"ATO COTEPE/ICMS Nº 20, DE 15 DE FEVEREIRO DE 2024",http://pesquisa.in.gov.br/imprensa/jsp/visualiza/index.jsp?data=16/02/2024&jornal=515&pagina=33,"Altera o Ato COTEPE/ICMS nº 67/19, que divulga relação das empresas nacionais que produzem, comercializam e importam materiais aeronáuticos, beneficiárias de redução de base de cálculo do ICMS."
39,Ordinária,Ministério da Fazenda/Conselho Nacional de Política Fazendária,2024-02-16,"DESPACHO Nº 5, DE 15 DE FEVEREIRO DE 2024",http://pesquisa.in.gov.br/imprensa/jsp/visualiza/index.jsp?data=16/02/2024&jornal=515&pagina=33,Publica Protocolos ICMS celebrados entre os Estados e o Distrito Federal.
40,Ordinária,Ministério da Fazenda/Secretaria Especial da Receita Federal do Brasil,2024-02-16,"INSTRUÇÃO NORMATIVA RFB Nº 2.174, DE 14 DE FEVEREIRO DE 2024",http://pesquisa.in.gov.br/imprensa/jsp/visualiza/index.jsp?data=16/02/2024&jornal=515&pagina=35,"Altera as tabelas progressivas constantes dos Anexos II a IV e VII da Instrução Normativa RFB nº 1.500, de 29 de outubro de 2014, que dispõe sobre normas gerais de tributação relativas ao Imposto sobre a Renda das Pessoas Físicas."
41,Ordinária,Ministério da Fazenda/Secretaria Especial da Receita Federal do Brasil/Subsecretaria-Geral da Receita Federal do Brasil/Superintendência Regional da Receita Federal do Brasil 2ª Região Fiscal,2024-02-16,"ATO DECLARATÓRIO EXECUTIVO SRRF02 Nº 1, DE 15 de FEVEREIRO DE 2024",http://pesquisa.in.gov.br/imprensa/jsp/visualiza/index.jsp?data=16/02/2024&jornal=515&pagina=35,"Autoriza o comércio de subsistência em fronteira e a saída de bens adquiridos no mercado interno, nos portos fluviais situados nos pontos de fronteira não alfandegados localizados na área militar do Forte Príncipe da Beira, no município de Costa Marques/RO."
42,Ordinária,Ministério da Fazenda/Secretaria Especial da Receita Federal do Brasil/Subsecretaria-Geral da Receita Federal do Brasil/Superintendência Regional da Receita Federal do Brasil 3ª Região Fiscal,2024-02-16,"ATO DECLARATÓRIO EXECUTIVO SRRF03 Nº 1, DE 15 DE FEVEREIRO DE 2024",http://pesquisa.in.gov.br/imprensa/jsp/visualiza/index.jsp?data=16/02/2024&jornal=515&pagina=36,"Declara alfandegada a instalação portuária marítima de uso privativo misto que integra o Terminal Portuário do Pecém, localizado no município de São Gonçalo do Amarante, Estado do Ceará, nos termos e condições vigentes."
43,Ordinária,Ministério da Fazenda/Secretaria Especial da Receita Federal do Brasil/Subsecretaria-Geral da Receita Federal do Brasil/Superintendência Regional da Receita Federal do Brasil 3ª Região Fiscal/Alfândega da Receita Federal do Brasil em Fortaleza/Inspetoria da Receita Federal do Brasil no Aeroporto Internacional Pinto Martins,2024-02-16,"PORTARIA IRF/APM Nº 3, DE 6 DE FEVEREIRO DE 2024",http://pesquisa.in.gov.br/imprensa/jsp/visualiza/index.jsp?data=16/02/2024&jornal=515&pagina=36,Dispõe sobre as operações realizadas pelas empresas beneficiárias do Regime Aduaneiro Especial de Depósito Afiançado (DAF) na Inspetoria da Receita Federal do Brasil no Aeroporto Internacional Pinto Martins.
44,Ordinária,Ministério da Fazenda/Secretaria Especial da Receita Federal do Brasil/Subsecretaria-Geral da Receita Federal do Brasil/Superintendência Regional da Receita Federal do Brasil 4ª Região Fiscal/Delegacia da Receita Federal do Brasil em Recife,2024-02-16,"ATO DECLARATÓRIO EXECUTIVO Nº 6, DE 15 DE FEVEREIRO 2024",http://pesquisa.in.gov.br/imprensa/jsp/visualiza/index.jsp?data=16/02/2024&jornal=515&pagina=36,Autoriza o fornecimento de selos de controle de bebidas para importação.
45,Ordinária,Ministério da Fazenda/Secretaria Especial da Receita Federal do Brasil/Subsecretaria-Geral da Receita Federal do Brasil/Superintendência Regional da Receita Federal do Brasil 2ª Região Fiscal/Delegacia da Receita Federal do Brasil em Belém,2024-02-16,"ATO DECLARATÓRIO EXECUTIVO DRF/BEL Nº 3, DE 7 DE FEVEREIRO DE 2024",http://pesquisa.in.gov.br/imprensa/jsp/visualiza/index.jsp?data=16/02/2024&jornal=515&pagina=36,Defere renovação de Registro Especial - Papel Imune. Contribuinte: SUZANO S.A. CNPJ 16.404.287/0293-07. Processo: 10166.746.446/2021-88.
46,Ordinária,Ministério da Fazenda/Secretaria Especial da Receita Federal do Brasil/Subsecretaria-Geral da Receita Federal do Brasil/Superintendência Regional da Receita Federal do Brasil 4ª Região Fiscal/Delegacia da Receita Federal do Brasil em Recife,2024-02-16,"ATO DECLARATÓRIO EXECUTIVO Nº 5, DE 15 DE FEVEREIRO 2024",http://pesquisa.in.gov.br/imprensa/jsp/visualiza/index.jsp?data=16/02/2024&jornal=515&pagina=36,Autoriza o fornecimento de selos de controle de bebidas para importação.
47,Ordinária,Ministério da Fazenda/Secretaria Especial da Receita Federal do Brasil/Subsecretaria-Geral da Receita Federal do Brasil/Superintendência Regional da Receita Federal do Brasil 2ª Região Fiscal/Delegacia da Receita Federal do Brasil em Belém,2024-02-16,"ATO DECLARATÓRIO EXECUTIVO DRF/BEL Nº 2, DE 7 DE FEVEREIRO DE 2024",http://pesquisa.in.gov.br/imprensa/jsp/visualiza/index.jsp?data=16/02/2024&jornal=515&pagina=36,Defere renovação de Registro Especial - Papel Imune. Contribuinte: SUZANO S.A. CNPJ 16.404.287/0293-07. Processo: 10166.746.446/2021-88.
48,Ordinária,Ministério da Fazenda/Secretaria Especial da Receita Federal do Brasil/Subsecretaria-Geral da Receita Federal do Brasil/Superintendência Regional da Receita Federal do Brasil 7ª Região Fiscal/Delegacia de Fiscalização de Comércio Exterior da Receita Federal do Brasil no Rio de Janeiro,2024-02-16,"ATO DECLARATÓRIO EXECUTIVO DECEX/RJO Nº 22, DE 9 DE FEVEREIRO DE 2024",http://pesquisa.in.gov.br/imprensa/jsp/visualiza/index.jsp?data=16/02/2024&jornal=515&pagina=37,"Declara habilitada ao regime aduaneiro especial de utilização econômica destinado a bens a serem utilizados nas atividades de exploração, desenvolvimento e produção de petróleo e de gás natural - Repetro, na modalidade Repetro-Sped, a pessoa jurídica que menciona."
49,Ordinária,Ministério da Fazenda/Secretaria Especial da Receita Federal do Brasil/Subsecretaria-Geral da Receita Federal do Brasil/Superintendência Regional da Receita Federal do Brasil 8ª Região Fiscal,2024-02-16,"ATO DECLARATÓRIO EXECUTIVO SRRF08 Nº 4, DE 14 DE FEVEREIRO DE 2024",http://pesquisa.in.gov.br/imprensa/jsp/visualiza/index.jsp?data=16/02/2024&jornal=515&pagina=37,"Altera o artigo 1º do Ato Declaratório Executivo SRRF08 nº 15/2023, que alfandega a Instalação Portuária de Uso Público que menciona"
50,Ordinária,Ministério da Fazenda/Secretaria Especial da Receita Federal do Brasil/Subsecretaria-Geral da Receita Federal do Brasil/Superintendência Regional da Receita Federal do Brasil 7ª Região Fiscal/Delegacia da Receita Federal do Brasil em Vitória,2024-02-16,"ATO DECLARATÓRIO EXECUTIVO DRF/VIT/ES Nº 1, DE 15 DE FEVEREIRO DE 2024",http://pesquisa.in.gov.br/imprensa/jsp/visualiza/index.jsp?data=16/02/2024&jornal=515&pagina=37,Concede Registro Especial como Produtor de Bebidas Alcoólicas.
51,Ordinária,Ministério da Fazenda/Secretaria Especial da Receita Federal do Brasil/Subsecretaria-Geral da Receita Federal do Brasil/Superintendência Regional da Receita Federal do Brasil 8ª Região Fiscal/Delegacia da Receita Federal do Brasil em Sorocaba,2024-02-16,"ATO DECLARATÓRIO EXECUTIVO EQBEN/DELEBEN/SRRF08ª/RFB Nº 185,DE 15 DE FEVEREIRO DE 2024",http://pesquisa.in.gov.br/imprensa/jsp/visualiza/index.jsp?data=16/02/2024&jornal=515&pagina=37,Concede habilitação ao Regime Especial de Incentivos para o Desenvolvimento da Infraestrutura (REIDI) à pessoa jurídica que menciona.
52,Ordinária,Ministério da Fazenda/Secretaria Especial da Receita Federal do Brasil/Subsecretaria-Geral da Receita Federal do Brasil/Superintendência Regional da Receita Federal do Brasil 8ª Região Fiscal/Delegacia da Receita Federal do Brasil em Sorocaba,2024-02-16,"ATO DECLARATÓRIO EXECUTIVO REGESP/DEFIS/SRRF08ª/RFB Nº 184, | DE 15 DE FEVEREIRO DE 2024",http://pesquisa.in.gov.br/imprensa/jsp/visualiza/index.jsp?data=16/02/2024&jornal=515&pagina=37,"Cancela, a pedido, o Registro Especial de Controle de Papel Imune - Regpi"
53,Ordinária,Ministério da Fazenda/Secretaria Especial da Receita Federal do Brasil/Subsecretaria-Geral da Receita Federal do Brasil/Superintendência Regional da Receita Federal do Brasil 8ª Região Fiscal,2024-02-16,RETIFICAÇÃO,http://pesquisa.in.gov.br/imprensa/jsp/visualiza/index.jsp?data=16/02/2024&jornal=515&pagina=37,
54,Ordinária,Ministério da Fazenda/Secretaria Especial da Receita Federal do Brasil/Subsecretaria-Geral da Receita Federal do Brasil/Superintendência Regional da Receita Federal do Brasil 6ª Região Fiscal/Alfândega da Receita Federal do Brasil em Belo Horizonte,2024-02-16,"ATO DECLARATÓRIO EXECUTIVO EQOEA/ALF-BHE/SRRF06 Nº 1, | DE 15 DE FEVEREIRO DE 2024",http://pesquisa.in.gov.br/imprensa/jsp/visualiza/index.jsp?data=16/02/2024&jornal=515&pagina=37,Certifica como Operador Econômico Autorizado a empresa que especifica.
55,Ordinária,Ministério da Fazenda/Secretaria Especial da Receita Federal do Brasil/Subsecretaria-Geral da Receita Federal do Brasil/Superintendência Regional da Receita Federal do Brasil 7ª Região Fiscal/Delegacia de Fiscalização de Comércio Exterior da Receita Federal do Brasil no Rio de Janeiro,2024-02-16,"ATO DECLARATÓRIO EXECUTIVO DECEX Nº 21, DE 9 DE FEVEREIRO DE 2024",http://pesquisa.in.gov.br/imprensa/jsp/visualiza/index.jsp?data=16/02/2024&jornal=515&pagina=37,"Declara habilitada ao regime aduaneiro especial de utilização econômica destinado a bens a serem utilizados nas atividades de exploração, desenvolvimento e produção de petróleo e de gás natural (Repetro), na modalidade Repetro-Sped, a pessoa jurídica que menciona."
56,Ordinária,Ministério da Fazenda/Secretaria Especial da Receita Federal do Brasil/Subsecretaria-Geral da Receita Federal do Brasil/Superintendência Regional da Receita Federal do Brasil 7ª Região Fiscal/Delegacia da Receita Federal do Brasil em Vitória,2024-02-16,"ATO DECLARATÓRIO EXECUTIVO DRF/VIT-ES Nº 9, DE 27 DE DEZEMBRO DE 2023 | ATO DECLARATÓRIO EXECUTIVO DRF/VIT-ES Nº 10, DE 27 DE DEZEMBRO DE 2023",http://pesquisa.in.gov.br/imprensa/jsp/visualiza/index.jsp?data=16/02/2024&jornal=515&pagina=37,Concede Registro Especial como Produtor de Bebidas Alcoólicas. | Concede Registro Especial como Engarrafador de Bebidas Alcoólicas.
57,Ordinária,Ministério da Fazenda/Secretaria Especial da Receita Federal do Brasil/Subsecretaria-Geral da Receita Federal do Brasil/Superintendência Regional da Receita Federal do Brasil 8ª Região Fiscal/Delegacia da Receita Federal do Brasil em Sorocaba,2024-02-16,"ATO DECLARATÓRIO EXECUTIVO EQBEN/DELEBEN/SRRF08ª/RFB Nº 203, DE 15 DE FEVEREIRO DE 2024",http://pesquisa.in.gov.br/imprensa/jsp/visualiza/index.jsp?data=16/02/2024&jornal=515&pagina=38,"Concede Habilitação ao Regime de Suspensão da Contribuição para o PIS/PASEP e da COFINS incidentes sobre as matérias-primas, produtos intermediários e materiais de embalagem adquiridos por pessoa jurídica preponderantemente exportadora de que trata o artigo 40, da Lei Nº 10.855, de 30 de abril de 2004."
58,Ordinária,Ministério da Fazenda/Secretaria Especial da Receita Federal do Brasil/Subsecretaria-Geral da Receita Federal do Brasil/Superintendência Regional da Receita Federal do Brasil 8ª Região Fiscal/Delegacia da Receita Federal do Brasil em Sorocaba,2024-02-16,"ATO DECLARATÓRIO EXECUTIVO EQBEN/DELEBEN/SRRF08ª/RFB Nº 186, DE 15 DE FEVEREIRO DE 2024",http://pesquisa.in.gov.br/imprensa/jsp/visualiza/index.jsp?data=16/02/2024&jornal=515&pagina=38,"Concede, à pessoa jurídica que menciona, CANCELAMENTO DE HABILITAÇÃO para operar no Regime Especial de Incentivos para o Desenvolvimento da Infraestrutura (REIDI) de que trata a Instrução Normativa RFB nº 2.121/2022."
59,Ordinária,"Ministério da Fazenda/Secretaria Especial da Receita Federal do Brasil/Subsecretaria-Geral da Receita Federal do Brasil/Superintendência Regional da Receita Federal do Brasil 9ª Região Fiscal/Alfândega da Receita Federal do Brasil em Curitiba/Seção de Controle de Intervenientes, Carga e Trânsito Aduaneiro",2024-02-16,"ATO DECLARATÓRIO EXECUTIVO ALF/CTA Nº 8, DE 15 DE FEVEREIRO DE 2024",http://pesquisa.in.gov.br/imprensa/jsp/visualiza/index.jsp?data=16/02/2024&jornal=515&pagina=38,Inclusão no Registro de Despachantes e de Ajudantes de Despachantes Aduaneiros
60,Ordinária,Ministério da Fazenda/Secretaria Especial da Receita Federal do Brasil/Subsecretaria-Geral da Receita Federal do Brasil/Superintendência Regional da Receita Federal do Brasil 8ª Região Fiscal/Delegacia da Receita Federal do Brasil em Sorocaba,2024-02-16,"ATO DECLARATÓRIO EXECUTIVO EQBEN/DELEBEN/SRRF08ª/RFB Nº 207, DE 15 DE FEVEREIRO DE 2024",http://pesquisa.in.gov.br/imprensa/jsp/visualiza/index.jsp?data=16/02/2024&jornal=515&pagina=38,Concede habilitação ao Regime Especial de Aquisição de Bens de Capital para Empresas Exportadoras (RECAP) à pessoa jurídica que menciona.
61,Ordinária,Ministério da Fazenda/Secretaria Especial da Receita Federal do Brasil/Subsecretaria-Geral da Receita Federal do Brasil/Superintendência Regional da Receita Federal do Brasil 10ª Região Fiscal/Alfândega da Receita Federal do Brasil no Porto de Rio Grande,2024-02-16,"PORTARIA ALF/RGE Nº 40, DE 15 DE FEVEREIRO DE 2024",http://pesquisa.in.gov.br/imprensa/jsp/visualiza/index.jsp?data=16/02/2024&jornal=515&pagina=38,"Estabelece normas para o ingresso, a permanência, a movimentação e a saída de pessoas, veículos, unidades de carga e mercadorias, no pátio da Inspetoria da Receita Federal do Brasil em Chuí-RS (IRF/CHU)."
62,Ordinária,Ministério da Fazenda/Secretaria Especial da Receita Federal do Brasil/Subsecretaria-Geral da Receita Federal do Brasil/Superintendência Regional da Receita Federal do Brasil 10ª Região Fiscal/Delegacia da Receita Federal do Brasil em Caxias do Sul,2024-02-16,"ATO DECLARATÓRIO EXECUTIVO DRF/CXL Nº 1, DE 14 DE FEVEREIRO DE 2024",http://pesquisa.in.gov.br/imprensa/jsp/visualiza/index.jsp?data=16/02/2024&jornal=515&pagina=39,"Altera o Ato Declaratório Executivo DRF/CXL nº 5, de 24 de MAIO de 2001, atualizando a relação de produtos constantes do Registro Especial de Bebidas nº 10106/060."
63,Ordinária,Ministério da Fazenda/Secretaria Especial da Receita Federal do Brasil/Subsecretaria-Geral da Receita Federal do Brasil/Superintendência Regional da Receita Federal do Brasil 10ª Região Fiscal/Delegacia da Receita Federal do Brasil em Caxias do Sul,2024-02-16,"ATO DECLARATÓRIO EXECUTIVO DRF/CXL Nº 2, DE 14 DE FEVEREIRO DE 2024",http://pesquisa.in.gov.br/imprensa/jsp/visualiza/index.jsp?data=16/02/2024&jornal=515&pagina=40,"Altera o ATO DECLARATÓRIO EXECUTIVO DRF/CXL Nº 02, DE 29 DE MAIO DE 2002, atualizando a relação de produtos constantes do Registro Especial de Bebidas nº 10106/025."
64,Ordinária,Ministério da Fazenda/Secretaria do Tesouro Nacional/Subsecretaria da Dívida Pública,2024-02-16,"PORTARIA STN/MF Nº 174, DE 6 DE FEVEREIRO DE 2024",http://pesquisa.in.gov.br/imprensa/jsp/visualiza/index.jsp?data=16/02/2024&jornal=515&pagina=41,
65,Ordinária,"Ministério da Fazenda/Superintendência de Seguros Privados/Diretoria Técnica 1/Coordenação-Geral de Regimes Especiais, Autorizações e Julgamentos",2024-02-16,"PORTARIA CGRAJ/SUSEP Nº 1.902, DE 14 de FEVEREIRO DE 2024",http://pesquisa.in.gov.br/imprensa/jsp/visualiza/index.jsp?data=16/02/2024&jornal=515&pagina=42,
66,Ordinária,"Ministério da Fazenda/Superintendência de Seguros Privados/Diretoria Técnica 2/Coordenação-Geral de Supervisão de Seguros Massificados, Pessoas e Previdência",2024-02-16,"INSTRUÇÃO NORMATIVA CGSUP/SUSEP Nº 5, DE 15 DE FEVEREIRO DE 2024",http://pesquisa.in.gov.br/imprensa/jsp/visualiza/index.jsp?data=16/02/2024&jornal=515&pagina=42,"Torna sem efeito a Instrução Normativa CGSUP/SUSEP nº 4, de 8 de fevereiro de 2024."
67,Ordinária,Ministério da Gestão e da Inovação em Serviços Públicos/Secretaria do Patrimônio da União/Superintendência em Santa Catarina,2024-02-16,"PORTARIA SPU-SC/MGI Nº 784, DE 9 DE FEVEREIRO DE 2024",http://pesquisa.in.gov.br/imprensa/jsp/visualiza/index.jsp?data=16/02/2024&jornal=515&pagina=42,
68,Ordinária,Ministério da Integração e do Desenvolvimento Regional/Secretaria Nacional de Proteção e Defesa Civil,2024-02-16,"PORTARIA Nº 523, DE 9 DE FEVEREIRO DE 2024",http://pesquisa.in.gov.br/imprensa/jsp/visualiza/index.jsp?data=16/02/2024&jornal=515&pagina=43,
69,Ordinária,Ministério da Integração e do Desenvolvimento Regional/Secretaria Nacional de Proteção e Defesa Civil,2024-02-16,"PORTARIA Nº 531, DE 9 DE FEVEREIRO DE 2024",http://pesquisa.in.gov.br/imprensa/jsp/visualiza/index.jsp?data=16/02/2024&jornal=515&pagina=43,
70,Ordinária,Ministério da Integração e do Desenvolvimento Regional/Secretaria Nacional de Proteção e Defesa Civil,2024-02-16,"PORTARIA Nº 532, DE 9 DE FEVEREIRO DE 2024",http://pesquisa.in.gov.br/imprensa/jsp/visualiza/index.jsp?data=16/02/2024&jornal=515&pagina=43,
71,Ordinária,Ministério da Integração e do Desenvolvimento Regional/Agência Nacional de Águas e Saneamento Básico/Diretoria Colegiada/Área de Regulação de Usos/Superintendência de Regulação de Usos de Recursos Hídricos,2024-02-16,ATOS DE 9 DE FEVEREIRO DE 2024,http://pesquisa.in.gov.br/imprensa/jsp/visualiza/index.jsp?data=16/02/2024&jornal=515&pagina=45,
72,Ordinária,Ministério da Integração e do Desenvolvimento Regional/Agência Nacional de Águas e Saneamento Básico/Diretoria Colegiada/Área de Regulação de Usos/Superintendência de Regulação de Usos de Recursos Hídricos,2024-02-16,"ATO Nº 299, DE 9 DE FEVEREIRO DE 2024",http://pesquisa.in.gov.br/imprensa/jsp/visualiza/index.jsp?data=16/02/2024&jornal=515&pagina=45,
73,Ordinária,Ministério da Justiça e Segurança Pública/Secretaria Nacional de Justiça/Departamento de Migrações/Coordenação-Geral de Imigração Laboral,2024-02-16,"PORTARIA UPE-TERMINOS/CGIL-GAB/GAB-DEMIG/DEMIG/SENAJUS/MJSP Nº 64, | DE 15 DE FEVEREIRO DE 2024 | PORTARIA UPE-TERMINOS/CGIL-GAB/GAB-DEMIG/DEMIG/SENAJUS/MJSP Nº 65, DE 15 DE FEVEREIRO DE 2024 | PORTARIA UPE-TERMINOS/CGIL-GAB/GAB-DEMIG/DEMIG/SENAJUS/MJSP Nº 66, DE 15 DE FEVEREIRO DE 2024 | PORTARIA UPE-TERMINOS/CGIL-GAB/GAB-DEMIG/DEMIG/SENAJUS/MJSP Nº 67, DE 15 DE FEVEREIRO DE 2024 | PORTARIA UPE-TERMINOS/CGIL-GAB/GAB-DEMIG/DEMIG/SENAJUS/MJSP Nº 68, DE 15 DE FEVEREIRO DE 2024 | PORTARIA UPE-TERMINOS/CGIL-GAB/GAB-DEMIG/DEMIG/SENAJUS/MJSP Nº 69, DE 15 DE FEVEREIRO DE 2024 | PORTARIA UPE-TERMINOS/CGIL-GAB/GAB-DEMIG/DEMIG/SENAJUS/MJSP Nº 70, DE 15 DE FEVEREIRO DE 2024 | PORTARIA UPE-TERMINOS/CGIL-GAB/GAB-DEMIG/DEMIG/SENAJUS/MJSP Nº 71, DE 15 DE FEVEREIRO DE 2024",http://pesquisa.in.gov.br/imprensa/jsp/visualiza/index.jsp?data=16/02/2024&jornal=515&pagina=46,
74,Ordinária,Ministério da Justiça e Segurança Pública/Polícia Federal/Diretoria de Polícia Administrativa/Coordenação-Geral de Controle de Serviços e Produtos,2024-02-16,"PORTARIA Nº 3.027, DE 14 DE DEZEMBRO DE 2023",http://pesquisa.in.gov.br/imprensa/jsp/visualiza/index.jsp?data=16/02/2024&jornal=515&pagina=46,
75,Ordinária,Ministério da Justiça e Segurança Pública/Polícia Federal/Diretoria de Polícia Administrativa/Coordenação-Geral de Controle de Serviços e Produtos,2024-02-16,"PORTARIA Nº 3.028, DE 15 DE DEZEMBRO DE 2023",http://pesquisa.in.gov.br/imprensa/jsp/visualiza/index.jsp?data=16/02/2024&jornal=515&pagina=46,
76,Ordinária,Ministério da Justiça e Segurança Pública/Polícia Federal/Diretoria de Polícia Administrativa/Coordenação-Geral de Controle de Serviços e Produtos,2024-02-16,"PORTARIA Nº 2.264, DE 25 DE SETEMBRO DE 2023",http://pesquisa.in.gov.br/imprensa/jsp/visualiza/index.jsp?data=16/02/2024&jornal=515&pagina=46,
77,Ordinária,Ministério da Justiça e Segurança Pública/Polícia Federal/Diretoria de Polícia Administrativa/Coordenação-Geral de Controle de Serviços e Produtos,2024-02-16,"PORTARIA Nº 1.877, DE 10 DE AGOSTO DE 2023",http://pesquisa.in.gov.br/imprensa/jsp/visualiza/index.jsp?data=16/02/2024&jornal=515&pagina=46,
78,Ordinária,Ministério da Justiça e Segurança Pública/Polícia Federal/Diretoria de Polícia Administrativa/Coordenação-Geral de Controle de Serviços e Produtos,2024-02-16,"PORTARIA Nº 2.331, DE 25 DE SETEMBRO DE 2023",http://pesquisa.in.gov.br/imprensa/jsp/visualiza/index.jsp?data=16/02/2024&jornal=515&pagina=46,
79,Ordinária,Ministério da Justiça e Segurança Pública/Polícia Federal/Diretoria de Polícia Administrativa/Coordenação-Geral de Controle de Serviços e Produtos,2024-02-16,"PORTARIA Nº 2.278, DE 25 DE SETEMBRO DE 2023",http://pesquisa.in.gov.br/imprensa/jsp/visualiza/index.jsp?data=16/02/2024&jornal=515&pagina=46,
80,Ordinária,Ministério da Justiça e Segurança Pública/Polícia Federal/Diretoria de Polícia Administrativa/Coordenação-Geral de Controle de Serviços e Produtos,2024-02-16,"PORTARIA Nº 196, DE 16 DE FEVEREIRO DE 2023",http://pesquisa.in.gov.br/imprensa/jsp/visualiza/index.jsp?data=16/02/2024&jornal=515&pagina=46,
81,Ordinária,Ministério da Justiça e Segurança Pública/Polícia Federal/Diretoria de Polícia Administrativa/Coordenação-Geral de Controle de Serviços e Produtos,2024-02-16,"PORTARIA Nº 2.270, DE 25 DE SETEMBRO DE 2023",http://pesquisa.in.gov.br/imprensa/jsp/visualiza/index.jsp?data=16/02/2024&jornal=515&pagina=46,
82,Ordinária,Ministério da Justiça e Segurança Pública/Secretaria Nacional de Justiça/Departamento de Migrações/Coordenação-Geral de Imigração Laboral,2024-02-16,"PORTARIA UPE-TERMINOS/CGIL-GAB/GAB-DEMIG/DEMIG/SENAJUS/MJSP Nº 73, DE 15 DE FEVEREIRO DE 2024 | PORTARIA UPE-TERMINOS/CGIL-GAB/GAB-DEMIG/DEMIG/SENAJUS/MJSP Nº 74, DE 15 DE FEVEREIRO DE 2024",http://pesquisa.in.gov.br/imprensa/jsp/visualiza/index.jsp?data=16/02/2024&jornal=515&pagina=47,
83,Ordinária,Ministério da Justiça e Segurança Pública/Secretaria Nacional de Justiça/Departamento de Migrações/Coordenação-Geral de Política Migratória/Coordenação de Processos Migratórios,2024-02-16,"PORTARIA Nº 3.214, DE 14 DE FEVEREIRO DE 2024",http://pesquisa.in.gov.br/imprensa/jsp/visualiza/index.jsp?data=16/02/2024&jornal=515&pagina=47,
84,Ordinária,Ministério da Justiça e Segurança Pública/Secretaria Nacional de Justiça/Departamento de Migrações/Coordenação-Geral de Política Migratória/Coordenação de Processos Migratórios,2024-02-16,"PORTARIA Nº 3.215, DE 15 DE FEVEREIRO DE 2024 | PORTARIA Nº 3.216, DE 15 DE FEVEREIRO DE 2024 | PORTARIA Nº 3.217, DE 15 DE FEVEREIRO DE 2024",http://pesquisa.in.gov.br/imprensa/jsp/visualiza/index.jsp?data=16/02/2024&jornal=515&pagina=47,
85,Ordinária,Ministério da Justiça e Segurança Pública/Secretaria Nacional de Justiça/Departamento de Migrações/Coordenação-Geral de Política Migratória/Coordenação de Processos Migratórios,2024-02-16,DESPACHOS DE 15 DE FEVEREIRO DE 2024,http://pesquisa.in.gov.br/imprensa/jsp/visualiza/index.jsp?data=16/02/2024&jornal=515&pagina=48,
86,Ordinária,Ministério da Justiça e Segurança Pública/Secretaria Nacional de Justiça/Departamento de Migrações/Coordenação-Geral de Política Migratória/Coordenação de Processos Migratórios/Divisão de Naturalização,2024-02-16,DESPACHOS,http://pesquisa.in.gov.br/imprensa/jsp/visualiza/index.jsp?data=16/02/2024&jornal=515&pagina=49,
87,Ordinária,Ministério da Justiça e Segurança Pública/Secretaria Nacional de Justiça/Coordenação de Política de Classificação Indicativa,2024-02-16,"PORTARIA CPCIND/SENAJUS/MJSP Nº 361, DE 15 DE FEVEREIRO DE 2024 | PORTARIA CPCIND/SENAJUS/MJSP Nº 362, DE 15 DE FEVEREIRO DE 2024 | PORTARIA CPCIND/SENAJUS/MJSP Nº 364, DE 15 DE FEVEREIRO DE 2024 | PORTARIA CPCIND/SENAJUS/MJSP Nº 365, DE 15 DE FEVEREIRO DE 2024 | PORTARIA CPCIND/SENAJUS/MJSP Nº 366, DE 15 DE FEVEREIRO DE 2024 | PORTARIA CPCIND/SENAJUS/MJSP Nº 367, DE 15 DE FEVEREIRO DE 2024 | PORTARIA CPCIND/SENAJUS/MJSP Nº 368, DE 15 DE FEVEREIRO DE 2024 | PORTARIA CPCIND/SENAJUS/MJSP Nº 369, DE 15 DE FEVEREIRO DE 2024 | PORTARIA CPCIND/SENAJUS/MJSP Nº 370, DE 15 DE FEVEREIRO DE 2024 | PORTARIA CPCIND/SENAJUS/MJSP Nº 371, DE 15 DE FEVEREIRO DE 2024 | PORTARIA CPCIND/SENAJUS/MJSP Nº 373, DE 15 DE FEVEREIRO DE 2024 | PORTARIA CPCIND/SENAJUS/MJSP Nº 374, DE 15 DE FEVEREIRO DE 2024 | PORTARIA CPCIND/SENAJUS/MJSP Nº 375, DE 15 DE FEVEREIRO DE 2024 | PORTARIA CPCIND/SENAJUS/MJSP Nº 377, DE 15 DE FEVEREIRO DE 2024 | PORTARIA CPCIND/SENAJUS/MJSP Nº 378, DE 15 DE FEVEREIRO DE 2024 | PORTARIA CPCIND/SENAJUS/MJSP Nº 379, DE 15 DE FEVEREIRO DE 2024",http://pesquisa.in.gov.br/imprensa/jsp/visualiza/index.jsp?data=16/02/2024&jornal=515&pagina=50,
88,Ordinária,Ministério do Meio Ambiente e Mudança do Clima/Instituto Chico Mendes de Conservação da Biodiversidade,2024-02-16,"INSTRUÇÃO NORMATIVA Nº 4/GABIN/ICMBIO, DE 15 DE FEVEREIRO DE 2024",http://pesquisa.in.gov.br/imprensa/jsp/visualiza/index.jsp?data=16/02/2024&jornal=515&pagina=52,"Disciplina, no âmbito do Instituto Chico Mendes de Conservação da Biodiversidade, as normas e os procedimentos relativos à gestão dos contratos de concessão de serviços de apoio à visitação em Unidades de Conservação federais (processo nº 02070.014949/2023-93)."
89,Ordinária,"Ministério de Minas e Energia/Agência Nacional de Energia Elétrica/Superintendência de Concessões,  Permissões e Autorizações dos Serviços de Energia Elétrica",2024-02-16,RETIFICAÇÃO,http://pesquisa.in.gov.br/imprensa/jsp/visualiza/index.jsp?data=16/02/2024&jornal=515&pagina=55,
90,Ordinária,"Ministério de Minas e Energia/Agência Nacional de Energia Elétrica/Superintendência de Concessões,  Permissões e Autorizações dos Serviços de Energia Elétrica",2024-02-16,RETIFICAÇÃO,http://pesquisa.in.gov.br/imprensa/jsp/visualiza/index.jsp?data=16/02/2024&jornal=515&pagina=55,
91,Ordinária,Ministério de Minas e Energia/Secretaria Nacional de Transição Energética e Planejamento,2024-02-16,RETIFICAÇÃO,http://pesquisa.in.gov.br/imprensa/jsp/visualiza/index.jsp?data=16/02/2024&jornal=515&pagina=55,
92,Ordinária,Ministério de Minas e Energia/Agência Nacional de Energia Elétrica/Diretoria Colegiada,2024-02-16,RETIFICAÇÃO,http://pesquisa.in.gov.br/imprensa/jsp/visualiza/index.jsp?data=16/02/2024&jornal=515&pagina=55,
93,Ordinária,"Ministério de Minas e Energia/Agência Nacional de Energia Elétrica/Superintendência de Concessões,  Permissões e Autorizações dos Serviços de Energia Elétrica/Gerência de Outorgas de Geração de Energia Elétrica/Coordenação de Autorizações de Empreendimentos de Geração e de Agentes  Comercializadores de Energia",2024-02-16,"DESPACHO Nº 420, DE 14 DE FEVEREIRO DE 2024",http://pesquisa.in.gov.br/imprensa/jsp/visualiza/index.jsp?data=16/02/2024&jornal=515&pagina=55,
94,Ordinária,Ministério de Minas e Energia/Gabinete do Ministro,2024-02-16,"PORTARIA Nº 770/GM/MME, DE 15 DE FEVEREIRO DE 2024",http://pesquisa.in.gov.br/imprensa/jsp/visualiza/index.jsp?data=16/02/2024&jornal=515&pagina=55,
95,Ordinária,"Ministério de Minas e Energia/Agência Nacional de Energia Elétrica/Superintendência de Concessões,  Permissões e Autorizações dos Serviços de Energia Elétrica/Gerência de Outorgas de Geração de Energia Elétrica/Coordenação de Autorizações de Empreendimentos de Geração e de Agentes  Comercializadores de Energia",2024-02-16,"DESPACHO Nº 419, DE 14 DE FEVEREIRO DE 2024",http://pesquisa.in.gov.br/imprensa/jsp/visualiza/index.jsp?data=16/02/2024&jornal=515&pagina=55,
96,Ordinária,"Ministério de Minas e Energia/Agência Nacional de Energia Elétrica/Superintendência de Concessões,  Permissões e Autorizações dos Serviços de Energia Elétrica/Gerência de Outorgas de Geração de Energia Elétrica/Coordenação de Autorizações de Empreendimentos de Geração e de Agentes  Comercializadores de Energia",2024-02-16,"DESPACHO Nº 402, DE 9 DE FEVEREIRO DE 2024",http://pesquisa.in.gov.br/imprensa/jsp/visualiza/index.jsp?data=16/02/2024&jornal=515&pagina=55,
97,Ordinária,"Ministério de Minas e Energia/Agência Nacional de Energia Elétrica/Superintendência de Fiscalização Econômica, Financeira e de Mercado",2024-02-16,"DESPACHO Nº 400, DE 8 DE FEVEREIRO DE 2024",http://pesquisa.in.gov.br/imprensa/jsp/visualiza/index.jsp?data=16/02/2024&jornal=515&pagina=55,
98,Ordinária,Ministério de Minas e Energia/Agência Nacional de Energia Elétrica/Superintendência de Regulação dos Serviços de Transmissão e Distribuição de Energia Elétrica,2024-02-16,"DESPACHO Nº 410, DE 9 DE FEVEREIRO DE 2024",http://pesquisa.in.gov.br/imprensa/jsp/visualiza/index.jsp?data=16/02/2024&jornal=515&pagina=56,
99,Ordinária,Ministério de Minas e Energia/Agência Nacional de Energia Elétrica/Superintendência de Fiscalização Técnica dos Serviços de Energia Elétrica/Gerência de Fiscalização da Geração,2024-02-16,"DESPACHO Nº 451, DE 15 DE FEVEREIRO DE 2024",http://pesquisa.in.gov.br/imprensa/jsp/visualiza/index.jsp?data=16/02/2024&jornal=515&pagina=56,
100,Ordinária,Ministério de Minas e Energia/Agência Nacional de Mineração/Gerência Regional da ANM no Estado de Minas Gerais,2024-02-16,Despacho,http://pesquisa.in.gov.br/imprensa/jsp/visualiza/index.jsp?data=16/02/2024&jornal=515&pagina=56,
101,Ordinária,Ministério de Minas e Energia/Agência Nacional de Energia Elétrica/Superintendência de Regulação dos Serviços de Transmissão e Distribuição de Energia Elétrica,2024-02-16,"DESPACHO Nº 409, DE 9 DE FEVEREIRO DE 2024",http://pesquisa.in.gov.br/imprensa/jsp/visualiza/index.jsp?data=16/02/2024&jornal=515&pagina=56,
102,Ordinária,Ministério de Minas e Energia/Agência Nacional de Mineração/Gerência Regional da ANM no Estado do Pará,2024-02-16,Despacho,http://pesquisa.in.gov.br/imprensa/jsp/visualiza/index.jsp?data=16/02/2024&jornal=515&pagina=57,
103,Ordinária,"Ministério de Minas e Energia/Agência Nacional do Petróleo, Gás Natural e Biocombustíveis/Diretoria II/Superintendência de Distribuição e Logística",2024-02-16,"AUTORIZAÇÃO SDL-ANP Nº 86, de 15 de fevereiro de 2024",http://pesquisa.in.gov.br/imprensa/jsp/visualiza/index.jsp?data=16/02/2024&jornal=515&pagina=58,
104,Ordinária,"Ministério de Minas e Energia/Agência Nacional do Petróleo, Gás Natural e Biocombustíveis/Diretoria II/Superintendência de Distribuição e Logística",2024-02-16,"AUTORIZAÇÃO SDL-ANP Nº 89, de 15 de fevereiro de 2024",http://pesquisa.in.gov.br/imprensa/jsp/visualiza/index.jsp?data=16/02/2024&jornal=515&pagina=58,
105,Ordinária,"Ministério de Minas e Energia/Agência Nacional do Petróleo, Gás Natural e Biocombustíveis/Diretoria II/Superintendência de Distribuição e Logística",2024-02-16,"AUTORIZAÇÃO SDL-ANP Nº 88, de 15 de fevereiro de 2024",http://pesquisa.in.gov.br/imprensa/jsp/visualiza/index.jsp?data=16/02/2024&jornal=515&pagina=58,
106,Ordinária,"Ministério de Minas e Energia/Agência Nacional do Petróleo, Gás Natural e Biocombustíveis/Diretoria II/Superintendência de Distribuição e Logística",2024-02-16,"AUTORIZAÇÃO SDL-ANP Nº 87, de 15 de fevereiro de 2024",http://pesquisa.in.gov.br/imprensa/jsp/visualiza/index.jsp?data=16/02/2024&jornal=515&pagina=58,
107,Ordinária,"Ministério de Minas e Energia/Agência Nacional do Petróleo, Gás Natural e Biocombustíveis/Diretoria II/Superintendência de Distribuição e Logística",2024-02-16,"DESPACHO SDL-ANP Nº 157, DE 15 DE FEVEREIRO DE 2024",http://pesquisa.in.gov.br/imprensa/jsp/visualiza/index.jsp?data=16/02/2024&jornal=515&pagina=59,
108,Ordinária,"Ministério de Minas e Energia/Agência Nacional do Petróleo, Gás Natural e Biocombustíveis/Diretoria II/Superintendência de Distribuição e Logística",2024-02-16,"DESPACHO SDL-ANP Nº 155, DE 15 DE FEVEREIRO DE 2024",http://pesquisa.in.gov.br/imprensa/jsp/visualiza/index.jsp?data=16/02/2024&jornal=515&pagina=59,
109,Ordinária,"Ministério de Minas e Energia/Agência Nacional do Petróleo, Gás Natural e Biocombustíveis/Diretoria II/Superintendência de Distribuição e Logística",2024-02-16,"AUTORIZAÇÃO SDL-ANP Nº 91, de 15 de fevereiro de 2024",http://pesquisa.in.gov.br/imprensa/jsp/visualiza/index.jsp?data=16/02/2024&jornal=515&pagina=59,
110,Ordinária,Ministério das Mulheres/Gabinete da Ministra,2024-02-16,"PORTARIA Nº 24, DE 9 DE FEVEREIRO DE 2024",http://pesquisa.in.gov.br/imprensa/jsp/visualiza/index.jsp?data=16/02/2024&jornal=515&pagina=59,Cria a Revista do Observatório Brasil da Igualdade de Gênero e o respectivo Conselho Editorial.
111,Ordinária,Ministério do Planejamento e Orçamento/Gabinete da Ministra,2024-02-16,"PORTARIA GM/MPO Nº 39, DE 15 DE FEVEREIRO DE 2024",http://pesquisa.in.gov.br/imprensa/jsp/visualiza/index.jsp?data=16/02/2024&jornal=515&pagina=59,"Transfere dotações orçamentárias constantes do Orçamento Fiscal da União, do Ministério do Desenvolvimento, Indústria, Comércio e Serviços para o Ministério do Empreendedorismo, da Microempresa e da Empresa de Pequeno Porte, no valor de R$ 60.347.623,00."
112,Ordinária,"Ministério de Minas e Energia/Agência Nacional do Petróleo, Gás Natural e Biocombustíveis/Diretoria II/Superintendência de Distribuição e Logística",2024-02-16,"DESPACHO SDL-ANP Nº 156, DE 15 DE FEVEREIRO DE 2024",http://pesquisa.in.gov.br/imprensa/jsp/visualiza/index.jsp?data=16/02/2024&jornal=515&pagina=59,
113,Ordinária,"Ministério de Minas e Energia/Agência Nacional do Petróleo, Gás Natural e Biocombustíveis/Diretoria II/Superintendência de Distribuição e Logística",2024-02-16,"AUTORIZAÇÃO SDL-ANP Nº 90, de 15 de fevereiro de 2024",http://pesquisa.in.gov.br/imprensa/jsp/visualiza/index.jsp?data=16/02/2024&jornal=515&pagina=59,
114,Ordinária,"Ministério de Minas e Energia/Agência Nacional do Petróleo, Gás Natural e Biocombustíveis/Diretoria II/Superintendência de Distribuição e Logística",2024-02-16,"AUTORIZAÇÃO SDL-ANP Nº 92, de 15 de fevereiro de 2024",http://pesquisa.in.gov.br/imprensa/jsp/visualiza/index.jsp?data=16/02/2024&jornal=515&pagina=59,
115,Ordinária,Ministério de Portos e Aeroportos/Agência Nacional de Aviação Civil/Superintendência de Infraestrutura Aeroportuária/Gerência de Certificação e Segurança Operacional,2024-02-16,"PORTARIA Nº 13.822, DE 6 DE FEVEREIRO DE 2024",http://pesquisa.in.gov.br/imprensa/jsp/visualiza/index.jsp?data=16/02/2024&jornal=515&pagina=61,
116,Ordinária,Ministério da Previdência Social/Superintendência Nacional de Previdência Complementar/Diretoria de Licenciamento,2024-02-16,"Portaria Previc Nº 87, DE 6 DE fevereiro DE 2024",http://pesquisa.in.gov.br/imprensa/jsp/visualiza/index.jsp?data=16/02/2024&jornal=515&pagina=61,
117,Ordinária,Ministério da Previdência Social/Superintendência Nacional de Previdência Complementar/Diretoria de Licenciamento,2024-02-16,"Portaria Previc Nº 86, DE 5 DE fevereiro DE 2024",http://pesquisa.in.gov.br/imprensa/jsp/visualiza/index.jsp?data=16/02/2024&jornal=515&pagina=61,
118,Ordinária,Ministério de Portos e Aeroportos/Agência Nacional de Aviação Civil/Superintendência de Padrões Operacionais/Gerência de Certificação de Aeronavegabilidade Continuada,2024-02-16,"PORTARIA Nº 13.848, DE 10 DE FEVEREIRO DE 2024",http://pesquisa.in.gov.br/imprensa/jsp/visualiza/index.jsp?data=16/02/2024&jornal=515&pagina=61,
119,Ordinária,Ministério dos Povos Indígenas,2024-02-16,"PORTARIA MPI Nº 38, DE 15 DE FEVEREIRO DE 2024",http://pesquisa.in.gov.br/imprensa/jsp/visualiza/index.jsp?data=16/02/2024&jornal=515&pagina=61,"Institui o Comitê de Coordenação, Implementação e Monitoramento de Decisões Internacionais concernentes aos povos indígenas no âmbito do Ministério dos Povos Indígenas e de suas entidades vinculadas."
120,Ordinária,Ministério da Previdência Social/Superintendência Nacional de Previdência Complementar/Diretoria de Licenciamento,2024-02-16,"Portaria Previc Nº 97, DE 7 DE fevereiro DE 2024",http://pesquisa.in.gov.br/imprensa/jsp/visualiza/index.jsp?data=16/02/2024&jornal=515&pagina=62,
121,Ordinária,Ministério da Previdência Social/Superintendência Nacional de Previdência Complementar/Diretoria de Licenciamento,2024-02-16,"Portaria Previc Nº 98, DE 7 DE fevereiro DE 2024",http://pesquisa.in.gov.br/imprensa/jsp/visualiza/index.jsp?data=16/02/2024&jornal=515&pagina=62,
122,Ordinária,Ministério da Saúde/Gabinete da Ministra,2024-02-16,"PORTARIA GM/MS Nº 3.067, DE 15 DE FEVEREIRO DE 2024",http://pesquisa.in.gov.br/imprensa/jsp/visualiza/index.jsp?data=16/02/2024&jornal=515&pagina=63,"Credencia municípios ao recebimento dos incentivos financeiros federais de implantação e habilitação dos Serviços de Especialidades em Saúde Bucal- Sesb, no âmbito da Atenção Primária à Saúde."
123,Ordinária,Ministério da Saúde/Gabinete da Ministra,2024-02-16,"PORTARIA GM/MS Nº 3.141, DE 2 DE FEVEREIRO DE 2024",http://pesquisa.in.gov.br/imprensa/jsp/visualiza/index.jsp?data=16/02/2024&jornal=515&pagina=65,Credencia municípios a fazerem jus a transferência dos incentivos financeiros federais de custeio referentes às equipes Multiprofissionais - eMulti no âmbito da Atenção Primária à Saúde - APS.
124,Ordinária,Ministério da Saúde/Gabinete da Ministra,2024-02-16,"PORTARIA GM/MS Nº 3.149, DE 7 DE FEVEREIRO DE 2024",http://pesquisa.in.gov.br/imprensa/jsp/visualiza/index.jsp?data=16/02/2024&jornal=515&pagina=74,Aprova a adesão de entes federativos à Política Nacional de Atenção Integral à Saúde das Pessoas Privadas de Liberdade no Sistema Prisional (PNAISP) no âmbito do Sistema Único de Saúde (SUS).
125,Ordinária,Ministério da Saúde/Gabinete da Ministra,2024-02-16,"PORTARIA GM/MS Nº 3.153, DE 9 DE FEVEREIRO DE 2024",http://pesquisa.in.gov.br/imprensa/jsp/visualiza/index.jsp?data=16/02/2024&jornal=515&pagina=74,"Define e homologa os códigos referentes ao Cadastro Nacional de Estabelecimentos de Saúde - CNES do serviços da Atenção Primária à Saúde - APS credenciados e cadastrados no Sistema de Cadastro Nacional de Estabelecimentos de Saúde - SCNES, para fins da transferência dos incentivos de custeio federal, acompanhamento, monitoramento e avaliação."
126,Ordinária,Ministério da Saúde/Gabinete da Ministra,2024-02-16,"PORTARIA GM/MS Nº 3.164, DE 14 DE FEVEREIRO DE 2024",http://pesquisa.in.gov.br/imprensa/jsp/visualiza/index.jsp?data=16/02/2024&jornal=515&pagina=75,Realoca Função Comissionada Executiva - FCE do Quadro Demonstrativo dos Cargos em Comissão e das Funções de Confiança da Secretaria de Vigilância em Saúde e Ambiente do Ministério da Saúde.
127,Ordinária,Ministério da Saúde/Gabinete da Ministra,2024-02-16,"PORTARIA GM/MS Nº 3.169, DE 15 DE FEVEREIRO DE 2024",http://pesquisa.in.gov.br/imprensa/jsp/visualiza/index.jsp?data=16/02/2024&jornal=515&pagina=76,"Credencia municípios e Distrito Federal a fazerem jus a transferência dos incentivos financeiros federais de custeio referentes às equipes de Saúde Bucal - eSB, no âmbito da Atenção Primária à Saúde."
128,Ordinária,Ministério da Saúde/Gabinete da Ministra,2024-02-16,"PORTARIA GM/MS Nº 3.170, DE 15 DE FEVEREIRO DE 2024",http://pesquisa.in.gov.br/imprensa/jsp/visualiza/index.jsp?data=16/02/2024&jornal=515&pagina=79,"Credencia municípios a fazerem jus a transferência dos incentivos financeiros federais de custeio referentes às equipes de Saúde Bucal - eSB, no âmbito da Atenção Primária à Saúde."
129,Ordinária,Ministério da Saúde/Gabinete da Ministra,2024-02-16,"PORTARIA GM/MS Nº 3.171, DE 15 DE FEVEREIRO DE 2024",http://pesquisa.in.gov.br/imprensa/jsp/visualiza/index.jsp?data=16/02/2024&jornal=515&pagina=83,Credencia municípios a fazerem jus à transferência dos incentivos financeiros federais de custeio referente às Unidades Odontológicas Móveis - UOM no âmbito da Atenção Primária à Saúde.
130,Ordinária,Ministério da Saúde/Secretaria Executiva,2024-02-16,"PORTARIA GAB/SE Nº 314, DE 27 DE DEZEMBRO DE 2023",http://pesquisa.in.gov.br/imprensa/jsp/visualiza/index.jsp?data=16/02/2024&jornal=515&pagina=83,Dá publicidade ao resultado da análise de prestação de contas anual de projeto executado no âmbito do Programa Nacional de Apoio à Atenção da Saúde da Pessoa com Deficiência (Pronas/PCD).
131,Ordinária,Ministério da Saúde/Secretaria Executiva,2024-02-16,"PORTARIA SE/MS Nº 324, DE 8 DE JANEIRO DE 2024",http://pesquisa.in.gov.br/imprensa/jsp/visualiza/index.jsp?data=16/02/2024&jornal=515&pagina=83,Dá publicidade aos resultados das análises de prestações de contas anuais de projeto executado no âmbito do Programa Nacional de Apoio à Atenção Oncológica (Pronon).
132,Ordinária,Ministério da Saúde/Secretaria Executiva,2024-02-16,"PORTARIA SE/MS Nº 316, DE 8 DE JANEIRO DE 2024",http://pesquisa.in.gov.br/imprensa/jsp/visualiza/index.jsp?data=16/02/2024&jornal=515&pagina=83,Dá publicidade aos resultados das análises de prestações de contas anuais de projeto executado no âmbito do Programa Nacional de Apoio à Atenção Oncológica (Pronon).
133,Ordinária,Ministério da Saúde/Secretaria Executiva,2024-02-16,"CONSULTA PÚBLICA Nº 1, DE 8 DE FEVEREIRO DE 2024",http://pesquisa.in.gov.br/imprensa/jsp/visualiza/index.jsp?data=16/02/2024&jornal=515&pagina=83,
134,Ordinária,Ministério da Saúde/Secretaria Executiva,2024-02-16,"PORTARIA GAB/SE Nº 312, DE 26 DE DEZEMBRO DE 2023",http://pesquisa.in.gov.br/imprensa/jsp/visualiza/index.jsp?data=16/02/2024&jornal=515&pagina=83,Dá publicidade ao resultado da análise de prestação de contas anual de projeto executado no âmbito do Programa Nacional de Apoio à Atenção da Saúde da Pessoa com Deficiência (Pronas/PCD).
135,Ordinária,Ministério da Saúde/Secretaria Executiva,2024-02-16,"PORTARIA SE/MS Nº 328, DE 8 DE JANEIRO DE 2024",http://pesquisa.in.gov.br/imprensa/jsp/visualiza/index.jsp?data=16/02/2024&jornal=515&pagina=84,Dá publicidade ao resultado das análises das prestações de contas anuais de projeto executado no âmbito do Programa Nacional de Apoio à Atenção Oncológica (Pronon).
136,Ordinária,Ministério da Saúde/Secretaria de Atenção Especializada à Saúde,2024-02-16,"Portaria SAES/MS Nº 1.472, DE 9 DE fevereiro DE 2024",http://pesquisa.in.gov.br/imprensa/jsp/visualiza/index.jsp?data=16/02/2024&jornal=515&pagina=84,"Indefere a Renovação do CEBAS da Obra Social Nossa Senhora da Gloria - Fazenda da Esperança, com sede em Guaratinguetá (SP)."
137,Ordinária,Ministério da Saúde/Secretaria de Atenção Especializada à Saúde,2024-02-16,"Portaria SAES/MS Nº 1.470, DE 9 DE fevereiro DE 2024",http://pesquisa.in.gov.br/imprensa/jsp/visualiza/index.jsp?data=16/02/2024&jornal=515&pagina=84,"Indefere a Renovação do CEBAS da Associação Cultural e Científica Virvi Ramos, com sede em Caxias do Sul (RS)."
138,Ordinária,Ministério da Saúde/Secretaria de Atenção Especializada à Saúde,2024-02-16,"Portaria SAES/MS Nº 1.474, DE 9 DE fevereiro DE 2024",http://pesquisa.in.gov.br/imprensa/jsp/visualiza/index.jsp?data=16/02/2024&jornal=515&pagina=84,"Defere a Renovação do CEBAS da Santa Casa de Misericórdia de Pelotas, com sede em Pelotas (RS)."
139,Ordinária,Ministério da Saúde/Secretaria de Atenção Primária à Saúde,2024-02-16,"PORTARIA SAPS/MS Nº 10, DE 8 DE FEVEREIRO DE 2024",http://pesquisa.in.gov.br/imprensa/jsp/visualiza/index.jsp?data=16/02/2024&jornal=515&pagina=84,Divulga a lista dos nomes e respectivos Registros Únicos de médicos intercambistas (perfil II) do 31º ciclo do Projeto Mais Médicos para o Brasil.
140,Ordinária,"Ministério da Saúde/Secretaria de Ciência, Tecnologia e Inovação e do Complexo Econômico-Industrial da Saúde",2024-02-16,"Consulta Pública SECTICS/MS Nº 4, DE 14 DE FEVEREIRO DE 2024",http://pesquisa.in.gov.br/imprensa/jsp/visualiza/index.jsp?data=16/02/2024&jornal=515&pagina=122,
141,Ordinária,Ministério da Saúde/Agência Nacional de Vigilância Sanitária/4ª Diretoria/Gerência-Geral de Inspeção e Fiscalização Sanitária,2024-02-16,"RESOLUÇÃO-RE Nº 602, DE 15 DE FEVEREIRO DE 2024",http://pesquisa.in.gov.br/imprensa/jsp/visualiza/index.jsp?data=16/02/2024&jornal=515&pagina=122,
142,Ordinária,Ministério da Saúde/Agência Nacional de Vigilância Sanitária/4ª Diretoria/Gerência-Geral de Inspeção e Fiscalização Sanitária/Coordenação de Autorização de Funcionamento de Empresas,2024-02-16,"RESOLUÇÃO-RE Nº 591, DE 15 DE FEVEREIRO DE 2024",http://pesquisa.in.gov.br/imprensa/jsp/visualiza/index.jsp?data=16/02/2024&jornal=515&pagina=122,
143,Ordinária,Ministério da Saúde/Agência Nacional de Vigilância Sanitária/2ª Diretoria/Coordenação de Pesquisa Clínica em Medicamentos e Produtos Biológicos,2024-02-16,"RESOLUÇÃO-RE Nº 600, DE 15 DE FEVEREIRO DE 2024",http://pesquisa.in.gov.br/imprensa/jsp/visualiza/index.jsp?data=16/02/2024&jornal=515&pagina=122,
144,Ordinária,Ministério da Saúde/Agência Nacional de Vigilância Sanitária/2ª Diretoria/Coordenação de Pesquisa Clínica em Medicamentos e Produtos Biológicos,2024-02-16,"RESOLUÇÃO-RE Nº 599, DE 15 DE FEVEREIRO DE 2024",http://pesquisa.in.gov.br/imprensa/jsp/visualiza/index.jsp?data=16/02/2024&jornal=515&pagina=122,
145,Ordinária,Ministério da Saúde/Agência Nacional de Vigilância Sanitária/4ª Diretoria/Gerência-Geral de Inspeção e Fiscalização Sanitária/Coordenação de Autorização de Funcionamento de Empresas,2024-02-16,"RESOLUÇÃO-RE Nº 592, DE 15 DE FEVEREIRO DE 2024",http://pesquisa.in.gov.br/imprensa/jsp/visualiza/index.jsp?data=16/02/2024&jornal=515&pagina=123,
146,Ordinária,Ministério da Saúde/Agência Nacional de Vigilância Sanitária/4ª Diretoria/Gerência-Geral de Inspeção e Fiscalização Sanitária/Coordenação de Autorização de Funcionamento de Empresas,2024-02-16,"RESOLUÇÃO-RE Nº 593, DE 15 DE FEVEREIRO DE 2024",http://pesquisa.in.gov.br/imprensa/jsp/visualiza/index.jsp?data=16/02/2024&jornal=515&pagina=123,
147,Ordinária,Ministério da Saúde/Agência Nacional de Vigilância Sanitária/4ª Diretoria/Gerência-Geral de Inspeção e Fiscalização Sanitária/Coordenação de Autorização de Funcionamento de Empresas,2024-02-16,"RESOLUÇÃO-RE Nº 594, DE 15 DE FEVEREIRO DE 2024",http://pesquisa.in.gov.br/imprensa/jsp/visualiza/index.jsp?data=16/02/2024&jornal=515&pagina=123,
148,Ordinária,Ministério da Saúde/Agência Nacional de Vigilância Sanitária/4ª Diretoria/Gerência-Geral de Inspeção e Fiscalização Sanitária/Coordenação de Autorização de Funcionamento de Empresas,2024-02-16,"RESOLUÇÃO-RE Nº 595, DE 15 DE FEVEREIRO DE 2024",http://pesquisa.in.gov.br/imprensa/jsp/visualiza/index.jsp?data=16/02/2024&jornal=515&pagina=126,
149,Ordinária,Ministério da Saúde/Agência Nacional de Vigilância Sanitária/4ª Diretoria/Gerência-Geral de Inspeção e Fiscalização Sanitária/Coordenação de Autorização de Funcionamento de Empresas,2024-02-16,"RESOLUÇÃO-RE Nº 597, DE 15 DE FEVEREIRO DE 2024",http://pesquisa.in.gov.br/imprensa/jsp/visualiza/index.jsp?data=16/02/2024&jornal=515&pagina=129,
150,Ordinária,Ministério da Saúde/Agência Nacional de Vigilância Sanitária/4ª Diretoria/Gerência-Geral de Inspeção e Fiscalização Sanitária/Coordenação de Autorização de Funcionamento de Empresas,2024-02-16,"RESOLUÇÃO-RE Nº 596, DE 15 DE FEVEREIRO DE 2024",http://pesquisa.in.gov.br/imprensa/jsp/visualiza/index.jsp?data=16/02/2024&jornal=515&pagina=129,
151,Ordinária,Ministério da Saúde/Agência Nacional de Vigilância Sanitária/4ª Diretoria/Gerência-Geral de Inspeção e Fiscalização Sanitária/Coordenação de Autorização de Funcionamento de Empresas,2024-02-16,"RESOLUÇÃO-RE Nº 598, DE 15 DE FEVEREIRO DE 2024",http://pesquisa.in.gov.br/imprensa/jsp/visualiza/index.jsp?data=16/02/2024&jornal=515&pagina=129,
152,Ordinária,Ministério da Saúde/Agência Nacional de Vigilância Sanitária/4ª Diretoria/Gerência-Geral de Inspeção e Fiscalização Sanitária/Coordenação de Autorização de Funcionamento de Empresas,2024-02-16,RETIFICAÇÃO,http://pesquisa.in.gov.br/imprensa/jsp/visualiza/index.jsp?data=16/02/2024&jornal=515&pagina=130,
153,Ordinária,Ministério da Saúde/Agência Nacional de Vigilância Sanitária/4ª Diretoria/Gerência-Geral de Inspeção e Fiscalização Sanitária/Coordenação de Autorização de Funcionamento de Empresas,2024-02-16,RETIFICAÇÃO,http://pesquisa.in.gov.br/imprensa/jsp/visualiza/index.jsp?data=16/02/2024&jornal=515&pagina=130,
154,Ordinária,Ministério da Saúde/Agência Nacional de Vigilância Sanitária/4ª Diretoria/Gerência-Geral de Inspeção e Fiscalização Sanitária/Coordenação de Autorização de Funcionamento de Empresas,2024-02-16,RETIFICAÇÃO,http://pesquisa.in.gov.br/imprensa/jsp/visualiza/index.jsp?data=16/02/2024&jornal=515&pagina=130,
155,Ordinária,Ministério dos Transportes/Gabinete do Ministro,2024-02-16,"PORTARIA Nº 129, DE 8 DE FEVEREIRO DE 2024",http://pesquisa.in.gov.br/imprensa/jsp/visualiza/index.jsp?data=16/02/2024&jornal=515&pagina=131,Institui Grupo de Trabalho para propor ações de gestão para o transporte coletivo semiurbano de passageiros na região que abrange o Distrito Federal e cidades do entorno de Goiás.
156,Ordinária,Ministério do Trabalho e Emprego/Secretaria de Relações do Trabalho/Departamento de Relações de Trabalho,2024-02-16,Despacho de 14 de fevereiro de 2024,http://pesquisa.in.gov.br/imprensa/jsp/visualiza/index.jsp?data=16/02/2024&jornal=515&pagina=131,
157,Ordinária,Ministério do Trabalho e Emprego/Secretaria de Inspeção do Trabalho/Coordenação-Geral de Recursos,2024-02-16,Despacho dE 15 de fevereiro de 2024,http://pesquisa.in.gov.br/imprensa/jsp/visualiza/index.jsp?data=16/02/2024&jornal=515&pagina=131,
158,Ordinária,Ministério dos Transportes/Agência Nacional de Transportes Terrestres/Superintendência de Infraestrutura Rodoviária,2024-02-16,"DECISÃO SUROD Nº 77, DE 29 DE JANEIRO DE 2024",http://pesquisa.in.gov.br/imprensa/jsp/visualiza/index.jsp?data=16/02/2024&jornal=515&pagina=132,"Autoriza a implantação de rede de esgoto sanitário na rodovia BR-116/SP, sob concessão à Concessionária Autopista Régis Bittencourt S.A. Interessado: Dom Giovani Saneamento e Terraplenagem LTDA."
159,Ordinária,Ministério dos Transportes/Gabinete do Ministro,2024-02-16,"PORTARIA Nº 150, DE 15 DE FEVEREIRO DE 2024",http://pesquisa.in.gov.br/imprensa/jsp/visualiza/index.jsp?data=16/02/2024&jornal=515&pagina=132,Institui Grupo Técnico com a finalidade de promover ações sobre os procedimentos relativos aos processos de incorporação de rodovias estaduais.
160,Ordinária,Ministério dos Transportes/Departamento Nacional de Infraestrutura de Transportes/Superintendência Regional em Santa Catarina,2024-02-16,"PORTARIA Nº 739, DE 15 DE FEVEREIRO DE 2024",http://pesquisa.in.gov.br/imprensa/jsp/visualiza/index.jsp?data=16/02/2024&jornal=515&pagina=132,
161,Ordinária,Ministério Público da União/Ministério Público do Trabalho/Procuradoria-Geral,2024-02-16,"Portaria nº 196.2024, de 15 de fevereiro de 2024",http://pesquisa.in.gov.br/imprensa/jsp/visualiza/index.jsp?data=16/02/2024&jornal=515&pagina=133,
162,Ordinária,Ministério Público da União/Ministério Público Militar/Procuradoria-Geral de Justiça Militar,2024-02-16,"Portaria nº 33 PGJM, de 14 de fevereiro de 2024",http://pesquisa.in.gov.br/imprensa/jsp/visualiza/index.jsp?data=16/02/2024&jornal=515&pagina=133,
163,Ordinária,Ministério da Justiça e Segurança Pública/Secretaria Nacional do Consumidor/Departamento de Proteção e de Defesa do Consumidor,2024-02-16,DESPACHO Nº 129/2024,http://pesquisa.in.gov.br/imprensa/jsp/visualiza/index.jsp?data=16/02/2024&jornal=515&pagina=46,
164,Ordinária,Ministério das Comunicações/Agência Nacional de Telecomunicações/Superintendência de Fiscalização/Gerência Regional nos Estados do Paraná e Santa Catarina,2024-02-16,"ATO Nº 38, DE 3 DE JANEIRO DE 2024",http://pesquisa.in.gov.br/imprensa/jsp/visualiza/index.jsp?data=16/02/2024&jornal=515&pagina=5,
165,Ordinária,Ministério das Comunicações/Agência Nacional de Telecomunicações/Superintendência de Fiscalização/Gerência Regional nos Estados do Paraná e Santa Catarina,2024-02-16,"ATO Nº 17.588, DE 21 DE DEZEMBRO DE 2023",http://pesquisa.in.gov.br/imprensa/jsp/visualiza/index.jsp?data=16/02/2024&jornal=515&pagina=5,
166,Ordinária,Ministério das Comunicações/Agência Nacional de Telecomunicações/Superintendência de Fiscalização/Gerência Regional nos Estados do Paraná e Santa Catarina,2024-02-16,"ATO Nº 17.590, DE 21 DE DEZEMBRO DE 2023",http://pesquisa.in.gov.br/imprensa/jsp/visualiza/index.jsp?data=16/02/2024&jornal=515&pagina=5,
167,Ordinária,Ministério das Comunicações/Agência Nacional de Telecomunicações/Superintendência de Fiscalização/Gerência Regional nos Estados do Paraná e Santa Catarina,2024-02-16,"ATO Nº 17.614, DE 22 DE DEZEMBRO DE 2023",http://pesquisa.in.gov.br/imprensa/jsp/visualiza/index.jsp?data=16/02/2024&jornal=515&pagina=5,
168,Ordinária,"Ministério das Comunicações/Agência Nacional de Telecomunicações/Superintendência de Fiscalização/Gerência Regional nos Estados do Ceará, Rio Grande do Norte e Piauí",2024-02-16,"ATO Nº 1.529, DE 14 DE FEVEREIRO DE 2024",http://pesquisa.in.gov.br/imprensa/jsp/visualiza/index.jsp?data=16/02/2024&jornal=515&pagina=5,
169,Ordinária,Ministério das Comunicações/Agência Nacional de Telecomunicações/Superintendência de Fiscalização/Gerência Regional nos Estados do Paraná e Santa Catarina,2024-02-16,ATOS DE 15 DE FEVEREIRO DE 2024,http://pesquisa.in.gov.br/imprensa/jsp/visualiza/index.jsp?data=16/02/2024&jornal=515&pagina=5,
170,Ordinária,Ministério das Comunicações/Agência Nacional de Telecomunicações/Superintendência de Fiscalização/Gerência Regional nos Estados do Paraná e Santa Catarina,2024-02-16,"ATO Nº 17.552, DE 20 DE DEZEMBRO DE 2023",http://pesquisa.in.gov.br/imprensa/jsp/visualiza/index.jsp?data=16/02/2024&jornal=515&pagina=5,
171,Ordinária,Ministério das Comunicações/Agência Nacional de Telecomunicações/Superintendência de Fiscalização/Gerência Regional nos Estados do Paraná e Santa Catarina,2024-02-16,"ATO Nº 17.589, DE 21 DE DEZEMBRO DE 2023",http://pesquisa.in.gov.br/imprensa/jsp/visualiza/index.jsp?data=16/02/2024&jornal=515&pagina=5,
172,Ordinária,Ministério das Comunicações/Agência Nacional de Telecomunicações/Superintendência de Fiscalização/Gerência Regional nos Estados do Paraná e Santa Catarina,2024-02-16,"ATO Nº 17.571, DE 21 DE DEZEMBRO DE 2023",http://pesquisa.in.gov.br/imprensa/jsp/visualiza/index.jsp?data=16/02/2024&jornal=515&pagina=5,
173,Ordinária,"Ministério das Comunicações/Agência Nacional de Telecomunicações/Superintendência de Fiscalização/Gerência Regional nos Estados do Ceará, Rio Grande do Norte e Piauí",2024-02-16,"ATO Nº 1.597, DE 15 DE FEVEREIRO DE 2024",http://pesquisa.in.gov.br/imprensa/jsp/visualiza/index.jsp?data=16/02/2024&jornal=515&pagina=6,
174,Ordinária,Ministério das Comunicações/Agência Nacional de Telecomunicações/Superintendência de Outorga e Recursos à Prestação/Gerência de Outorga e Licenciamento de Estações,2024-02-16,ATOS DE 6 DE FEVEREIRO DE 2024,http://pesquisa.in.gov.br/imprensa/jsp/visualiza/index.jsp?data=16/02/2024&jornal=515&pagina=7,
175,Ordinária,Ministério das Comunicações/Agência Nacional de Telecomunicações/Superintendência de Outorga e Recursos à Prestação/Gerência de Outorga e Licenciamento de Estações,2024-02-16,ATOS DE 7 DE FEVEREIRO DE 2024,http://pesquisa.in.gov.br/imprensa/jsp/visualiza/index.jsp?data=16/02/2024&jornal=515&pagina=7,
176,Ordinária,Ministério das Comunicações/Agência Nacional de Telecomunicações/Superintendência de Outorga e Recursos à Prestação/Gerência de Outorga e Licenciamento de Estações,2024-02-16,"ATO Nº 1.019, DE 5 DE FEVEREIRO DE 2024",http://pesquisa.in.gov.br/imprensa/jsp/visualiza/index.jsp?data=16/02/2024&jornal=515&pagina=7,
177,Ordinária,"Ministério das Comunicações/Agência Nacional de Telecomunicações/Superintendência de Fiscalização/Gerência Regional nos Estados do Pará, Maranhão e Amapá",2024-02-16,"ATO Nº 1.436, DE 9 DE FEVEREIRO DE 2024",http://pesquisa.in.gov.br/imprensa/jsp/visualiza/index.jsp?data=16/02/2024&jornal=515&pagina=7,
178,Ordinária,Ministério das Comunicações/Agência Nacional de Telecomunicações/Superintendência de Outorga e Recursos à Prestação/Gerência de Outorga e Licenciamento de Estações,2024-02-16,ATOS DE 15 DE FEVEREIRO DE 2024,http://pesquisa.in.gov.br/imprensa/jsp/visualiza/index.jsp?data=16/02/2024&jornal=515&pagina=7,
179,Ordinária,Ministério das Comunicações/Agência Nacional de Telecomunicações/Superintendência de Outorga e Recursos à Prestação/Gerência de Outorga e Licenciamento de Estações,2024-02-16,ATOS DE 8 DE FEVEREIRO DE 2024,http://pesquisa.in.gov.br/imprensa/jsp/visualiza/index.jsp?data=16/02/2024&jornal=515&pagina=7,
180,Ordinária,Ministério de Minas e Energia/Agência Nacional de Mineração/Gerência Regional da ANM no Estado de Mato Grosso,2024-02-16,Despacho,http://pesquisa.in.gov.br/imprensa/jsp/visualiza/index.jsp?data=16/02/2024&jornal=515&pagina=56,
181,Ordinária,Ministério de Minas e Energia/Agência Nacional de Mineração/Gerência Regional da ANM no Estado de Mato Grosso,2024-02-16,Despacho,http://pesquisa.in.gov.br/imprensa/jsp/visualiza/index.jsp?data=16/02/2024&jornal=515&pagina=56,
182,Ordinária,Ministério de Minas e Energia/Agência Nacional de Mineração/Gerência Regional da ANM no Estado de Minas Gerais,2024-02-16,Despacho,http://pesquisa.in.gov.br/imprensa/jsp/visualiza/index.jsp?data=16/02/2024&jornal=515&pagina=56,
183,Ordinária,Ministério de Minas e Energia/Agência Nacional de Mineração/Gerência Regional da ANM no Estado do Pará,2024-02-16,Despacho,http://pesquisa.in.gov.br/imprensa/jsp/visualiza/index.jsp?data=16/02/2024&jornal=515&pagina=57,
184,Ordinária,Ministério de Minas e Energia/Agência Nacional de Mineração/Gerência Regional da ANM no Estado do Pará,2024-02-16,Despacho,http://pesquisa.in.gov.br/imprensa/jsp/visualiza/index.jsp?data=16/02/2024&jornal=515&pagina=57,
185,Ordinária,Ministério de Minas e Energia/Agência Nacional de Mineração/Gerência Regional da ANM no Estado do Pará,2024-02-16,Despacho,http://pesquisa.in.gov.br/imprensa/jsp/visualiza/index.jsp?data=16/02/2024&jornal=515&pagina=57,
186,Ordinária,Ministério de Minas e Energia/Agência Nacional de Mineração/Gerência Regional da ANM no Estado de Santa Catarina,2024-02-16,Despacho,http://pesquisa.in.gov.br/imprensa/jsp/visualiza/index.jsp?data=16/02/2024&jornal=515&pagina=57,
187,Ordinária,Ministério de Minas e Energia/Agência Nacional de Mineração/Gerência Regional da ANM no Estado do Paraná,2024-02-16,Despacho,http://pesquisa.in.gov.br/imprensa/jsp/visualiza/index.jsp?data=16/02/2024&jornal=515&pagina=58,
188,Ordinária,Ministério de Minas e Energia/Agência Nacional de Mineração/Gerência Regional da ANM no Estado do Pará,2024-02-16,Despacho,http://pesquisa.in.gov.br/imprensa/jsp/visualiza/index.jsp?data=16/02/2024&jornal=515&pagina=58,
189,Ordinária,Ministério da Defesa/Comando do Exército/Gabinete do Comandante,2024-02-16,"DESPACHO DECISÓRIO - C Ex Nº 921, DE 7 DE FEVEREIRO DE 2024",http://pesquisa.in.gov.br/imprensa/jsp/visualiza/index.jsp?data=16/02/2024&jornal=515&pagina=13,
190,Ordinária,Ministério da Justiça e Segurança Pública/Conselho Administrativo de Defesa Econômica/Tribunal Administrativo de Defesa Economica,2024-02-16,DESPACHO DE 15 de fevereiro de 2024,http://pesquisa.in.gov.br/imprensa/jsp/visualiza/index.jsp?data=16/02/2024&jornal=515&pagina=52,
191,Ordinária,Ministério de Minas e Energia/Agência Nacional de Energia Elétrica/Secretaria de Inovação e Transição Energética,2024-02-16,"DESPACHO Nº 296, DE 31 DE JANEIRO DE 2024",http://pesquisa.in.gov.br/imprensa/jsp/visualiza/index.jsp?data=16/02/2024&jornal=515&pagina=55,
192,Ordinária,Ministério de Minas e Energia/Agência Nacional de Energia Elétrica/Secretaria de Inovação e Transição Energética,2024-02-16,"DESPACHO Nº 291, DE 31 DE JANEIRO DE 2024",http://pesquisa.in.gov.br/imprensa/jsp/visualiza/index.jsp?data=16/02/2024&jornal=515&pagina=55,
193,Ordinária,Ministério de Minas e Energia/Agência Nacional de Energia Elétrica/Secretaria de Inovação e Transição Energética,2024-02-16,"DESPACHO Nº 293, DE 31 DE JANEIRO DE 2024",http://pesquisa.in.gov.br/imprensa/jsp/visualiza/index.jsp?data=16/02/2024&jornal=515&pagina=55,
194,Ordinária,Ministério dos Transportes/Agência Nacional de Transportes Terrestres/Diretoria Colegiada,2024-02-16,"DELIBERAÇÃO Nº 34, DE 9 DE FEVEREIRO DE 2024",http://pesquisa.in.gov.br/imprensa/jsp/visualiza/index.jsp?data=16/02/2024&jornal=515&pagina=132,
195,Ordinária,"Ministério de Minas e Energia/Agência Nacional de Energia Elétrica/Superintendência de Concessões,  Permissões e Autorizações dos Serviços de Energia Elétrica",2024-02-16,"DESPACHO Nº 358, DE 5 DE FEVEREIRO DE 2024",http://pesquisa.in.gov.br/imprensa/jsp/visualiza/index.jsp?data=16/02/2024&jornal=515&pagina=55,
196,Ordinária,"Ministério de Minas e Energia/Agência Nacional de Energia Elétrica/Superintendência de Concessões,  Permissões e Autorizações dos Serviços de Energia Elétrica",2024-02-16,"DESPACHO Nº 426, DE 14 DE FEVEREIRO DE 2024",http://pesquisa.in.gov.br/imprensa/jsp/visualiza/index.jsp?data=16/02/2024&jornal=515&pagina=55,
197,Ordinária,"Ministério de Minas e Energia/Agência Nacional de Energia Elétrica/Superintendência de Concessões,  Permissões e Autorizações dos Serviços de Energia Elétrica",2024-02-16,"DESPACHO Nº 372, DE 6 DE FEVEREIRO DE 2024",http://pesquisa.in.gov.br/imprensa/jsp/visualiza/index.jsp?data=16/02/2024&jornal=515&pagina=55,
198,Ordinária,"Ministério de Minas e Energia/Agência Nacional de Energia Elétrica/Superintendência de Concessões,  Permissões e Autorizações dos Serviços de Energia Elétrica",2024-02-16,"DESPACHO Nº 379, DE 7 DE FEVEREIRO DE 2024",http://pesquisa.in.gov.br/imprensa/jsp/visualiza/index.jsp?data=16/02/2024&jornal=515&pagina=55,
199,Ordinária,"Ministério de Minas e Energia/Agência Nacional de Energia Elétrica/Superintendência de Concessões,  Permissões e Autorizações dos Serviços de Energia Elétrica",2024-02-16,"DESPACHO Nº 427, DE 14 DE FEVEREIRO DE 2024",http://pesquisa.in.gov.br/imprensa/jsp/visualiza/index.jsp?data=16/02/2024&jornal=515&pagina=55,
200,Ordinária,Ministério de Minas e Energia/Agência Nacional de Mineração/Gerência Regional da ANM no Estado de Rondônia,2024-02-16,Despacho,http://pesquisa.in.gov.br/imprensa/jsp/visualiza/index.jsp?data=16/02/2024&jornal=515&pagina=56,
201,Ordinária,Ministério de Minas e Energia/Agência Nacional de Mineração/Gerência Regional da ANM no Estado de Rondônia,2024-02-16,Despacho,http://pesquisa.in.gov.br/imprensa/jsp/visualiza/index.jsp?data=16/02/2024&jornal=515&pagina=57,
202,Ordinária,"Ministério das Comunicações/Agência Nacional de Telecomunicações/Superintendência de Fiscalização/Gerência Regional nos Estados de Goiás, Mato Grosso, Mato Grosso do Sul e Tocantins",2024-02-16,ATOS DE 9 DE FEVEREIRO DE 2024 | ATOS DE 12 DE FEVEREIRO DE 2024,http://pesquisa.in.gov.br/imprensa/jsp/visualiza/index.jsp?data=16/02/2024&jornal=515&pagina=6,
203,Ordinária,Ministério de Minas e Energia/Agência Nacional de Energia Elétrica/Superintendência de Fiscalização Técnica dos Serviços de Energia Elétrica/Gerência de Fiscalização da Geração,2024-02-16,DESPACHOS DE 15 DE FEVEREIRO DE 2024,http://pesquisa.in.gov.br/imprensa/jsp/visualiza/index.jsp?data=16/02/2024&jornal=515&pagina=56,
204,Ordinária,Ministério de Minas e Energia/Agência Nacional de Mineração/Gerência Regional da ANM no Estado de Roraima,2024-02-16,Despacho,http://pesquisa.in.gov.br/imprensa/jsp/visualiza/index.jsp?data=16/02/2024&jornal=515&pagina=57,
205,Ordinária,Ministério de Minas e Energia/Agência Nacional de Mineração/Gerência Regional da ANM no Estado do Espírito Santo,2024-02-16,Despacho,http://pesquisa.in.gov.br/imprensa/jsp/visualiza/index.jsp?data=16/02/2024&jornal=515&pagina=57,
206,Ordinária,Ministério de Minas e Energia/Agência Nacional de Energia Elétrica/Secretaria de Inovação e Transição Energética,2024-02-16,"DESPACHO Nº 4.595, DE 27 DE NOVEMBRO DE 2023",http://pesquisa.in.gov.br/imprensa/jsp/visualiza/index.jsp?data=16/02/2024&jornal=515&pagina=55,
207,Ordinária,Ministério da Justiça e Segurança Pública/Conselho Administrativo de Defesa Econômica/Superintendência-Geral,2024-02-16,DESPACHO DE 15 de fevereiro de 2024,http://pesquisa.in.gov.br/imprensa/jsp/visualiza/index.jsp?data=16/02/2024&jornal=515&pagina=52,
208,Ordinária,Ministério do Esporte/Secretaria Executiva/Diretoria de Programas e Políticas de Incentivo ao Esporte/Coordenação-Geral de Gestão da Lei Federal de Incentivo ao Esporte,2024-02-16,"DELIBERAÇÃO Nº 1.666, DE 15 DE FEVEREIRO DE 2024",http://pesquisa.in.gov.br/imprensa/jsp/visualiza/index.jsp?data=16/02/2024&jornal=515&pagina=31,"Dá publicidade aos projetos desportivos, relacionados no anexo I, aprovados nas reuniões ordinárias e extraordinária realizadas em 11/10/2023, 08/11/2023, 08/12/2023, 20/12/2023 e 17/01/2024."
209,Ordinária,Ministério Público da União/Ministério Público do Trabalho/Procuradoria-Geral/Câmara de Coordenação e Revisão,2024-02-16,PAUTA DA SESSÃO ORDINÁRIA Nº 67 | A SER REALIZADA EM 20 DE FEVEREIRO DE 2024,http://pesquisa.in.gov.br/imprensa/jsp/visualiza/index.jsp?data=16/02/2024&jornal=515&pagina=133,
210,Ordinária,"Ministério da Fazenda/Conselho de Recursos do Sistema Nacional de Seguros Privados, de Previdência Privada Aberta e de Capitalização",2024-02-16,PAUTA DA 321ª SESSÃO DE JULGAMENTO,http://pesquisa.in.gov.br/imprensa/jsp/visualiza/index.jsp?data=16/02/2024&jornal=515&pagina=34,
211,Ordinária,Ministério das Comunicações/Agência Nacional de Telecomunicações/Superintendência de Fiscalização/Gerência Regional nos Estados da Bahia e Sergipe,2024-02-16,"ATO Nº 869, DE 31 DE JANEIRO DE 2024 | ATO Nº 933, DE 1º DE FEVEREIRO DE 2024 | ATO Nº 972, DE 2 DE FEVEREIRO DE 2024 | ATO Nº 1.250, DE 7 DE FEVEREIRO DE 2024",http://pesquisa.in.gov.br/imprensa/jsp/visualiza/index.jsp?data=16/02/2024&jornal=515&pagina=5,
212,Ordinária,Ministério da Integração e do Desenvolvimento Regional/Agência Nacional de Águas e Saneamento Básico/Diretoria Colegiada,2024-02-16,"RESOLUÇÃO ANA Nº 184, DE 15 DE FEVEREIRO DE 2024",http://pesquisa.in.gov.br/imprensa/jsp/visualiza/index.jsp?data=16/02/2024&jornal=515&pagina=43,Dispõe sobre o Sistema de Governança da Agência Nacional de Águas e Saneamento Básico - SIGOV/ANA.
213,Ordinária,Ministério da Agricultura e Pecuária/Gabinete do Ministro,2024-03-25,"PORTARIA MAPA Nº 665, DE 21 DE MARÇO DE 2024",http://pesquisa.in.gov.br/imprensa/jsp/visualiza/index.jsp?data=25/03/2024&jornal=515&pagina=9,"Reconhece nacionalmente como livre de febre aftosa sem vacinação os Estados do Amapá, Amazonas, Bahia, Espírito Santo, Goiás, Maranhão, Mato Grosso, Mato Grosso do Sul, Minas Gerais, Pará, Piauí, Rio de Janeiro, Roraima, São Paulo, Sergipe, Tocantins e o Distrito Federal; disciplina o armazenamento, a comercialização e o uso da vacina contra a febre aftosa e disciplina o trânsito de animais vacinados contra a febre aftosa."
214,Ordinária,Ministério da Agricultura e Pecuária/Secretaria Executiva/Superintendência de Agricultura e Pecuária do Estado de São Paulo/Divisão de Defesa Agropecuária/Serviço de Fiscalização de Insumos e Sanidade Vegetal,2024-03-25,"PORTARIA Nº 126, DE 21 DE MARÇO DE 2024",http://pesquisa.in.gov.br/imprensa/jsp/visualiza/index.jsp?data=25/03/2024&jornal=515&pagina=10,
215,Ordinária,Ministério da Agricultura e Pecuária/Secretaria Executiva/Superintendência de Agricultura e Pecuária do Estado do Piauí,2024-03-25,"PORTARIA SISA-PI/MAPA Nº 78, DE 22 DE MARÇO DE 2024",http://pesquisa.in.gov.br/imprensa/jsp/visualiza/index.jsp?data=25/03/2024&jornal=515&pagina=10,
216,Ordinária,"Ministério da Ciência, Tecnologia e Inovação/Conselho Nacional de Controle de Experimentação Animal",2024-03-25,EXTRATO DE PARECER Nº 23/2024,http://pesquisa.in.gov.br/imprensa/jsp/visualiza/index.jsp?data=25/03/2024&jornal=515&pagina=10,
217,Ordinária,Ministério da Agricultura e Pecuária/Secretaria de Defesa Agropecuária,2024-03-25,"PORTARIA SDA/MAPA Nº 1.075, DE 19 DE MARÇO DE 2024",http://pesquisa.in.gov.br/imprensa/jsp/visualiza/index.jsp?data=25/03/2024&jornal=515&pagina=10,Suspende o laboratório Geneal Diagnósticos LTDA para realizar ensaios em amostras oriundas dos programas e controles oficiais do Ministério da Agricultura e Pecuária.
218,Ordinária,Ministério da Agricultura e Pecuária/Secretaria de Defesa Agropecuária,2024-03-25,"PORTARIA SDA/MAPA Nº 1.074, DE 19 DE MARÇO DE 2024",http://pesquisa.in.gov.br/imprensa/jsp/visualiza/index.jsp?data=25/03/2024&jornal=515&pagina=10,Credencia o H.M.A. Serviços Veterinários LTDA para realizar ensaios em amostras oriundas dos programas e controles oficiais do Ministério da Agricultura e Pecuária.
219,Ordinária,"Ministério da Ciência, Tecnologia e Inovação/Gabinete da Ministra",2024-03-25,"PORTARIA MCTI Nº 7.993, DE 21 DE MARÇO DE 2024",http://pesquisa.in.gov.br/imprensa/jsp/visualiza/index.jsp?data=25/03/2024&jornal=515&pagina=10,"Altera a Portaria MCTI nº 4.666, de 14 de abril de 2021, que instituiu a Plataforma Nacional de Infraestrutura de Pesquisa MCTI - PNIPE MCTI."
220,Ordinária,Ministério da Agricultura e Pecuária/Secretaria de Defesa Agropecuária,2024-03-25,"PORTARIA SDA/MAPA Nº 1.033, DE 19 DE MARÇO DE 2024",http://pesquisa.in.gov.br/imprensa/jsp/visualiza/index.jsp?data=25/03/2024&jornal=515&pagina=10,Atualiza os requisitos fitossanitários para a importação de sementes de kudzu (Pueraria phaseoloides)
221,Ordinária,Ministério das Comunicações/Departamento de Radiodifusão Privada,2024-03-25,"PORTARIA MCOM Nº 12.540, DE 21 DE MARÇO DE 2024",http://pesquisa.in.gov.br/imprensa/jsp/visualiza/index.jsp?data=25/03/2024&jornal=515&pagina=11,
222,Ordinária,Ministério das Comunicações/Departamento de Radiodifusão Privada,2024-03-25,"PORTARIA MCOM Nº 12.356, DE 21 DE MARÇO DE 2024",http://pesquisa.in.gov.br/imprensa/jsp/visualiza/index.jsp?data=25/03/2024&jornal=515&pagina=11,
223,Ordinária,Ministério das Comunicações/Departamento de Radiodifusão Privada,2024-03-25,Despacho Nº 87/2024,http://pesquisa.in.gov.br/imprensa/jsp/visualiza/index.jsp?data=25/03/2024&jornal=515&pagina=11,
224,Ordinária,Ministério das Comunicações/Gabinete do Ministro,2024-03-25,"PORTARIA MCOM Nº 12.549, DE 14 DE MARÇO DE 2024",http://pesquisa.in.gov.br/imprensa/jsp/visualiza/index.jsp?data=25/03/2024&jornal=515&pagina=11,"Aprova reajuste das tarifas dos serviços postais nacionais e internacionais, e telegráficos nacionais, na forma que especifica."
225,Ordinária,Ministério das Comunicações/Departamento de Radiodifusão Privada,2024-03-25,Despacho Nº 86/2024,http://pesquisa.in.gov.br/imprensa/jsp/visualiza/index.jsp?data=25/03/2024&jornal=515&pagina=11,
226,Ordinária,Ministério das Comunicações/Departamento de Radiodifusão Privada,2024-03-25,Despacho Nº 98/2024,http://pesquisa.in.gov.br/imprensa/jsp/visualiza/index.jsp?data=25/03/2024&jornal=515&pagina=12,
227,Ordinária,Ministério das Comunicações/Departamento de Radiodifusão Privada,2024-03-25,Despacho Nº 95/2024,http://pesquisa.in.gov.br/imprensa/jsp/visualiza/index.jsp?data=25/03/2024&jornal=515&pagina=12,
228,Ordinária,Ministério das Comunicações/Departamento de Radiodifusão Privada,2024-03-25,Despacho Nº 94/2024,http://pesquisa.in.gov.br/imprensa/jsp/visualiza/index.jsp?data=25/03/2024&jornal=515&pagina=12,
229,Ordinária,Ministério das Comunicações/Departamento de Radiodifusão Privada,2024-03-25,Despacho Nº 109/2024,http://pesquisa.in.gov.br/imprensa/jsp/visualiza/index.jsp?data=25/03/2024&jornal=515&pagina=12,
230,Ordinária,Ministério das Comunicações/Departamento de Radiodifusão Privada,2024-03-25,Despacho Nº 91/2024,http://pesquisa.in.gov.br/imprensa/jsp/visualiza/index.jsp?data=25/03/2024&jornal=515&pagina=12,
231,Ordinária,Ministério das Comunicações/Departamento de Radiodifusão Privada,2024-03-25,Despacho Nº 89/2024,http://pesquisa.in.gov.br/imprensa/jsp/visualiza/index.jsp?data=25/03/2024&jornal=515&pagina=12,
232,Ordinária,Ministério das Comunicações/Departamento de Radiodifusão Privada,2024-03-25,Despacho Nº 88/2024,http://pesquisa.in.gov.br/imprensa/jsp/visualiza/index.jsp?data=25/03/2024&jornal=515&pagina=12,
233,Ordinária,Ministério das Comunicações/Departamento de Radiodifusão Privada,2024-03-25,Despacho Nº 112/2024,http://pesquisa.in.gov.br/imprensa/jsp/visualiza/index.jsp?data=25/03/2024&jornal=515&pagina=12,
234,Ordinária,Ministério da Cultura/Secretaria de Economia Criativa e Fomento Cultural,2024-03-25,"PORTARIA SEFIC/MINC Nº 199, DE 22 DE MARÇO DE 2024",http://pesquisa.in.gov.br/imprensa/jsp/visualiza/index.jsp?data=25/03/2024&jornal=515&pagina=14,
235,Ordinária,Ministério da Cultura/Secretaria de Economia Criativa e Fomento Cultural,2024-03-25,"PORTARIA SEFIC/MINC Nº 200, DE 22 DE MARÇO DE 2024",http://pesquisa.in.gov.br/imprensa/jsp/visualiza/index.jsp?data=25/03/2024&jornal=515&pagina=17,
236,Ordinária,Ministério da Cultura/Secretaria de Economia Criativa e Fomento Cultural,2024-03-25,"PORTARIA SEFIC/MINC Nº 201, DE 22 DE MARÇO DE 2024",http://pesquisa.in.gov.br/imprensa/jsp/visualiza/index.jsp?data=25/03/2024&jornal=515&pagina=18,
237,Ordinária,Ministério da Cultura/Secretaria de Economia Criativa e Fomento Cultural,2024-03-25,"PORTARIA SEFIC/MINC Nº 202, DE 22 DE MARÇO DE 2024",http://pesquisa.in.gov.br/imprensa/jsp/visualiza/index.jsp?data=25/03/2024&jornal=515&pagina=18,
238,Ordinária,Ministério da Cultura/Secretaria de Economia Criativa e Fomento Cultural,2024-03-25,"PORTARIA SEFIC/MINC Nº 203, DE 22 DE MARÇO DE 2024",http://pesquisa.in.gov.br/imprensa/jsp/visualiza/index.jsp?data=25/03/2024&jornal=515&pagina=18,
239,Ordinária,Ministério da Cultura/Instituto do Patrimônio Histórico e Artístico Nacional/Departamento do Patrimônio Material e Fiscalização/Centro Nacional de Arqueologia,2024-03-25,"Portaria nº 16, DE 22 de março de 2024",http://pesquisa.in.gov.br/imprensa/jsp/visualiza/index.jsp?data=25/03/2024&jornal=515&pagina=18,
240,Ordinária,Ministério da Cultura/Instituto do Patrimônio Histórico e Artístico Nacional/Departamento do Patrimônio Material e Fiscalização/Centro Nacional de Arqueologia,2024-03-25,RetificaçÕES,http://pesquisa.in.gov.br/imprensa/jsp/visualiza/index.jsp?data=25/03/2024&jornal=515&pagina=20,
241,Ordinária,Ministério da Defesa/Gabinete do Ministro,2024-03-25,"PORTARIA GM-MD Nº 1355, DE 18 DE MARÇO DE 2024",http://pesquisa.in.gov.br/imprensa/jsp/visualiza/index.jsp?data=25/03/2024&jornal=515&pagina=20,
242,Ordinária,Ministério da Defesa/Comando da Marinha/Comando de Operações Navais/5º Distrito Naval/Capitania dos Portos de Santa Catarina/Delegacia da Capitania dos Portos em São Francisco do Sul,2024-03-25,"Portaria nº 25 - DelSFSul, de 20 de março de 2024",http://pesquisa.in.gov.br/imprensa/jsp/visualiza/index.jsp?data=25/03/2024&jornal=515&pagina=21,
243,Ordinária,Ministério da Defesa/Comando da Marinha/Gabinete do Comandante,2024-03-25,"PORTARIA Nº 45/MB/MD, DE 21 DE MARÇO DE 2024",http://pesquisa.in.gov.br/imprensa/jsp/visualiza/index.jsp?data=25/03/2024&jornal=515&pagina=21,
244,Ordinária,Ministério da Defesa/Gabinete do Ministro,2024-03-25,"PORTARIA GM-MD Nº 1.356, DE 18 DE MARÇO DE 2024",http://pesquisa.in.gov.br/imprensa/jsp/visualiza/index.jsp?data=25/03/2024&jornal=515&pagina=21,
245,Ordinária,Ministério da Defesa/Comando da Marinha/Diretoria-Geral de Navegação/Diretoria de Portos e Costas,2024-03-25,"PORTARIA DPC/DGN/MB Nº 116, DE 18 DE MARÇO DE 2024",http://pesquisa.in.gov.br/imprensa/jsp/visualiza/index.jsp?data=25/03/2024&jornal=515&pagina=21,Altera as Normas da Autoridade Marítima NORMAM-212 (1 
246,Ordinária,Ministério do Desenvolvimento Agrário e Agricultura Familiar/Instituto Nacional de Colonização e Reforma Agrária,2024-03-25,"PORTARIA Nº 435, DE 19 DE MARÇO DE 2024",http://pesquisa.in.gov.br/imprensa/jsp/visualiza/index.jsp?data=25/03/2024&jornal=515&pagina=39,Retifica capacidade e área de Projeto de Assentamento.
247,Ordinária,Ministério do Desenvolvimento Agrário e Agricultura Familiar/Instituto Nacional de Colonização e Reforma Agrária,2024-03-25,"PORTARIA Nº 436, DE 19 DE MARÇO DE 2024",http://pesquisa.in.gov.br/imprensa/jsp/visualiza/index.jsp?data=25/03/2024&jornal=515&pagina=39,Retifica capacidade e área de Projeto de Assentamento.
248,Ordinária,Ministério do Desenvolvimento Agrário e Agricultura Familiar/Instituto Nacional de Colonização e Reforma Agrária,2024-03-25,RETIFICAÇÃO,http://pesquisa.in.gov.br/imprensa/jsp/visualiza/index.jsp?data=25/03/2024&jornal=515&pagina=39,
249,Ordinária,Ministério do Desenvolvimento Agrário e Agricultura Familiar/Instituto Nacional de Colonização e Reforma Agrária,2024-03-25,RETIFICAÇÃO,http://pesquisa.in.gov.br/imprensa/jsp/visualiza/index.jsp?data=25/03/2024&jornal=515&pagina=39,
250,Ordinária,Ministério da Educação/Secretaria de Educação Básica,2024-03-25,"PORTARIA Nº 12, DE 21 DE MARÇO DE 2024",http://pesquisa.in.gov.br/imprensa/jsp/visualiza/index.jsp?data=25/03/2024&jornal=515&pagina=40,"Dispõe sobre a transferência automática de recursos financeiros a municípios e ao Distrito Federal, para manutenção de novos estabelecimentos públicos de educação infantil, de que trata a Resolução CD/FNDE nº 15, de 16 de maio de 2013."
251,Ordinária,Ministério da Educação/Secretaria de Regulação e Supervisão da Educação Superior,2024-03-25,"PORTARIA SERES/MEC Nº 92, DE 21 DE MARÇO DE 2024",http://pesquisa.in.gov.br/imprensa/jsp/visualiza/index.jsp?data=25/03/2024&jornal=515&pagina=41,
252,Ordinária,Ministério da Educação/Secretaria de Regulação e Supervisão da Educação Superior,2024-03-25,"PORTARIA SERES/MEC Nº 93, DE 21 DE MARÇO DE 2024",http://pesquisa.in.gov.br/imprensa/jsp/visualiza/index.jsp?data=25/03/2024&jornal=515&pagina=41,
253,Ordinária,Ministério da Educação/Secretaria de Regulação e Supervisão da Educação Superior,2024-03-25,"PORTARIA SERES/MEC Nº 95, DE 21 DE MARÇO DE 2024",http://pesquisa.in.gov.br/imprensa/jsp/visualiza/index.jsp?data=25/03/2024&jornal=515&pagina=41,
254,Ordinária,Ministério da Educação/Secretaria de Regulação e Supervisão da Educação Superior,2024-03-25,"PORTARIA SERES/MEC Nº 94, DE 21 DE MARÇO DE 2024",http://pesquisa.in.gov.br/imprensa/jsp/visualiza/index.jsp?data=25/03/2024&jornal=515&pagina=41,
255,Ordinária,Ministério da Educação/Secretaria de Regulação e Supervisão da Educação Superior,2024-03-25,"PORTARIA SERES/MEC Nº 91, DE 21 DE MARÇO DE 2024",http://pesquisa.in.gov.br/imprensa/jsp/visualiza/index.jsp?data=25/03/2024&jornal=515&pagina=41,
256,Ordinária,Ministério da Educação/Secretaria de Regulação e Supervisão da Educação Superior,2024-03-25,"PORTARIA SERES/MEC Nº 96, DE 21 DE MARÇO DE 2024",http://pesquisa.in.gov.br/imprensa/jsp/visualiza/index.jsp?data=25/03/2024&jornal=515&pagina=41,
257,Ordinária,Ministério da Educação/Secretaria de Regulação e Supervisão da Educação Superior,2024-03-25,"PORTARIA SERES/MEC Nº 97, DE 21 DE MARÇO DE 2024",http://pesquisa.in.gov.br/imprensa/jsp/visualiza/index.jsp?data=25/03/2024&jornal=515&pagina=42,
258,Ordinária,"Ministério da Educação/Instituto Federal de Educação, Ciência e Tecnologia do Tocantins",2024-03-25,"RESOLUÇÃO CONSUP/IFTO Nº 282, DE 22 DE FEVEREIRO DE 2024",http://pesquisa.in.gov.br/imprensa/jsp/visualiza/index.jsp?data=25/03/2024&jornal=515&pagina=42,"Institui a Política de Governança, Gestão de Riscos, Controles Internos e Integridade no âmbito do Instituto Federal do Tocantins."
259,Ordinária,Ministério da Educação/Universidade Federal de Santa Catarina/Pró-Reitoria de Desenvolvimento e Gestão de Pessoas/Departamento de Desenvolvimento de Pessoas,2024-03-25,"PORTARIA Nº 323/DDP, de 22 de março de 2024",http://pesquisa.in.gov.br/imprensa/jsp/visualiza/index.jsp?data=25/03/2024&jornal=515&pagina=44,
260,Ordinária,Ministério da Educação/Universidade Federal de Santa Catarina/Pró-Reitoria de Desenvolvimento e Gestão de Pessoas/Departamento de Desenvolvimento de Pessoas,2024-03-25,"PORTARIA Nº 322/DDP, de 22 de março de 2024",http://pesquisa.in.gov.br/imprensa/jsp/visualiza/index.jsp?data=25/03/2024&jornal=515&pagina=44,
261,Ordinária,Ministério da Educação/Universidade Federal de Alfenas,2024-03-25,"PORTARIA Nº 499, DE 22 DE MARÇO DE 2024",http://pesquisa.in.gov.br/imprensa/jsp/visualiza/index.jsp?data=25/03/2024&jornal=515&pagina=44,
262,Ordinária,Ministério da Educação/Fundação Universidade Federal do Piauí,2024-03-25,"ATO Nº 434, de 21 de março de 2024",http://pesquisa.in.gov.br/imprensa/jsp/visualiza/index.jsp?data=25/03/2024&jornal=515&pagina=44,
263,Ordinária,Ministério da Educação/Fundação Universidade Federal do Vale do São Francisco,2024-03-25,"PORTARIA Nº 601/REITORIA/UNIVASF, DE 21 DE MARÇO DE 2024",http://pesquisa.in.gov.br/imprensa/jsp/visualiza/index.jsp?data=25/03/2024&jornal=515&pagina=45,
264,Ordinária,Ministério da Fazenda/Conselho Nacional de Política Fazendária,2024-03-25,"ATO COTEPE/PMPF Nº 7, DE 22 DE MARÇO DE 2024",http://pesquisa.in.gov.br/imprensa/jsp/visualiza/index.jsp?data=25/03/2024&jornal=515&pagina=46,Preço médio ponderado ao consumidor final (PMPF) de combustíveis.
265,Ordinária,Ministério da Fazenda/Conselho Administrativo de Recursos Fiscais/2ª Seção/3ª Câmara/1ª Turma Ordinária,2024-03-25,RETIFICAÇÃO,http://pesquisa.in.gov.br/imprensa/jsp/visualiza/index.jsp?data=25/03/2024&jornal=515&pagina=46,
266,Ordinária,Ministério da Fazenda/Conselho Administrativo de Recursos Fiscais/Câmara Superior de Recursos Fiscais,2024-03-25,RETIFICAÇÃO,http://pesquisa.in.gov.br/imprensa/jsp/visualiza/index.jsp?data=25/03/2024&jornal=515&pagina=46,
267,Ordinária,Ministério da Fazenda/Conselho Administrativo de Recursos Fiscais/2ª Seção/2ª Câmara/1ª Turma Ordinária,2024-03-25,RETIFICAÇÃO,http://pesquisa.in.gov.br/imprensa/jsp/visualiza/index.jsp?data=25/03/2024&jornal=515&pagina=46,
268,Ordinária,Ministério da Fazenda/Conselho Nacional de Política Fazendária,2024-03-25,"ATO COTEPE/ICMS Nº 33, DE 22 DE MARÇO DE 2024",http://pesquisa.in.gov.br/imprensa/jsp/visualiza/index.jsp?data=25/03/2024&jornal=515&pagina=46,"Altera o Anexo II do Ato COTEPE/ICMS nº 43/23, que estabelece os requisitos e relaciona os contribuintes beneficiados pelo diferimento previsto no Convênio ICMS nº 199/22 e no Convênio ICMS nº 15/23, no cumprimento de obrigações, que dispõe sobre o regime de tributação monofásica do ICMS a ser aplicado nas operações com combustíveis nos termos da Lei Complementar nº 192, de 11 de março de 2022."
269,Ordinária,Ministério da Fazenda/Conselho Administrativo de Recursos Fiscais/2ª Seção/2ª Câmara/2ª Turma Ordinária,2024-03-25,RETIFICAÇÃO,http://pesquisa.in.gov.br/imprensa/jsp/visualiza/index.jsp?data=25/03/2024&jornal=515&pagina=46,
270,Ordinária,Ministério da Fazenda/Conselho Administrativo de Recursos Fiscais/2ª Seção/4ª Câmara/1ª Turma Ordinária,2024-03-25,RETIFICAÇÕES,http://pesquisa.in.gov.br/imprensa/jsp/visualiza/index.jsp?data=25/03/2024&jornal=515&pagina=46,
271,Ordinária,Ministério da Fazenda/Conselho Administrativo de Recursos Fiscais/2ª Seção/4ª Câmara/2ª Turma Ordinária,2024-03-25,RETIFICAÇÃO,http://pesquisa.in.gov.br/imprensa/jsp/visualiza/index.jsp?data=25/03/2024&jornal=515&pagina=46,
272,Ordinária,Ministério da Fazenda/Conselho Administrativo de Recursos Fiscais/2ª Seção/2ª Câmara/1ª Turma Ordinária,2024-03-25,RETIFICAÇÃO,http://pesquisa.in.gov.br/imprensa/jsp/visualiza/index.jsp?data=25/03/2024&jornal=515&pagina=46,
273,Ordinária,Ministério da Fazenda/Secretaria Especial da Receita Federal do Brasil/Secretaria-Adjunta/Subsecretaria de Tributação e Contencioso/Coordenação-Geral de Tributação,2024-03-25,"ATO DECLARATÓRIO EXECUTIVO cosit Nº 6, DE 20 DE MARÇO DE 2024",http://pesquisa.in.gov.br/imprensa/jsp/visualiza/index.jsp?data=25/03/2024&jornal=515&pagina=47,"Enquadra veículos em ""Ex"" da TIPI"
274,Ordinária,Ministério da Fazenda/Secretaria Especial da Receita Federal do Brasil/Secretaria-Adjunta/Subsecretaria de Tributação e Contencioso/Coordenação-Geral de Tributação,2024-03-25,"ATO DECLARATÓRIO EXECUTIVO COSIT Nº 12, DE 21 DE MARÇO DE 2024",http://pesquisa.in.gov.br/imprensa/jsp/visualiza/index.jsp?data=25/03/2024&jornal=515&pagina=47,"Enquadra veículo em ""Ex"" da TIPI"
275,Ordinária,Ministério da Fazenda/Secretaria Especial da Receita Federal do Brasil/Secretaria-Adjunta/Subsecretaria de Tributação e Contencioso/Coordenação-Geral de Tributação,2024-03-25,"ATO DECLARATÓRIO EXECUTIVO cosit Nº 7, DE 20 DE MARÇO DE 2024",http://pesquisa.in.gov.br/imprensa/jsp/visualiza/index.jsp?data=25/03/2024&jornal=515&pagina=47,"Enquadra veículo em ""Ex"" da TIPI"
276,Ordinária,Ministério da Fazenda/Secretaria Especial da Receita Federal do Brasil/Secretaria-Adjunta/Subsecretaria de Tributação e Contencioso/Coordenação-Geral de Tributação,2024-03-25,"ATO DECLARATÓRIO EXECUTIVO cosit Nº 9, DE 20 DE MARÇO DE 2024",http://pesquisa.in.gov.br/imprensa/jsp/visualiza/index.jsp?data=25/03/2024&jornal=515&pagina=47,"Enquadra veículo em ""Ex"" da TIPI"
277,Ordinária,Ministério da Fazenda/Secretaria Especial da Receita Federal do Brasil/Secretaria-Adjunta/Subsecretaria de Tributação e Contencioso/Coordenação-Geral de Tributação,2024-03-25,"ATO DECLARATÓRIO EXECUTIVO cosit Nº 10, DE 20 DE MARÇO DE 2024",http://pesquisa.in.gov.br/imprensa/jsp/visualiza/index.jsp?data=25/03/2024&jornal=515&pagina=47,"Enquadra veículo em ""Ex"" da TIPI"
278,Ordinária,Ministério da Fazenda/Secretaria Especial da Receita Federal do Brasil/Secretaria-Adjunta/Subsecretaria de Tributação e Contencioso/Coordenação-Geral de Tributação,2024-03-25,"ATO DECLARATÓRIO EXECUTIVO cosit Nº 8, DE 20 DE MARÇO DE 2024",http://pesquisa.in.gov.br/imprensa/jsp/visualiza/index.jsp?data=25/03/2024&jornal=515&pagina=47,"Enquadra veículo em ""Ex"" da TIPI"
279,Ordinária,Ministério da Fazenda/Secretaria Especial da Receita Federal do Brasil/Secretaria-Adjunta/Subsecretaria de Tributação e Contencioso/Coordenação-Geral de Tributação,2024-03-25,"ATO DECLARATÓRIO EXECUTIVO COSIT Nº 14, DE 21 DE MARÇO DE 2024",http://pesquisa.in.gov.br/imprensa/jsp/visualiza/index.jsp?data=25/03/2024&jornal=515&pagina=48,"Enquadra veículo em ""Ex"" da TIPI"
280,Ordinária,Ministério da Fazenda/Secretaria Especial da Receita Federal do Brasil/Secretaria-Adjunta/Subsecretaria de Tributação e Contencioso/Coordenação-Geral de Tributação,2024-03-25,"ATO DECLARATÓRIO EXECUTIVO COSIT Nº 13, DE 21 DE MARÇO DE 2024",http://pesquisa.in.gov.br/imprensa/jsp/visualiza/index.jsp?data=25/03/2024&jornal=515&pagina=48,"Enquadra veículo em ""Ex"" da TIPI"
281,Ordinária,Ministério da Fazenda/Secretaria Especial da Receita Federal do Brasil/Secretaria-Adjunta/Subsecretaria de Tributação e Contencioso/Coordenação-Geral de Tributação,2024-03-25,"ATO DECLARATÓRIO EXECUTIVO COSIT Nº 15, DE 21 DE MARÇO DE 2024",http://pesquisa.in.gov.br/imprensa/jsp/visualiza/index.jsp?data=25/03/2024&jornal=515&pagina=48,"Enquadra veículo em ""Ex"" da TIPI"
282,Ordinária,Ministério da Fazenda/Secretaria Especial da Receita Federal do Brasil/Secretaria-Adjunta/Superintendência Regional da Receita Federal do Brasil 8ª Região Fiscal/Delegacia da Receita Federal do Brasil em Sorocaba,2024-03-25,"ATO DECLARATÓRIO EXECUTIVO EQBEN/DELEBEN/SRRF08ª/RFB Nº 404, DE 22 DE MARÇO DE 2024",http://pesquisa.in.gov.br/imprensa/jsp/visualiza/index.jsp?data=25/03/2024&jornal=515&pagina=49,"Cancelamento de ofício da Habilitação Definitiva da pessoa jurídica no Programa Mais Leite Saudável,"
283,Ordinária,Ministério da Fazenda/Secretaria Especial da Receita Federal do Brasil/Secretaria-Adjunta/Superintendência Regional da Receita Federal do Brasil 7ª Região Fiscal/Delegacia da Receita Federal do Brasil em Vitória,2024-03-25,"ATO DECLARATÓRIO EXECUTIVO EFI 1 - DRF VIT-ES/DEFIS/SRRF07/RFB Nº 5, DE 22 DE MARÇO DE 2024",http://pesquisa.in.gov.br/imprensa/jsp/visualiza/index.jsp?data=25/03/2024&jornal=515&pagina=49,Aprova o fornecimento de selos de controle de bebidas alcoólicas para selagem no exterior
284,Ordinária,Ministério da Fazenda/Secretaria Especial da Receita Federal do Brasil/Secretaria-Adjunta/Superintendência Regional da Receita Federal do Brasil 7ª Região Fiscal,2024-03-25,"PORTARIA SRRF07 Nº 781, DE 22 DE MARÇO DE 2024",http://pesquisa.in.gov.br/imprensa/jsp/visualiza/index.jsp?data=25/03/2024&jornal=515&pagina=49,"Dispõe sobre o expediente nas unidades da Receita Federal do Brasil localizadas no Estado do Rio de Janeiro, no dia 22 de março de 2024."
285,Ordinária,Ministério da Fazenda/Secretaria Especial da Receita Federal do Brasil/Secretaria-Adjunta/Superintendência Regional da Receita Federal do Brasil 2ª Região Fiscal/Alfândega da Receita Federal do Brasil no Porto de Manaus,2024-03-25,"ATO DECLARATÓRIO EXECUTIVO ALF/MNS Nº 15, DE 8 DE MARÇO DE 2024",http://pesquisa.in.gov.br/imprensa/jsp/visualiza/index.jsp?data=25/03/2024&jornal=515&pagina=49,Dispõe sobre o abandono de mercadorias apreendidas.
286,Ordinária,Ministério da Fazenda/Secretaria Especial da Receita Federal do Brasil/Secretaria-Adjunta/Superintendência Regional da Receita Federal do Brasil 10ª Região Fiscal,2024-03-25,"PORTARIA SRRF10 Nº 448, DE 22 DE MARÇO DE 2024",http://pesquisa.in.gov.br/imprensa/jsp/visualiza/index.jsp?data=25/03/2024&jornal=515&pagina=50,
287,Ordinária,Ministério da Fazenda/Secretaria de Prêmios e Apostas,2024-03-25,"PORTARIA SPA/MF Nº 504, DE 22 DE MARÇO DE 2024",http://pesquisa.in.gov.br/imprensa/jsp/visualiza/index.jsp?data=25/03/2024&jornal=515&pagina=50,
288,Ordinária,Ministério da Gestão e da Inovação em Serviços Públicos/Secretaria do Patrimônio da União,2024-03-25,"PORTARIA SPU/MGI Nº 1.577, DE 13 DE MARÇO DE 2024",http://pesquisa.in.gov.br/imprensa/jsp/visualiza/index.jsp?data=25/03/2024&jornal=515&pagina=50,
289,Ordinária,Ministério da Fazenda/Comissão de Valores Mobiliários/Superintendência-Geral/Superintendência de Supervisão de Investidores Institucionais/Gerência de Acompanhamento de Investidores Institucionais,2024-03-25,ATOS DECLARATÓRIOS CVM DE 22 DE MARÇO DE 2024,http://pesquisa.in.gov.br/imprensa/jsp/visualiza/index.jsp?data=25/03/2024&jornal=515&pagina=50,
290,Ordinária,Ministério da Fazenda/Secretaria Especial da Receita Federal do Brasil/Secretaria-Adjunta/Superintendência Regional da Receita Federal do Brasil 8ª Região Fiscal/Delegacia da Receita Federal do Brasil em Sorocaba,2024-03-25,"ATO DECLARATÓRIO EXECUTIVO EQBEN/DELEBEN/SRRF08ª/RFB Nº 405, DE 22 DE MARÇO DE 2024",http://pesquisa.in.gov.br/imprensa/jsp/visualiza/index.jsp?data=25/03/2024&jornal=515&pagina=50,"Cancelamento de Habilitação ao Regime Especial de Incentivos para o Desenvolvimento da Infra-Estrutura (REIDI), art. 1° da Lei n° 11.488, de 15 de junho de 2007, da pessoa jurídica e projeto que menciona."
291,Ordinária,Ministério da Fazenda/Secretaria Especial da Receita Federal do Brasil/Secretaria-Adjunta/Superintendência Regional da Receita Federal do Brasil 10ª Região Fiscal/Delegacia da Receita Federal do Brasil em Caxias do Sul,2024-03-25,"ATO DECLARATÓRIO EXECUTIVO DRF/CXL Nº 8, DE 20 MARÇO DE 2024",http://pesquisa.in.gov.br/imprensa/jsp/visualiza/index.jsp?data=25/03/2024&jornal=515&pagina=50,Autoriza o fornecimento de selos de controle para importação de uísque com selagem no Exterior.
292,Ordinária,Ministério da Gestão e da Inovação em Serviços Públicos/Secretaria do Patrimônio da União,2024-03-25,"PORTARIA SPU/MGI Nº 1.752, DE 21 DE MARÇO DE 2024",http://pesquisa.in.gov.br/imprensa/jsp/visualiza/index.jsp?data=25/03/2024&jornal=515&pagina=51,
293,Ordinária,Ministério da Integração e do Desenvolvimento Regional/Gabinete do Ministro,2024-03-25,"PORTARIA Nº 943, DE 22 DE MARÇO DE 2024",http://pesquisa.in.gov.br/imprensa/jsp/visualiza/index.jsp?data=25/03/2024&jornal=515&pagina=51,Realoca Cargos em Comissão e Funções de Confiança da Estrutura Regimental do Ministério da Integração e do Desenvolvimento Regional.
294,Ordinária,Ministério da Gestão e da Inovação em Serviços Públicos/Secretaria do Patrimônio da União,2024-03-25,"PORTARIA SPU/MGI Nº 1.665, DE 18 DE MARÇO DE 2024",http://pesquisa.in.gov.br/imprensa/jsp/visualiza/index.jsp?data=25/03/2024&jornal=515&pagina=51,"Cessão de Uso Gratuita à Empresa de Pesquisa Agropecuária e Extensão Rural de Santa Catarina S/A - EPAGRI de imóvel da União localizado na Rua Marcos João Patrício, s/n, Bairro Barranca, no município de Araranguá, em Santa Catarina, com área de 435.569,84 m² e benfeitorias que somam 6.251,45 m², registrado sob matrícula nº 24.103, Livro nº 02, fls. 01, do Cartório de Registro de Imóveis de Araranguá/SC, cadastrado no SPIUnet sob RIP Imóvel nº 8027 00042.500-7."
295,Ordinária,Ministério da Integração e do Desenvolvimento Regional/Gabinete do Ministro,2024-03-25,"PORTARIA Nº 942, DE 22 DE MARÇO DE 2024",http://pesquisa.in.gov.br/imprensa/jsp/visualiza/index.jsp?data=25/03/2024&jornal=515&pagina=51,Permuta cargo em comissão e função de confiança do Ministério da Integração e do Desenvolvimento Regional.
296,Ordinária,Ministério da Integração e do Desenvolvimento Regional/Secretaria Nacional de Proteção e Defesa Civil,2024-03-25,"PORTARIA Nº 944, DE 21 DE MARÇO DE 2024",http://pesquisa.in.gov.br/imprensa/jsp/visualiza/index.jsp?data=25/03/2024&jornal=515&pagina=52,"Autoriza o empenho e a transferência de recursos ao Município de Eldorado do Sul-RS, para execução de ações de Defesa Civil."
297,Ordinária,Ministério da Integração e do Desenvolvimento Regional/Secretaria Nacional de Proteção e Defesa Civil,2024-03-25,"PORTARIA Nº 945, DE 22 DE MARÇO DE 2024",http://pesquisa.in.gov.br/imprensa/jsp/visualiza/index.jsp?data=25/03/2024&jornal=515&pagina=52,"Autoriza a transferência de recursos ao Município de Angelina-SC, para a execução de ações de Defesa Civil."
298,Ordinária,Ministério da Integração e do Desenvolvimento Regional/Secretaria Nacional de Proteção e Defesa Civil,2024-03-25,"PORTARIA Nº 948, DE 22 DE MARÇO DE 2024",http://pesquisa.in.gov.br/imprensa/jsp/visualiza/index.jsp?data=25/03/2024&jornal=515&pagina=52,"Autoriza a transferência de recursos ao Município de São João Batista - SC, para a execução de ações de Defesa Civil."
299,Ordinária,Ministério da Integração e do Desenvolvimento Regional/Secretaria Nacional de Proteção e Defesa Civil,2024-03-25,"PORTARIA Nº 947, DE 22 DE MARÇO DE 2024",http://pesquisa.in.gov.br/imprensa/jsp/visualiza/index.jsp?data=25/03/2024&jornal=515&pagina=52,"Autoriza a transferência de recursos ao Município de Nova Bassano - RS, para a execução de ações de Defesa Civil."
300,Ordinária,Ministério da Integração e do Desenvolvimento Regional/Secretaria Nacional de Proteção e Defesa Civil,2024-03-25,"PORTARIA Nº 946, DE 22 DE MARÇO DE 2024",http://pesquisa.in.gov.br/imprensa/jsp/visualiza/index.jsp?data=25/03/2024&jornal=515&pagina=52,"Autoriza a transferência de recursos ao Município de Cantanhede - MA, para a execução de ações de Defesa Civil."
301,Ordinária,Ministério da Justiça e Segurança Pública/Polícia Federal/Diretoria de Polícia Administrativa/Coordenação-Geral de Controle de Serviços e Produtos,2024-03-25,"PORTARIA Nº 34500941, DE 21 DE MARÇO DE 2024",http://pesquisa.in.gov.br/imprensa/jsp/visualiza/index.jsp?data=25/03/2024&jornal=515&pagina=53,
302,Ordinária,Ministério da Integração e do Desenvolvimento Regional/Secretaria Nacional de Proteção e Defesa Civil,2024-03-25,"PORTARIA Nº 983, DE 22 DE MARÇO DE 2024",http://pesquisa.in.gov.br/imprensa/jsp/visualiza/index.jsp?data=25/03/2024&jornal=515&pagina=53,
303,Ordinária,Ministério da Integração e do Desenvolvimento Regional/Agência Nacional de Águas e Saneamento Básico/Diretoria Colegiada/Área de Regulação de Usos/Superintendência de Regulação de Usos de Recursos Hídricos,2024-03-25,ATOS DE 21 DE MARÇO DE 2024,http://pesquisa.in.gov.br/imprensa/jsp/visualiza/index.jsp?data=25/03/2024&jornal=515&pagina=53,
304,Ordinária,Ministério da Justiça e Segurança Pública/Gabinete do Ministro,2024-03-25,"PORTARIA MJSP Nº 637, DE 21 DE MARÇO DE 2024",http://pesquisa.in.gov.br/imprensa/jsp/visualiza/index.jsp?data=25/03/2024&jornal=515&pagina=53,"Dispõe sobre o emprego da Força Nacional de Segurança Pública, em apoio à Casa Civil da Presidência da República, para execução do Plano de Desintrusão e de Enfrentamento da Crise Humanitária na Terra Indígena Yanomami, no Estado de Roraima."
305,Ordinária,Ministério da Integração e do Desenvolvimento Regional/Secretaria Nacional de Proteção e Defesa Civil,2024-03-25,"PORTARIA Nº 982, DE 22 DE MARÇO DE 2024",http://pesquisa.in.gov.br/imprensa/jsp/visualiza/index.jsp?data=25/03/2024&jornal=515&pagina=53,
306,Ordinária,Ministério da Integração e do Desenvolvimento Regional/Agência Nacional de Águas e Saneamento Básico/Diretoria Colegiada/Área de Regulação de Usos/Superintendência de Regulação de Usos de Recursos Hídricos,2024-03-25,ATOS DE 21 DE MARÇO DE 2024,http://pesquisa.in.gov.br/imprensa/jsp/visualiza/index.jsp?data=25/03/2024&jornal=515&pagina=53,
307,Ordinária,Ministério da Justiça e Segurança Pública/Secretaria Nacional de Justiça/Departamento de Migrações/Coordenação-Geral de Política Migratória/Coordenação de Processos Migratórios,2024-03-25,"PORTARIA Nº 3.371, DE 21 DE MARÇO DE 2024",http://pesquisa.in.gov.br/imprensa/jsp/visualiza/index.jsp?data=25/03/2024&jornal=515&pagina=55,
308,Ordinária,Ministério da Justiça e Segurança Pública/Secretaria Nacional de Justiça/Departamento de Migrações/Coordenação-Geral de Política Migratória/Coordenação de Processos Migratórios,2024-03-25,DESPACHOS DE 22 DE MARÇO DE 2024,http://pesquisa.in.gov.br/imprensa/jsp/visualiza/index.jsp?data=25/03/2024&jornal=515&pagina=55,
309,Ordinária,Ministério da Justiça e Segurança Pública/Secretaria Nacional de Justiça/Coordenação de Política de Classificação Indicativa,2024-03-25,"PORTARIA CPCIND/SENAJUS/MJSP Nº 657, DE 22 DE MARÇO DE 2024 | PORTARIA CPCIND/SENAJUS/MJSP Nº 658, DE 22 DE MARÇO DE 2024 | PORTARIA CPCIND/SENAJUS/MJSP Nº 660, DE 22 DE MARÇO DE 2024 | PORTARIA CPCIND/SENAJUS/MJSP Nº 661, DE 22 DE MARÇO DE 2024 | PORTARIA CPCIND/SENAJUS/MJSP Nº 662, DE 22 DE MARÇO DE 2024 | PORTARIA CPCIND/SENAJUS/MJSP Nº 663, DE 22 DE MARÇO DE 2024 | PORTARIA CPCIND/SENAJUS/MJSP Nº 664, DE 22 DE MARÇO DE 2024 | PORTARIA CPCIND/SENAJUS/MJSP Nº 665, DE 22 DE MARÇO DE 2024 | PORTARIA CPCIND/SENAJUS/MJSP Nº 666, DE 22 DE MARÇO DE 2024 | PORTARIA CPCIND/SENAJUS/MJSP Nº 667, DE 22 DE MARÇO DE 2024 | PORTARIA CPCIND/SENAJUS/MJSP Nº 668, DE 22 DE MARÇO DE 2024 | PORTARIA CPCIND/SENAJUS/MJSP Nº 669, DE 22 DE MARÇO DE 2024",http://pesquisa.in.gov.br/imprensa/jsp/visualiza/index.jsp?data=25/03/2024&jornal=515&pagina=56,
310,Ordinária,Ministério da Justiça e Segurança Pública/Secretaria Nacional de Justiça/Coordenação de Política de Classificação Indicativa,2024-03-25,RETIFICAÇÃO,http://pesquisa.in.gov.br/imprensa/jsp/visualiza/index.jsp?data=25/03/2024&jornal=515&pagina=58,
311,Ordinária,"Ministério de Minas e Energia/Secretaria Nacional de Petróleo, Gás Natural e Biocombustíveis",2024-03-25,"PORTARIA Nº 140/SNPGB/MME, DE 20 DE MARÇO DE 2024",http://pesquisa.in.gov.br/imprensa/jsp/visualiza/index.jsp?data=25/03/2024&jornal=515&pagina=58,
312,Ordinária,Ministério de Minas e Energia/Agência Nacional de Energia Elétrica,2024-03-25,"DESPACHO Nº 817, DE 19 DE MARÇO DE 2024",http://pesquisa.in.gov.br/imprensa/jsp/visualiza/index.jsp?data=25/03/2024&jornal=515&pagina=59,
313,Ordinária,Ministério de Minas e Energia/Agência Nacional de Energia Elétrica,2024-03-25,"DESPACHO Nº 823, DE 19 de março de 2024",http://pesquisa.in.gov.br/imprensa/jsp/visualiza/index.jsp?data=25/03/2024&jornal=515&pagina=59,
314,Ordinária,Ministério de Minas e Energia/Agência Nacional de Energia Elétrica,2024-03-25,RETIFICAÇÃO,http://pesquisa.in.gov.br/imprensa/jsp/visualiza/index.jsp?data=25/03/2024&jornal=515&pagina=59,
315,Ordinária,Ministério de Minas e Energia/Secretaria Nacional de Transição Energética e Planejamento,2024-03-25,"PORTARIA Nº 2.743/SNTEP/MME, DE 20 DE MARÇO DE 2024",http://pesquisa.in.gov.br/imprensa/jsp/visualiza/index.jsp?data=25/03/2024&jornal=515&pagina=59,
316,Ordinária,Ministério de Minas e Energia/Agência Nacional de Energia Elétrica,2024-03-25,"DESPACHO Nº 735, DE 12 DE MARÇO DE 2024",http://pesquisa.in.gov.br/imprensa/jsp/visualiza/index.jsp?data=25/03/2024&jornal=515&pagina=59,
317,Ordinária,Ministério de Minas e Energia/Agência Nacional de Energia Elétrica,2024-03-25,"RESOLUÇÃO AUTORIZATIVA Nº 15.190, DE 19 DE MARÇO DE 2024",http://pesquisa.in.gov.br/imprensa/jsp/visualiza/index.jsp?data=25/03/2024&jornal=515&pagina=59,
318,Ordinária,Ministério de Minas e Energia/Agência Nacional de Energia Elétrica,2024-03-25,"DESPACHO Nº 824, DE 19 DE MARÇO DE 2024",http://pesquisa.in.gov.br/imprensa/jsp/visualiza/index.jsp?data=25/03/2024&jornal=515&pagina=59,
319,Ordinária,Ministério de Minas e Energia/Agência Nacional de Energia Elétrica,2024-03-25,"RESOLUÇÃO AUTORIZATIVA Nº 15.196, DE 19 DE MARÇO DE 2024",http://pesquisa.in.gov.br/imprensa/jsp/visualiza/index.jsp?data=25/03/2024&jornal=515&pagina=59,
320,Ordinária,Ministério de Minas e Energia/Agência Nacional de Mineração/Gerência Regional da ANM no Estado de Goiás,2024-03-25,Despacho,http://pesquisa.in.gov.br/imprensa/jsp/visualiza/index.jsp?data=25/03/2024&jornal=515&pagina=60,
321,Ordinária,Ministério de Minas e Energia/Agência Nacional de Mineração/Gerência Regional da ANM no Estado de Goiás,2024-03-25,Despacho,http://pesquisa.in.gov.br/imprensa/jsp/visualiza/index.jsp?data=25/03/2024&jornal=515&pagina=61,
322,Ordinária,Ministério de Minas e Energia/Agência Nacional de Mineração/Gerência Regional da ANM no Estado de Mato Grosso,2024-03-25,Despacho,http://pesquisa.in.gov.br/imprensa/jsp/visualiza/index.jsp?data=25/03/2024&jornal=515&pagina=62,
323,Ordinária,Ministério de Minas e Energia/Agência Nacional de Mineração/Gerência Regional da ANM no Estado de Minas Gerais,2024-03-25,Despacho,http://pesquisa.in.gov.br/imprensa/jsp/visualiza/index.jsp?data=25/03/2024&jornal=515&pagina=63,
324,Ordinária,Ministério de Minas e Energia/Agência Nacional de Mineração/Gerência Regional da ANM no Estado de Minas Gerais,2024-03-25,Despacho,http://pesquisa.in.gov.br/imprensa/jsp/visualiza/index.jsp?data=25/03/2024&jornal=515&pagina=63,
325,Ordinária,Ministério de Minas e Energia/Agência Nacional de Mineração/Gerência Regional da ANM no Estado do Paraná,2024-03-25,Despachos,http://pesquisa.in.gov.br/imprensa/jsp/visualiza/index.jsp?data=25/03/2024&jornal=515&pagina=64,
326,Ordinária,"Ministério de Minas e Energia/Agência Nacional do Petróleo, Gás Natural e Biocombustíveis/Diretoria I/Superintendência de Participações Governamentais",2024-03-25,"DESPACHO SPG-ANP Nº 337, DE 22 DE MARÇO DE 2024",http://pesquisa.in.gov.br/imprensa/jsp/visualiza/index.jsp?data=25/03/2024&jornal=515&pagina=66,
327,Ordinária,"Ministério de Minas e Energia/Agência Nacional do Petróleo, Gás Natural e Biocombustíveis/Diretoria I/Superintendência de Participações Governamentais",2024-03-25,"DESPACHO SPG-ANP Nº 336, DE 22 DE MARÇO DE 2024",http://pesquisa.in.gov.br/imprensa/jsp/visualiza/index.jsp?data=25/03/2024&jornal=515&pagina=66,
328,Ordinária,"Ministério de Minas e Energia/Agência Nacional do Petróleo, Gás Natural e Biocombustíveis/Diretoria I/Superintendência de Produção de Combustíveis",2024-03-25,"DESPACHO SPC-ANP Nº 330, DE 22 DE MARÇO DE 2024",http://pesquisa.in.gov.br/imprensa/jsp/visualiza/index.jsp?data=25/03/2024&jornal=515&pagina=66,
329,Ordinária,"Ministério de Minas e Energia/Agência Nacional do Petróleo, Gás Natural e Biocombustíveis/Diretoria I/Superintendência de Participações Governamentais",2024-03-25,"DESPACHO SPG-ANP Nº 338, DE 22 DE MARÇO DE 2024",http://pesquisa.in.gov.br/imprensa/jsp/visualiza/index.jsp?data=25/03/2024&jornal=515&pagina=66,
330,Ordinária,"Ministério de Minas e Energia/Agência Nacional do Petróleo, Gás Natural e Biocombustíveis/Diretoria II/Superintendência de Distribuição e Logística",2024-03-25,"AUTORIZAÇÃO SDL-ANP Nº 169, DE 22 DE MARÇO DE 2024",http://pesquisa.in.gov.br/imprensa/jsp/visualiza/index.jsp?data=25/03/2024&jornal=515&pagina=66,
331,Ordinária,"Ministério de Minas e Energia/Agência Nacional do Petróleo, Gás Natural e Biocombustíveis/Diretoria I/Superintendência de Produção de Combustíveis",2024-03-25,RETIFICAÇÃO,http://pesquisa.in.gov.br/imprensa/jsp/visualiza/index.jsp?data=25/03/2024&jornal=515&pagina=66,
332,Ordinária,"Ministério de Minas e Energia/Agência Nacional do Petróleo, Gás Natural e Biocombustíveis/Diretoria II/Superintendência de Distribuição e Logística",2024-03-25,"AUTORIZAÇÃO SDL-ANP Nº 168, DE 22 DE MARÇO DE 2024",http://pesquisa.in.gov.br/imprensa/jsp/visualiza/index.jsp?data=25/03/2024&jornal=515&pagina=66,
333,Ordinária,"Ministério de Minas e Energia/Agência Nacional do Petróleo, Gás Natural e Biocombustíveis/Diretoria II/Superintendência de Distribuição e Logística",2024-03-25,"DESPACHO SDL-ANP Nº 334, DE 22 DE MARÇO DE 2024",http://pesquisa.in.gov.br/imprensa/jsp/visualiza/index.jsp?data=25/03/2024&jornal=515&pagina=67,
334,Ordinária,"Ministério de Minas e Energia/Agência Nacional do Petróleo, Gás Natural e Biocombustíveis/Diretoria II/Superintendência de Distribuição e Logística",2024-03-25,"DESPACHO SDL-ANP Nº 333, DE 22 DE março DE 2024",http://pesquisa.in.gov.br/imprensa/jsp/visualiza/index.jsp?data=25/03/2024&jornal=515&pagina=67,
335,Ordinária,"Ministério de Minas e Energia/Agência Nacional do Petróleo, Gás Natural e Biocombustíveis/Diretoria II/Superintendência de Distribuição e Logística",2024-03-25,"AUTORIZAÇÃO SDL-ANP Nº 171, DE 22 DE MARÇO DE 2024",http://pesquisa.in.gov.br/imprensa/jsp/visualiza/index.jsp?data=25/03/2024&jornal=515&pagina=67,
336,Ordinária,"Ministério de Minas e Energia/Agência Nacional do Petróleo, Gás Natural e Biocombustíveis/Diretoria II/Superintendência de Distribuição e Logística",2024-03-25,"DESPACHO SDL-ANP Nº 335, DE 22 DE MARÇO DE 2024",http://pesquisa.in.gov.br/imprensa/jsp/visualiza/index.jsp?data=25/03/2024&jornal=515&pagina=67,
337,Ordinária,"Ministério de Minas e Energia/Agência Nacional do Petróleo, Gás Natural e Biocombustíveis/Diretoria II/Superintendência de Distribuição e Logística",2024-03-25,"DESPACHO SDL-ANP Nº 331, DE 22 DE MARÇO DE 2024",http://pesquisa.in.gov.br/imprensa/jsp/visualiza/index.jsp?data=25/03/2024&jornal=515&pagina=67,
338,Ordinária,"Ministério de Minas e Energia/Agência Nacional do Petróleo, Gás Natural e Biocombustíveis/Diretoria II/Superintendência de Distribuição e Logística",2024-03-25,"DESPACHO SDL-ANP Nº 332, DE 22 DE MARÇO DE 2024",http://pesquisa.in.gov.br/imprensa/jsp/visualiza/index.jsp?data=25/03/2024&jornal=515&pagina=67,
339,Ordinária,"Ministério de Minas e Energia/Agência Nacional do Petróleo, Gás Natural e Biocombustíveis/Diretoria II/Superintendência de Distribuição e Logística",2024-03-25,"AUTORIZAÇÃO SDL-ANP Nº 170, DE 22 DE MARÇO DE 2024",http://pesquisa.in.gov.br/imprensa/jsp/visualiza/index.jsp?data=25/03/2024&jornal=515&pagina=67,
340,Ordinária,Ministério de Portos e Aeroportos/Agência Nacional de Aviação Civil/Superintendência de Infraestrutura Aeroportuária,2024-03-25,"PORTARIA Nº 14.169, DE 22 DE MARÇO DE 2024",http://pesquisa.in.gov.br/imprensa/jsp/visualiza/index.jsp?data=25/03/2024&jornal=515&pagina=68,
341,Ordinária,Ministério de Portos e Aeroportos/Agência Nacional de Aviação Civil/Superintendência de Infraestrutura Aeroportuária/Gerência de Certificação e Segurança Operacional,2024-03-25,"PORTARIA Nº 13.950, DE 27 DE FEVEREIRO DE 2024",http://pesquisa.in.gov.br/imprensa/jsp/visualiza/index.jsp?data=25/03/2024&jornal=515&pagina=68,
342,Ordinária,Ministério de Portos e Aeroportos/Gabinete do Ministro,2024-03-25,"PORTARIA Nº 552, DE 8 DE DEZEMBRO DE 2023",http://pesquisa.in.gov.br/imprensa/jsp/visualiza/index.jsp?data=25/03/2024&jornal=515&pagina=68,"Aprova o enquadramento, para fins de habilitação no Regime Especial de Incentivos para o Desenvolvimento da Infraestrutura - REIDI, do projeto de investimento em infraestrutura no setor de transportes - portos organizados e instalações portuárias autorizadas, proposto pela empresa Bahia Mineração S.A. - BAMIN."
343,Ordinária,Ministério da Pesca e Aquicultura/Gabinete do Ministro,2024-03-25,"PORTARIA MPA Nº 209, DE 22 DE MARÇO DE 2024",http://pesquisa.in.gov.br/imprensa/jsp/visualiza/index.jsp?data=25/03/2024&jornal=515&pagina=68,"Estabelece o procedimento de atualização cadastral para a concessão de Licença na categoria de Aquicultor e Aquicultora, no âmbito do Registro Geral da Atividade Pesqueira."
344,Ordinária,Ministério de Portos e Aeroportos/Agência Nacional de Aviação Civil/Superintendência de Padrões Operacionais,2024-03-25,"PORTARIA Nº 14.094, DE 14 DE MARÇO DE 2024",http://pesquisa.in.gov.br/imprensa/jsp/visualiza/index.jsp?data=25/03/2024&jornal=515&pagina=69,
345,Ordinária,Ministério de Portos e Aeroportos/Agência Nacional de Aviação Civil/Superintendência de Pessoal da Aviação Civil/Gerência de Certificação de Pessoal/Coordenadoria de Certificação Médica Aeronáutica,2024-03-25,"PORTARIA Nº 14.155, DE 20 DE MARÇO DE 2024",http://pesquisa.in.gov.br/imprensa/jsp/visualiza/index.jsp?data=25/03/2024&jornal=515&pagina=69,
346,Ordinária,Ministério de Portos e Aeroportos/Agência Nacional de Aviação Civil/Superintendência de Padrões Operacionais,2024-03-25,"PORTARIA Nº 14.139, DE 19 DE MARÇO DE 2024",http://pesquisa.in.gov.br/imprensa/jsp/visualiza/index.jsp?data=25/03/2024&jornal=515&pagina=69,
347,Ordinária,Ministério de Portos e Aeroportos/Agência Nacional de Aviação Civil/Superintendência de Padrões Operacionais,2024-03-25,"PORTARIA Nº 14.091, DE 14 DE MARÇO DE 2024",http://pesquisa.in.gov.br/imprensa/jsp/visualiza/index.jsp?data=25/03/2024&jornal=515&pagina=69,
348,Ordinária,Ministério de Portos e Aeroportos/Agência Nacional de Aviação Civil/Superintendência de Pessoal da Aviação Civil/Gerência de Formação e Qualificação de Pessoal,2024-03-25,"PORTARIA Nº 14.157, DE 21 DE MARÇO DE 2024",http://pesquisa.in.gov.br/imprensa/jsp/visualiza/index.jsp?data=25/03/2024&jornal=515&pagina=69,
349,Ordinária,Ministério de Portos e Aeroportos/Agência Nacional de Aviação Civil/Superintendência de Padrões Operacionais,2024-03-25,"PORTARIA Nº 14.126, DE 18 DE MARÇO DE 2024",http://pesquisa.in.gov.br/imprensa/jsp/visualiza/index.jsp?data=25/03/2024&jornal=515&pagina=69,
350,Ordinária,Ministério de Portos e Aeroportos/Agência Nacional de Aviação Civil/Superintendência de Padrões Operacionais,2024-03-25,"PORTARIA Nº 14.152, DE 20 DE MARÇO DE 2024",http://pesquisa.in.gov.br/imprensa/jsp/visualiza/index.jsp?data=25/03/2024&jornal=515&pagina=69,
351,Ordinária,Ministério de Portos e Aeroportos/Agência Nacional de Aviação Civil/Superintendência de Padrões Operacionais/Gerência de Operações da Aviação Geral,2024-03-25,"PORTARIA Nº 14.144, DE 19 DE MARÇO DE 2024",http://pesquisa.in.gov.br/imprensa/jsp/visualiza/index.jsp?data=25/03/2024&jornal=515&pagina=69,
352,Ordinária,Ministério de Portos e Aeroportos/Agência Nacional de Aviação Civil/Superintendência de Padrões Operacionais,2024-03-25,"PORTARIA Nº 14.146, DE 19 DE MARÇO DE 2024",http://pesquisa.in.gov.br/imprensa/jsp/visualiza/index.jsp?data=25/03/2024&jornal=515&pagina=69,
353,Ordinária,Ministério dos Povos Indígenas/Gabinete da Ministra,2024-03-25,"PORTARIA GM/MPI Nº 97, DE 20 DE MARÇO DE 2024",http://pesquisa.in.gov.br/imprensa/jsp/visualiza/index.jsp?data=25/03/2024&jornal=515&pagina=69,Institui o Programa Mosarambihára: Semeadores do Bem Viver para Cura da Terra.
354,Ordinária,Ministério de Portos e Aeroportos/Agência Nacional de Aviação Civil/Superintendência de Infraestrutura Aeroportuária/Gerência de Certificação e Segurança Operacional,2024-03-25,"PORTARIA Nº 14.088, DE 13 DE MARÇO DE 2024",http://pesquisa.in.gov.br/imprensa/jsp/visualiza/index.jsp?data=25/03/2024&jornal=515&pagina=69,
355,Ordinária,Ministério da Previdência Social/Superintendência Nacional de Previdência Complementar/Diretoria de Licenciamento,2024-03-25,"Portaria Previc Nº 190, DE 21 DE março DE 2024",http://pesquisa.in.gov.br/imprensa/jsp/visualiza/index.jsp?data=25/03/2024&jornal=515&pagina=70,
356,Ordinária,Ministério da Previdência Social/Superintendência Nacional de Previdência Complementar/Diretoria de Licenciamento,2024-03-25,"Portaria Previc Nº 184, DE 15 DE março DE 2024",http://pesquisa.in.gov.br/imprensa/jsp/visualiza/index.jsp?data=25/03/2024&jornal=515&pagina=70,
357,Ordinária,Ministério da Previdência Social/Superintendência Nacional de Previdência Complementar/Diretoria de Licenciamento,2024-03-25,"Portaria Previc Nº 187, DE 19 DE março DE 2024",http://pesquisa.in.gov.br/imprensa/jsp/visualiza/index.jsp?data=25/03/2024&jornal=515&pagina=70,
358,Ordinária,Ministério da Previdência Social/Superintendência Nacional de Previdência Complementar/Diretoria de Licenciamento,2024-03-25,"Portaria Previc Nº 194, DE 21 DE março DE 2024",http://pesquisa.in.gov.br/imprensa/jsp/visualiza/index.jsp?data=25/03/2024&jornal=515&pagina=70,
359,Ordinária,Ministério da Previdência Social/Superintendência Nacional de Previdência Complementar/Diretoria de Licenciamento,2024-03-25,"Portaria Previc Nº 195, DE 21 DE março DE 2024",http://pesquisa.in.gov.br/imprensa/jsp/visualiza/index.jsp?data=25/03/2024&jornal=515&pagina=70,
360,Ordinária,Ministério da Saúde/Gabinete da Ministra,2024-03-25,"PORTARIA GM/MS Nº 3.161, DE 22 de março DE 2024",http://pesquisa.in.gov.br/imprensa/jsp/visualiza/index.jsp?data=25/03/2024&jornal=515&pagina=71,"Suspende a transferência de incentivos financeiros referentes à Estratégia Saúde Bucal, no município de Riachinho, no estado do Tocantins, em virtude de irregularidades/impropriedades detectadas pela Secretaria de Saúde do Estado do Tocantins, especialmente no que tange ao descumprimento de carga horária, conforme preconiza o Art. 4º, § 1, da Portaria de Consolidação 01 de 02 de junho de 2021."
361,Ordinária,Ministério da Saúde/Gabinete da Ministra,2024-03-25,"PORTARIA GM/MS Nº 3.229, DE 22 DE MARÇO DE 2024",http://pesquisa.in.gov.br/imprensa/jsp/visualiza/index.jsp?data=25/03/2024&jornal=515&pagina=71,Descredencia e cancela a homologação dos polos do Programa Academia da Saúde em decorrência da suspensão total ou do não atendimento aos requisitos mínimos para a transferência do incentivo de custeio federal por mais de 12 (doze) competências consecutivas.
362,Ordinária,Ministério da Saúde/Gabinete da Ministra,2024-03-25,"PORTARIA GM/MS Nº 3.347, DE 22 DE MARÇO DE 2024",http://pesquisa.in.gov.br/imprensa/jsp/visualiza/index.jsp?data=25/03/2024&jornal=515&pagina=72,"Habilita Unidade de Assistência em Alta Complexidade Cardiovascular e estabelece recurso do Bloco de Manutenção das Ações e Serviços Públicos de Saúde - Grupo de Atenção Especializada, a ser incorporado ao Grupo de Atenção de Média e Alta Complexidade - MAC do município de Pelotas no estado do Rio Grande do Sul."
363,Ordinária,Ministério da Saúde/Gabinete da Ministra,2024-03-25,"PORTARIA GM/MS Nº 3.345, DE 22 DE MARÇO DE 2024",http://pesquisa.in.gov.br/imprensa/jsp/visualiza/index.jsp?data=25/03/2024&jornal=515&pagina=72,"Habilita Centro de Atendimento de Urgência aos Pacientes com AVC - Tipo III e estabelece recurso do Bloco de Manutenção das Ações e Serviços Públicos de Saúde - Grupo de Atenção Especializada, a ser incorporado ao limite financeiro de Média e Alta Complexidade - MAC do Estado de Santa Catarina."
364,Ordinária,Ministério da Saúde/Gabinete da Ministra,2024-03-25,"PORTARIA GM/MS Nº 3.355, DE 22 DE MARÇO DE 2024",http://pesquisa.in.gov.br/imprensa/jsp/visualiza/index.jsp?data=25/03/2024&jornal=515&pagina=72,"Habilita Unidade de Assistência de Alta Complexidade em Neurocirurgia e estabelece recurso do Bloco de Manutenção das Ações e Serviços Públicos de Saúde - Grupo de Atenção Especializada, a ser incorporado ao limite financeiro de Média e Alta Complexidade - MAC do Estado de São Paulo."
365,Ordinária,Ministério da Saúde/Gabinete da Ministra,2024-03-25,"PORTARIA GM/MS Nº 3.366, DE 22 DE MARÇO DE 2024",http://pesquisa.in.gov.br/imprensa/jsp/visualiza/index.jsp?data=25/03/2024&jornal=515&pagina=73,"Habilita leitos de Unidades de Terapia Intensiva - UTI Adulto e Pediátrico e estabelece recurso financeiro do Bloco de Manutenção das Ações e Serviços Públicos de Saúde - Grupo de Atenção Especializada, a ser incorporado ao limite financeiro de Média e Alta Complexidade - MAC de Estados e Municípios."
366,Ordinária,Ministério da Saúde/Gabinete da Ministra,2024-03-25,"PORTARIA GM/MS Nº 3.360, DE 22 DE MARÇO DE 2024",http://pesquisa.in.gov.br/imprensa/jsp/visualiza/index.jsp?data=25/03/2024&jornal=515&pagina=73,"Altera, para Unidade de Assistência de Alta Complexidade em Oncologia - UNACON com Serviço de Radioterapia e Hematologia, a habilitação do Hospital Regional de Juazeiro e estabelece recurso do Bloco de Manutenção das Ações e Serviços Públicos de Saúde - Grupo de Atenção Especializada, a ser incorporado ao limite financeiro de Média e Alta Complexidade ( MAC) do Estado da Bahia."
367,Ordinária,Ministério da Saúde/Gabinete da Ministra,2024-03-25,"PORTARIA GM/MS Nº 3.367, DE 22 DE MARÇO DE 2024",http://pesquisa.in.gov.br/imprensa/jsp/visualiza/index.jsp?data=25/03/2024&jornal=515&pagina=74,"Renova a qualificação da Unidade de Pronto Atendimento (UPA 24h Nova Opção V - Parque Vitória), mantém o recurso já destinado ao custeio da Unidade e estabelece o acréscimo de recurso do Bloco de Manutenção das Ações e Serviços Públicos de Saúde - Grupo de Atenção Especializada, incorporados ao limite financeiro de Média e Alta Complexidade (MAC), do Estado do Maranhão, referente ao acréscimo de 30% da Amazônia Legal."
368,Ordinária,Ministério da Saúde/Gabinete da Ministra,2024-03-25,"PORTARIA GM/MS Nº 3.370, DE 22 DE MARÇO DE 2024",http://pesquisa.in.gov.br/imprensa/jsp/visualiza/index.jsp?data=25/03/2024&jornal=515&pagina=75,"Estabelece recurso do Bloco de Manutenção das Ações e Serviços Públicos de Saúde - Grupo de Atenção Especializada, a ser incorporado ao limite financeiro de Média e Alta Complexidade - MAC do Município de Macapá no Estado do Amapá."
369,Ordinária,Ministério da Saúde/Gabinete da Ministra,2024-03-25,"PORTARIA GM/MS Nº 3.369, DE 22 DE MARÇO DE 2024",http://pesquisa.in.gov.br/imprensa/jsp/visualiza/index.jsp?data=25/03/2024&jornal=515&pagina=75,"Estabelece recurso financeiro do Bloco de Manutenção das Ações e Serviços Públicos de Saúde - Grupo de Atenção Especializada, a ser incorporado ao limite financeiro de Média e Alta Complexidade (MAC) do Município de Maracanaú no Estado do Ceará."
370,Ordinária,Ministério da Saúde/Gabinete da Ministra,2024-03-25,"PORTARIA GM/MS Nº 3.407, DE 22 DE MARÇO DE 2024",http://pesquisa.in.gov.br/imprensa/jsp/visualiza/index.jsp?data=25/03/2024&jornal=515&pagina=75,Autoriza o repasse referente ao incremento financeiro emergencial de custeio de resposta às emergências em saúde pública no âmbito do Sistema Único de Saúde.
371,Ordinária,Ministério da Saúde/Gabinete da Ministra,2024-03-25,"PORTARIA GM/MS Nº 3.408, DE 22 DE MARÇO DE 2024",http://pesquisa.in.gov.br/imprensa/jsp/visualiza/index.jsp?data=25/03/2024&jornal=515&pagina=76,"Suspende, na parcela 10 de 2023, a transferência de incentivos financeiros das equipes da Atenção Primária com irregularidades no cadastro de profissionais no Sistema de Cadastro Nacional de Estabelecimentos de Saúde (SCNES)."
372,Ordinária,"Ministério da Saúde/Secretaria de Ciência, Tecnologia e Inovação e do Complexo Econômico-Industrial da Saúde",2024-03-25,DESPACHO de 22 de março de 2024,http://pesquisa.in.gov.br/imprensa/jsp/visualiza/index.jsp?data=25/03/2024&jornal=515&pagina=77,
373,Ordinária,"Ministério da Saúde/Secretaria de Ciência, Tecnologia e Inovação e do Complexo Econômico-Industrial da Saúde",2024-03-25,DESPACHOS de 22 de março de 2024,http://pesquisa.in.gov.br/imprensa/jsp/visualiza/index.jsp?data=25/03/2024&jornal=515&pagina=77,
374,Ordinária,Ministério da Saúde/Agência Nacional de Vigilância Sanitária/Diretoria Colegiada,2024-03-25,RETIFICAÇÃO,http://pesquisa.in.gov.br/imprensa/jsp/visualiza/index.jsp?data=25/03/2024&jornal=515&pagina=78,
375,Ordinária,Ministério da Saúde/Agência Nacional de Saúde Suplementar/Diretoria Colegiada,2024-03-25,"RESOLUÇÃO-RE Nº 1.157, DE 22 DE MARÇO DE 2024",http://pesquisa.in.gov.br/imprensa/jsp/visualiza/index.jsp?data=25/03/2024&jornal=515&pagina=78,
376,Ordinária,Ministério da Saúde/Agência Nacional de Saúde Suplementar/Diretoria Colegiada,2024-03-25,RETIFICAÇÃO,http://pesquisa.in.gov.br/imprensa/jsp/visualiza/index.jsp?data=25/03/2024&jornal=515&pagina=78,
377,Ordinária,Ministério da Saúde/Agência Nacional de Vigilância Sanitária/2ª Diretoria/Gerência-Geral de Alimentos,2024-03-25,"RESOLUÇÃO-RE Nº 1.126, DE 21 DE MARÇO DE 2024",http://pesquisa.in.gov.br/imprensa/jsp/visualiza/index.jsp?data=25/03/2024&jornal=515&pagina=83,
378,Ordinária,Ministério da Saúde/Agência Nacional de Vigilância Sanitária/2ª Diretoria/Gerência-Geral de Medicamentos,2024-03-25,"RESOLUÇÃO-RE Nº 1.130, DE 21 DE MARÇO DE 2024",http://pesquisa.in.gov.br/imprensa/jsp/visualiza/index.jsp?data=25/03/2024&jornal=515&pagina=84,
379,Ordinária,Ministério da Saúde/Agência Nacional de Vigilância Sanitária/2ª Diretoria/Gerência-Geral de Medicamentos,2024-03-25,"RESOLUÇÃO-RE Nº 1.131, DE 21 DE MARÇO DE 2024",http://pesquisa.in.gov.br/imprensa/jsp/visualiza/index.jsp?data=25/03/2024&jornal=515&pagina=86,
380,Ordinária,Ministério da Saúde/Agência Nacional de Vigilância Sanitária/2ª Diretoria/Gerência-Geral de Medicamentos,2024-03-25,RETIFICAÇÃO,http://pesquisa.in.gov.br/imprensa/jsp/visualiza/index.jsp?data=25/03/2024&jornal=515&pagina=86,
381,Ordinária,Ministério da Saúde/Agência Nacional de Vigilância Sanitária/2ª Diretoria/Gerência-Geral de Medicamentos,2024-03-25,RETIFICAÇÃO,http://pesquisa.in.gov.br/imprensa/jsp/visualiza/index.jsp?data=25/03/2024&jornal=515&pagina=86,
382,Ordinária,Ministério da Saúde/Agência Nacional de Vigilância Sanitária/2ª Diretoria/Gerência-Geral de Medicamentos,2024-03-25,"RESOLUÇÃO-RE Nº 1.132, DE 21 DE MARÇO DE 2024",http://pesquisa.in.gov.br/imprensa/jsp/visualiza/index.jsp?data=25/03/2024&jornal=515&pagina=86,
383,Ordinária,Ministério da Saúde/Agência Nacional de Vigilância Sanitária/2ª Diretoria/Gerência-Geral de Medicamentos,2024-03-25,RETIFICAÇÃO,http://pesquisa.in.gov.br/imprensa/jsp/visualiza/index.jsp?data=25/03/2024&jornal=515&pagina=86,
384,Ordinária,"Ministério da Saúde/Agência Nacional de Vigilância Sanitária/2ª Diretoria/Gerência-Geral de Produtos Biológicos, Radiofármacos, Sangue, Tecidos, Células, Órgãos e Prod de Terapias Avan",2024-03-25,"RESOLUÇÃO-RE Nº 1.105, DE 21 DE MARÇO DE 2024",http://pesquisa.in.gov.br/imprensa/jsp/visualiza/index.jsp?data=25/03/2024&jornal=515&pagina=87,
385,Ordinária,"Ministério da Saúde/Agência Nacional de Vigilância Sanitária/2ª Diretoria/Gerência-Geral de Produtos Biológicos, Radiofármacos, Sangue, Tecidos, Células, Órgãos e Prod de Terapias Avan",2024-03-25,"RESOLUÇÃO-RE Nº 1.104, DE 21 DE MARÇO DE 2024",http://pesquisa.in.gov.br/imprensa/jsp/visualiza/index.jsp?data=25/03/2024&jornal=515&pagina=87,
386,Ordinária,Ministério da Saúde/Agência Nacional de Vigilância Sanitária/3ª Diretoria/Gerência-Geral de Registro e Fiscalização de Produtos Fumígenos Derivados ou Não do Tabaco,2024-03-25,"RESOLUÇÃO-RE Nº 1.150, DE 22 DE MARÇO DE 2024",http://pesquisa.in.gov.br/imprensa/jsp/visualiza/index.jsp?data=25/03/2024&jornal=515&pagina=88,
387,Ordinária,"Ministério da Saúde/Agência Nacional de Vigilância Sanitária/2ª Diretoria/Gerência-Geral de Produtos Biológicos, Radiofármacos, Sangue, Tecidos, Células, Órgãos e Prod de Terapias Avan",2024-03-25,"RESOLUÇÃO-RE Nº 1.106, DE 21 DE MARÇO DE 2024",http://pesquisa.in.gov.br/imprensa/jsp/visualiza/index.jsp?data=25/03/2024&jornal=515&pagina=88,
388,Ordinária,Ministério da Saúde/Agência Nacional de Vigilância Sanitária/3ª Diretoria/Gerência-Geral de Registro e Fiscalização de Produtos Fumígenos Derivados ou Não do Tabaco,2024-03-25,"RESOLUÇÃO-RE Nº 1.149, DE 22 DE MARÇO DE 2024",http://pesquisa.in.gov.br/imprensa/jsp/visualiza/index.jsp?data=25/03/2024&jornal=515&pagina=88,
389,Ordinária,Ministério da Saúde/Agência Nacional de Vigilância Sanitária/3ª Diretoria/Gerência-Geral de Registro e Fiscalização de Produtos Fumígenos Derivados ou Não do Tabaco,2024-03-25,"RESOLUÇÃO-RE Nº 1.153, DE 22 DE MARÇO DE 2024",http://pesquisa.in.gov.br/imprensa/jsp/visualiza/index.jsp?data=25/03/2024&jornal=515&pagina=89,
390,Ordinária,Ministério da Saúde/Agência Nacional de Vigilância Sanitária/3ª Diretoria/Gerência-Geral de Tecnologia de Produtos para Saúde,2024-03-25,"RESOLUÇÃO-RE Nº 1.112, DE 21 DE MARÇO DE 2024",http://pesquisa.in.gov.br/imprensa/jsp/visualiza/index.jsp?data=25/03/2024&jornal=515&pagina=89,
391,Ordinária,Ministério da Saúde/Agência Nacional de Vigilância Sanitária/3ª Diretoria/Gerência-Geral de Registro e Fiscalização de Produtos Fumígenos Derivados ou Não do Tabaco,2024-03-25,"RESOLUÇÃO-RE Nº 1.151, DE 22 DE MARÇO DE 2024",http://pesquisa.in.gov.br/imprensa/jsp/visualiza/index.jsp?data=25/03/2024&jornal=515&pagina=89,
392,Ordinária,Ministério da Saúde/Agência Nacional de Vigilância Sanitária/3ª Diretoria/Gerência-Geral de Registro e Fiscalização de Produtos Fumígenos Derivados ou Não do Tabaco,2024-03-25,"RESOLUÇÃO-RE Nº 1.152, DE 22 DE MARÇO DE 2024",http://pesquisa.in.gov.br/imprensa/jsp/visualiza/index.jsp?data=25/03/2024&jornal=515&pagina=89,
393,Ordinária,Ministério da Saúde/Agência Nacional de Vigilância Sanitária/3ª Diretoria/Gerência-Geral de Tecnologia de Produtos para Saúde,2024-03-25,"RESOLUÇÃO-RE Nº 1.113, DE 21 DE MARÇO DE 2024",http://pesquisa.in.gov.br/imprensa/jsp/visualiza/index.jsp?data=25/03/2024&jornal=515&pagina=117,
394,Ordinária,Ministério da Saúde/Agência Nacional de Vigilância Sanitária/3ª Diretoria/Gerência-Geral de Tecnologia de Produtos para Saúde,2024-03-25,"RESOLUÇÃO-RE Nº 1.114, DE 21 DE MARÇO DE 2024",http://pesquisa.in.gov.br/imprensa/jsp/visualiza/index.jsp?data=25/03/2024&jornal=515&pagina=118,
395,Ordinária,Ministério da Saúde/Agência Nacional de Vigilância Sanitária/3ª Diretoria/Gerência-Geral de Tecnologia de Produtos para Saúde,2024-03-25,"RESOLUÇÃO-RE Nº 1.116, DE 21 DE MARÇO DE 2024",http://pesquisa.in.gov.br/imprensa/jsp/visualiza/index.jsp?data=25/03/2024&jornal=515&pagina=119,
396,Ordinária,Ministério da Saúde/Agência Nacional de Vigilância Sanitária/3ª Diretoria/Gerência-Geral de Tecnologia de Produtos para Saúde,2024-03-25,"RESOLUÇÃO-RE Nº 1.115, DE 21 DE MARÇO DE 2024",http://pesquisa.in.gov.br/imprensa/jsp/visualiza/index.jsp?data=25/03/2024&jornal=515&pagina=119,
397,Ordinária,Ministério da Saúde/Agência Nacional de Vigilância Sanitária/3ª Diretoria/Gerência-Geral de Tecnologia de Produtos para Saúde,2024-03-25,"RESOLUÇÃO-RE Nº 1.117, DE 21 DE MARÇO DE 2024",http://pesquisa.in.gov.br/imprensa/jsp/visualiza/index.jsp?data=25/03/2024&jornal=515&pagina=123,
398,Ordinária,Ministério da Saúde/Agência Nacional de Vigilância Sanitária/3ª Diretoria/Gerência-Geral de Tecnologia de Produtos para Saúde,2024-03-25,"RESOLUÇÃO-RE Nº 1.118, DE 21 DE MARÇO DE 2024",http://pesquisa.in.gov.br/imprensa/jsp/visualiza/index.jsp?data=25/03/2024&jornal=515&pagina=126,
399,Ordinária,Ministério da Saúde/Agência Nacional de Vigilância Sanitária/3ª Diretoria/Gerência-Geral de Tecnologia de Produtos para Saúde,2024-03-25,"RESOLUÇÃO-RE Nº 1.119, DE 21 DE MARÇO DE 2024",http://pesquisa.in.gov.br/imprensa/jsp/visualiza/index.jsp?data=25/03/2024&jornal=515&pagina=127,
400,Ordinária,Ministério da Saúde/Agência Nacional de Vigilância Sanitária/3ª Diretoria/Gerência-Geral de Tecnologia de Produtos para Saúde,2024-03-25,"RESOLUÇÃO-RE Nº 1.120, DE 21 DE MARÇO DE 2024",http://pesquisa.in.gov.br/imprensa/jsp/visualiza/index.jsp?data=25/03/2024&jornal=515&pagina=129,
401,Ordinária,Ministério da Saúde/Agência Nacional de Vigilância Sanitária/3ª Diretoria/Gerência-Geral de Toxicologia,2024-03-25,"RESOLUÇÃO-RE Nº 1.145, DE 22 DE MARÇO DE 2024",http://pesquisa.in.gov.br/imprensa/jsp/visualiza/index.jsp?data=25/03/2024&jornal=515&pagina=130,
402,Ordinária,Ministério da Saúde/Agência Nacional de Vigilância Sanitária/3ª Diretoria/Gerência-Geral de Toxicologia,2024-03-25,"RESOLUÇÃO-RE Nº 1.147, DE 22 DE MARÇO DE 2024",http://pesquisa.in.gov.br/imprensa/jsp/visualiza/index.jsp?data=25/03/2024&jornal=515&pagina=131,
403,Ordinária,Ministério da Saúde/Agência Nacional de Vigilância Sanitária/4ª Diretoria/Gerência-Geral de Inspeção e Fiscalização Sanitária,2024-03-25,"RESOLUÇÃO-RE Nº 1.099, DE 21 DE MARÇO DE 2024",http://pesquisa.in.gov.br/imprensa/jsp/visualiza/index.jsp?data=25/03/2024&jornal=515&pagina=131,
404,Ordinária,Ministério da Saúde/Agência Nacional de Vigilância Sanitária/3ª Diretoria/Gerência-Geral de Toxicologia,2024-03-25,"RESOLUÇÃO-RE Nº 1.148, DE 22 DE MARÇO DE 2024",http://pesquisa.in.gov.br/imprensa/jsp/visualiza/index.jsp?data=25/03/2024&jornal=515&pagina=131,
405,Ordinária,Ministério da Saúde/Agência Nacional de Vigilância Sanitária/3ª Diretoria/Gerência-Geral de Toxicologia,2024-03-25,"RESOLUÇÃO-RE Nº 1.147, DE 22 DE MARÇO DE 2024",http://pesquisa.in.gov.br/imprensa/jsp/visualiza/index.jsp?data=25/03/2024&jornal=515&pagina=131,
406,Ordinária,Ministério da Saúde/Agência Nacional de Vigilância Sanitária/4ª Diretoria/Gerência-Geral de Inspeção e Fiscalização Sanitária,2024-03-25,"RESOLUÇÃO-RE Nº 1.101, DE 21 DE MARÇO DE 2024",http://pesquisa.in.gov.br/imprensa/jsp/visualiza/index.jsp?data=25/03/2024&jornal=515&pagina=132,
407,Ordinária,Ministério da Saúde/Agência Nacional de Vigilância Sanitária/4ª Diretoria/Gerência-Geral de Inspeção e Fiscalização Sanitária,2024-03-25,"RESOLUÇÃO-RE Nº 1.102, DE 21 DE MARÇO DE 2024",http://pesquisa.in.gov.br/imprensa/jsp/visualiza/index.jsp?data=25/03/2024&jornal=515&pagina=132,
408,Ordinária,Ministério da Saúde/Agência Nacional de Vigilância Sanitária/4ª Diretoria/Gerência-Geral de Inspeção e Fiscalização Sanitária,2024-03-25,"RESOLUÇÃO-RE Nº 1.100, DE 21 DE MARÇO DE 2024",http://pesquisa.in.gov.br/imprensa/jsp/visualiza/index.jsp?data=25/03/2024&jornal=515&pagina=132,
409,Ordinária,Ministério da Saúde/Agência Nacional de Vigilância Sanitária/4ª Diretoria/Gerência-Geral de Inspeção e Fiscalização Sanitária,2024-03-25,"RESOLUÇÃO-RE Nº 1.111, DE 21 DE MARÇO DE 2024",http://pesquisa.in.gov.br/imprensa/jsp/visualiza/index.jsp?data=25/03/2024&jornal=515&pagina=133,
410,Ordinária,Ministério da Saúde/Agência Nacional de Vigilância Sanitária/4ª Diretoria/Gerência-Geral de Inspeção e Fiscalização Sanitária,2024-03-25,"RESOLUÇÃO-RE Nº 1.103, DE 21 DE MARÇO DE 2024",http://pesquisa.in.gov.br/imprensa/jsp/visualiza/index.jsp?data=25/03/2024&jornal=515&pagina=133,
411,Ordinária,Ministério da Saúde/Agência Nacional de Vigilância Sanitária/4ª Diretoria/Gerência-Geral de Inspeção e Fiscalização Sanitária,2024-03-25,"RESOLUÇÃO-RE Nº 1.110, DE 21 DE MARÇO DE 2024",http://pesquisa.in.gov.br/imprensa/jsp/visualiza/index.jsp?data=25/03/2024&jornal=515&pagina=133,
412,Ordinária,Ministério da Saúde/Agência Nacional de Vigilância Sanitária/4ª Diretoria/Gerência-Geral de Inspeção e Fiscalização Sanitária,2024-03-25,"RESOLUÇÃO-RE Nº 1.108, DE 21 DE MARÇO DE 2024",http://pesquisa.in.gov.br/imprensa/jsp/visualiza/index.jsp?data=25/03/2024&jornal=515&pagina=133,
413,Ordinária,Ministério da Saúde/Agência Nacional de Vigilância Sanitária/4ª Diretoria/Gerência-Geral de Inspeção e Fiscalização Sanitária,2024-03-25,"RESOLUÇÃO-RE Nº 1.109, DE 21 DE MARÇO DE 2024",http://pesquisa.in.gov.br/imprensa/jsp/visualiza/index.jsp?data=25/03/2024&jornal=515&pagina=133,
414,Ordinária,Ministério da Saúde/Agência Nacional de Vigilância Sanitária/4ª Diretoria/Gerência-Geral de Inspeção e Fiscalização Sanitária,2024-03-25,"RESOLUÇÃO-RE Nº 1.163, DE 22 DE MARÇO DE 2024",http://pesquisa.in.gov.br/imprensa/jsp/visualiza/index.jsp?data=25/03/2024&jornal=515&pagina=134,
415,Ordinária,Ministério da Saúde/Agência Nacional de Vigilância Sanitária/4ª Diretoria/Gerência-Geral de Inspeção e Fiscalização Sanitária/Coordenação de Autorização de Funcionamento de Empresas,2024-03-25,"RESOLUÇÃO-RE Nº 1.155, DE 22 DE MARÇO DE 2024",http://pesquisa.in.gov.br/imprensa/jsp/visualiza/index.jsp?data=25/03/2024&jornal=515&pagina=134,
416,Ordinária,Ministério da Saúde/Agência Nacional de Vigilância Sanitária/4ª Diretoria/Gerência-Geral de Inspeção e Fiscalização Sanitária,2024-03-25,"RESOLUÇÃO-RE Nº 1.154, DE 22 DE MARÇO DE 2024",http://pesquisa.in.gov.br/imprensa/jsp/visualiza/index.jsp?data=25/03/2024&jornal=515&pagina=134,
417,Ordinária,Ministério da Saúde/Agência Nacional de Vigilância Sanitária/4ª Diretoria/Gerência-Geral de Inspeção e Fiscalização Sanitária,2024-03-25,RETIFICAÇÃO,http://pesquisa.in.gov.br/imprensa/jsp/visualiza/index.jsp?data=25/03/2024&jornal=515&pagina=134,
418,Ordinária,Ministério da Saúde/Agência Nacional de Vigilância Sanitária/4ª Diretoria/Gerência-Geral de Inspeção e Fiscalização Sanitária/Coordenação de Autorização de Funcionamento de Empresas,2024-03-25,"RESOLUÇÃO-RE Nº 1.089, DE 20 DE MARÇO DE 2024(*)",http://pesquisa.in.gov.br/imprensa/jsp/visualiza/index.jsp?data=25/03/2024&jornal=515&pagina=134,
419,Ordinária,Ministério da Saúde/Agência Nacional de Vigilância Sanitária/4ª Diretoria/Gerência-Geral de Inspeção e Fiscalização Sanitária/Coordenação de Autorização de Funcionamento de Empresas,2024-03-25,"RESOLUÇÃO-RE Nº 1.156, DE 22 DE MARÇO DE 2024",http://pesquisa.in.gov.br/imprensa/jsp/visualiza/index.jsp?data=25/03/2024&jornal=515&pagina=135,
420,Ordinária,Ministério da Saúde/Agência Nacional de Vigilância Sanitária/4ª Diretoria/Gerência-Geral de Inspeção e Fiscalização Sanitária/Coordenação de Autorização de Funcionamento de Empresas,2024-03-25,"RESOLUÇÃO-RE Nº 1.159, DE 22 DE MARÇO DE 2024",http://pesquisa.in.gov.br/imprensa/jsp/visualiza/index.jsp?data=25/03/2024&jornal=515&pagina=138,
421,Ordinária,Ministério da Saúde/Agência Nacional de Vigilância Sanitária/4ª Diretoria/Gerência-Geral de Inspeção e Fiscalização Sanitária/Coordenação de Autorização de Funcionamento de Empresas,2024-03-25,"RESOLUÇÃO-RE Nº 1.161, DE 22 DE MARÇO DE 2024",http://pesquisa.in.gov.br/imprensa/jsp/visualiza/index.jsp?data=25/03/2024&jornal=515&pagina=138,
422,Ordinária,Ministério da Saúde/Agência Nacional de Vigilância Sanitária/4ª Diretoria/Gerência-Geral de Inspeção e Fiscalização Sanitária/Coordenação de Autorização de Funcionamento de Empresas,2024-03-25,"RESOLUÇÃO-RE Nº 1.160, DE 22 DE MARÇO DE 2024",http://pesquisa.in.gov.br/imprensa/jsp/visualiza/index.jsp?data=25/03/2024&jornal=515&pagina=138,
423,Ordinária,Ministério da Saúde/Agência Nacional de Vigilância Sanitária/4ª Diretoria/Gerência-Geral de Inspeção e Fiscalização Sanitária/Coordenação de Autorização de Funcionamento de Empresas,2024-03-25,"RESOLUÇÃO-RE Nº 1.162, DE 22 DE MARÇO DE 2024",http://pesquisa.in.gov.br/imprensa/jsp/visualiza/index.jsp?data=25/03/2024&jornal=515&pagina=138,
424,Ordinária,Ministério da Saúde/Agência Nacional de Vigilância Sanitária/4ª Diretoria/Gerência-Geral de Inspeção e Fiscalização Sanitária/Coordenação de Autorização de Funcionamento de Empresas,2024-03-25,"RESOLUÇÃO-RE Nº 1.158, DE 22 DE MARÇO DE 2024",http://pesquisa.in.gov.br/imprensa/jsp/visualiza/index.jsp?data=25/03/2024&jornal=515&pagina=138,
425,Ordinária,"Ministério da Saúde/Agência Nacional de Vigilância Sanitária/5ª Diretoria/Gerência-Geral de Portos, Aeroportos, Fronteiras e Recintos Alfandegados",2024-03-25,"RESOLUÇÃO-RE Nº 1.140, DE 21 DE MARÇO DE 2024",http://pesquisa.in.gov.br/imprensa/jsp/visualiza/index.jsp?data=25/03/2024&jornal=515&pagina=138,
426,Ordinária,"Ministério da Saúde/Agência Nacional de Vigilância Sanitária/5ª Diretoria/Gerência-Geral de Portos, Aeroportos, Fronteiras e Recintos Alfandegados",2024-03-25,"RESOLUÇÃO-RE Nº 1.139, DE 21 DE MARÇO DE 2024",http://pesquisa.in.gov.br/imprensa/jsp/visualiza/index.jsp?data=25/03/2024&jornal=515&pagina=138,
427,Ordinária,"Ministério da Saúde/Agência Nacional de Vigilância Sanitária/5ª Diretoria/Gerência-Geral de Portos, Aeroportos, Fronteiras e Recintos Alfandegados",2024-03-25,"RESOLUÇÃO-RE Nº 1.142, DE 21 DE MARÇO DE 2024",http://pesquisa.in.gov.br/imprensa/jsp/visualiza/index.jsp?data=25/03/2024&jornal=515&pagina=139,
428,Ordinária,"Ministério da Saúde/Agência Nacional de Vigilância Sanitária/5ª Diretoria/Gerência-Geral de Portos, Aeroportos, Fronteiras e Recintos Alfandegados",2024-03-25,"RESOLUÇÃO-RE Nº 1.141, DE 21 DE MARÇO DE 2024",http://pesquisa.in.gov.br/imprensa/jsp/visualiza/index.jsp?data=25/03/2024&jornal=515&pagina=139,
429,Ordinária,Ministério dos Transportes/Agência Nacional de Transportes Terrestres/Superintendência de Serviços de Transporte Rodoviário de Passageiros,2024-03-25,"DECISÃO SUPAS Nº 147, DE 21 DE MARÇO DE 2024",http://pesquisa.in.gov.br/imprensa/jsp/visualiza/index.jsp?data=25/03/2024&jornal=515&pagina=140,
430,Ordinária,Ministério do Trabalho e Emprego/Secretaria de Inspeção do Trabalho/Departamento de Segurança e Saúde no Trabalho,2024-03-25,DESPACHO DE 21 DE MARÇO DE 2024,http://pesquisa.in.gov.br/imprensa/jsp/visualiza/index.jsp?data=25/03/2024&jornal=515&pagina=140,
431,Ordinária,Ministério do Trabalho e Emprego/Secretaria de Relações do Trabalho/Departamento de Relações de Trabalho/Coordenação-Geral de Registro Sindical,2024-03-25,Despachos de 22 de março de 2024-CGRS,http://pesquisa.in.gov.br/imprensa/jsp/visualiza/index.jsp?data=25/03/2024&jornal=515&pagina=140,
432,Ordinária,Ministério dos Transportes/Agência Nacional de Transportes Terrestres/Superintendência de Serviços de Transporte Rodoviário de Passageiros,2024-03-25,"DECISÃO SUPAS Nº 137, DE 18 DE MARÇO DE 2024",http://pesquisa.in.gov.br/imprensa/jsp/visualiza/index.jsp?data=25/03/2024&jornal=515&pagina=140,
433,Ordinária,Ministério dos Transportes/Departamento Nacional de Infraestrutura de Transportes,2024-03-25,DECISÃO DE 22 DE MARÇO DE 2024,http://pesquisa.in.gov.br/imprensa/jsp/visualiza/index.jsp?data=25/03/2024&jornal=515&pagina=141,
434,Ordinária,Ministério dos Transportes/Departamento Nacional de Infraestrutura de Transportes,2024-03-25,"DECISÃO Nº 3, DE 20 DE MARÇO DE 2024",http://pesquisa.in.gov.br/imprensa/jsp/visualiza/index.jsp?data=25/03/2024&jornal=515&pagina=141,
435,Ordinária,Ministério dos Transportes/Departamento Nacional de Infraestrutura de Transportes,2024-03-25,DECISÃO DE 20 DE MARÇO DE 2024,http://pesquisa.in.gov.br/imprensa/jsp/visualiza/index.jsp?data=25/03/2024&jornal=515&pagina=141,
436,Ordinária,Ministério dos Transportes/Departamento Nacional de Infraestrutura de Transportes,2024-03-25,DECISÃO DE 20 DE MARÇO DE 2024,http://pesquisa.in.gov.br/imprensa/jsp/visualiza/index.jsp?data=25/03/2024&jornal=515&pagina=141,
437,Ordinária,Ministério da Justiça e Segurança Pública/Secretaria Nacional do Consumidor/Departamento de Proteção e de Defesa do Consumidor,2024-03-25,DESPACHO Nº 157/2024,http://pesquisa.in.gov.br/imprensa/jsp/visualiza/index.jsp?data=25/03/2024&jornal=515&pagina=53,
438,Ordinária,"Ministério das Comunicações/Agência Nacional de Telecomunicações/Superintendência de Fiscalização/Gerência Regional nos Estados do Amazonas, Acre, Rondônia e Roraima",2024-03-25,ATOS DE 21 DE MARÇO DE 2024,http://pesquisa.in.gov.br/imprensa/jsp/visualiza/index.jsp?data=25/03/2024&jornal=515&pagina=12,
439,Ordinária,"Ministério das Comunicações/Agência Nacional de Telecomunicações/Superintendência de Fiscalização/Gerência Regional nos Estados do Ceará, Rio Grande do Norte e Piauí/Coordenação de Processo de Outorga e Recursos à Prestação",2024-03-25,"ATO Nº 2.897, DE 14 DE MARÇO DE 2024",http://pesquisa.in.gov.br/imprensa/jsp/visualiza/index.jsp?data=25/03/2024&jornal=515&pagina=12,
440,Ordinária,"Ministério das Comunicações/Agência Nacional de Telecomunicações/Superintendência de Fiscalização/Gerência Regional nos Estados do Ceará, Rio Grande do Norte e Piauí/Coordenação de Processo de Outorga e Recursos à Prestação",2024-03-25,"ATO Nº 3.160, DE 21 DE MARÇO DE 2024",http://pesquisa.in.gov.br/imprensa/jsp/visualiza/index.jsp?data=25/03/2024&jornal=515&pagina=12,
441,Ordinária,Ministério das Comunicações/Agência Nacional de Telecomunicações/Superintendência de Fiscalização/Gerência Regional nos Estados do Paraná e Santa Catarina,2024-03-25,ATOS DE 22 DE MARÇO DE 2024,http://pesquisa.in.gov.br/imprensa/jsp/visualiza/index.jsp?data=25/03/2024&jornal=515&pagina=12,
442,Ordinária,Ministério das Comunicações/Agência Nacional de Telecomunicações/Superintendência de Fiscalização/Gerência Regional no Estado de Minas Gerais,2024-03-25,"ATO Nº 2.524, DE 7 DE MARÇO DE 2024",http://pesquisa.in.gov.br/imprensa/jsp/visualiza/index.jsp?data=25/03/2024&jornal=515&pagina=12,
443,Ordinária,Ministério de Minas e Energia/Agência Nacional de Energia Elétrica/Superintendência de Fiscalização Técnica dos Serviços de Energia Elétrica/Gerência de Fiscalização da Geração,2024-03-25,DESPACHOS DE 22 DE MARÇO DE 2024,http://pesquisa.in.gov.br/imprensa/jsp/visualiza/index.jsp?data=25/03/2024&jornal=515&pagina=60,
444,Ordinária,Ministério de Minas e Energia/Agência Nacional de Mineração/Gerência Regional da ANM no Estado de Goiás,2024-03-25,Despacho,http://pesquisa.in.gov.br/imprensa/jsp/visualiza/index.jsp?data=25/03/2024&jornal=515&pagina=60,
445,Ordinária,Ministério de Minas e Energia/Agência Nacional de Mineração/Gerência Regional da ANM no Estado de Goiás,2024-03-25,Despacho,http://pesquisa.in.gov.br/imprensa/jsp/visualiza/index.jsp?data=25/03/2024&jornal=515&pagina=61,
446,Ordinária,Ministério de Minas e Energia/Agência Nacional de Mineração/Gerência Regional da ANM no Estado de Goiás,2024-03-25,Despacho,http://pesquisa.in.gov.br/imprensa/jsp/visualiza/index.jsp?data=25/03/2024&jornal=515&pagina=61,
447,Ordinária,Ministério de Minas e Energia/Agência Nacional de Mineração/Gerência Regional da ANM no Estado de Mato Grosso,2024-03-25,Despacho,http://pesquisa.in.gov.br/imprensa/jsp/visualiza/index.jsp?data=25/03/2024&jornal=515&pagina=61,
448,Ordinária,Ministério de Minas e Energia/Agência Nacional de Mineração/Gerência Regional da ANM no Estado de Goiás,2024-03-25,Despacho,http://pesquisa.in.gov.br/imprensa/jsp/visualiza/index.jsp?data=25/03/2024&jornal=515&pagina=61,
449,Ordinária,Ministério de Minas e Energia/Agência Nacional de Mineração/Gerência Regional da ANM no Estado de Mato Grosso do Sul,2024-03-25,Despacho,http://pesquisa.in.gov.br/imprensa/jsp/visualiza/index.jsp?data=25/03/2024&jornal=515&pagina=62,
450,Ordinária,Ministério de Minas e Energia/Agência Nacional de Mineração/Gerência Regional da ANM no Estado de Mato Grosso,2024-03-25,Despacho,http://pesquisa.in.gov.br/imprensa/jsp/visualiza/index.jsp?data=25/03/2024&jornal=515&pagina=62,
451,Ordinária,Ministério de Minas e Energia/Agência Nacional de Mineração/Gerência Regional da ANM no Estado de Minas Gerais,2024-03-25,Despacho,http://pesquisa.in.gov.br/imprensa/jsp/visualiza/index.jsp?data=25/03/2024&jornal=515&pagina=62,
452,Ordinária,Ministério de Minas e Energia/Agência Nacional de Mineração/Gerência Regional da ANM no Estado de Mato Grosso do Sul,2024-03-25,Despacho,http://pesquisa.in.gov.br/imprensa/jsp/visualiza/index.jsp?data=25/03/2024&jornal=515&pagina=62,
453,Ordinária,Ministério de Minas e Energia/Agência Nacional de Mineração/Gerência Regional da ANM no Estado de Mato Grosso,2024-03-25,Despacho,http://pesquisa.in.gov.br/imprensa/jsp/visualiza/index.jsp?data=25/03/2024&jornal=515&pagina=62,
454,Ordinária,Ministério de Minas e Energia/Agência Nacional de Mineração/Gerência Regional da ANM no Estado de Mato Grosso,2024-03-25,Despacho,http://pesquisa.in.gov.br/imprensa/jsp/visualiza/index.jsp?data=25/03/2024&jornal=515&pagina=62,
455,Ordinária,Ministério de Minas e Energia/Agência Nacional de Mineração/Gerência Regional da ANM no Estado de Mato Grosso do Sul,2024-03-25,Despacho,http://pesquisa.in.gov.br/imprensa/jsp/visualiza/index.jsp?data=25/03/2024&jornal=515&pagina=62,
456,Ordinária,Ministério de Minas e Energia/Agência Nacional de Mineração/Gerência Regional da ANM no Estado de Rondônia,2024-03-25,Despacho,http://pesquisa.in.gov.br/imprensa/jsp/visualiza/index.jsp?data=25/03/2024&jornal=515&pagina=63,
457,Ordinária,Ministério de Minas e Energia/Agência Nacional de Mineração/Gerência Regional da ANM no Estado do Pará,2024-03-25,Despacho,http://pesquisa.in.gov.br/imprensa/jsp/visualiza/index.jsp?data=25/03/2024&jornal=515&pagina=63,
458,Ordinária,Ministério de Minas e Energia/Agência Nacional de Mineração/Gerência Regional da ANM no Estado de Rondônia,2024-03-25,Despacho,http://pesquisa.in.gov.br/imprensa/jsp/visualiza/index.jsp?data=25/03/2024&jornal=515&pagina=63,
459,Ordinária,Ministério de Minas e Energia/Agência Nacional de Mineração/Gerência Regional da ANM no Estado do Paraná,2024-03-25,Despacho,http://pesquisa.in.gov.br/imprensa/jsp/visualiza/index.jsp?data=25/03/2024&jornal=515&pagina=64,
460,Ordinária,Ministério de Minas e Energia/Agência Nacional de Mineração/Gerência Regional da ANM no Estado do Pará,2024-03-25,Despacho,http://pesquisa.in.gov.br/imprensa/jsp/visualiza/index.jsp?data=25/03/2024&jornal=515&pagina=64,
461,Ordinária,Ministério de Minas e Energia/Agência Nacional de Mineração/Gerência Regional da ANM no Estado do Rio Grande do Sul,2024-03-25,Despacho,http://pesquisa.in.gov.br/imprensa/jsp/visualiza/index.jsp?data=25/03/2024&jornal=515&pagina=65,
462,Ordinária,Ministério de Minas e Energia/Agência Nacional de Mineração/Gerência Regional da ANM no Estado do Rio Grande do Sul,2024-03-25,Despacho,http://pesquisa.in.gov.br/imprensa/jsp/visualiza/index.jsp?data=25/03/2024&jornal=515&pagina=65,
463,Ordinária,Ministério de Minas e Energia/Agência Nacional de Mineração/Gerência Regional da ANM no Estado do Rio Grande do Sul,2024-03-25,Despacho,http://pesquisa.in.gov.br/imprensa/jsp/visualiza/index.jsp?data=25/03/2024&jornal=515&pagina=65,
464,Ordinária,Ministério de Minas e Energia/Agência Nacional de Mineração/Gerência Regional da ANM no Estado do Rio Grande do Sul,2024-03-25,Despacho,http://pesquisa.in.gov.br/imprensa/jsp/visualiza/index.jsp?data=25/03/2024&jornal=515&pagina=65,
465,Ordinária,"Ministério da Fazenda/Secretaria Especial da Receita Federal do Brasil/Secretaria-Adjunta/Subsecretaria de Tributação e Contencioso/Coordenação-Geral de Tributação/Coordenação de Tributos Sobre a Renda, Patrimônio e Operações Financeiras",2024-03-25,"SOLUÇÃO DE CONSULTA Nº 99.005, DE 14 DE MARÇO DE 2024",http://pesquisa.in.gov.br/imprensa/jsp/visualiza/index.jsp?data=25/03/2024&jornal=515&pagina=49,
466,Ordinária,Ministério de Minas e Energia/Agência Nacional de Mineração/Gerência Regional da ANM no Estado de Santa Catarina,2024-03-25,Despacho,http://pesquisa.in.gov.br/imprensa/jsp/visualiza/index.jsp?data=25/03/2024&jornal=515&pagina=63,
467,Ordinária,Ministério de Minas e Energia/Agência Nacional de Mineração/Gerência Regional da ANM no Estado de Santa Catarina,2024-03-25,Despacho,http://pesquisa.in.gov.br/imprensa/jsp/visualiza/index.jsp?data=25/03/2024&jornal=515&pagina=63,
468,Ordinária,Ministério de Minas e Energia/Agência Nacional de Mineração/Superintendência de Arrecadação e Fiscalização de Receitas/Coordenação de Cobrança de Auto de Infração e Taxas,2024-03-25,Despacho,http://pesquisa.in.gov.br/imprensa/jsp/visualiza/index.jsp?data=25/03/2024&jornal=515&pagina=65,
469,Ordinária,Ministério de Minas e Energia/Agência Nacional de Mineração/Superintendência de Segurança de Barragens de Mineração/Coordenação de Planejamento e Gestão de Barragens de Mineração-Eixo Sul,2024-03-25,Despacho,http://pesquisa.in.gov.br/imprensa/jsp/visualiza/index.jsp?data=25/03/2024&jornal=515&pagina=66,
470,Ordinária,Ministério de Minas e Energia/Agência Nacional de Mineração/Superintendência de Segurança de Barragens de Mineração/Coordenação de Planejamento e Gestão de Barragens de Mineração- Eixo Central/MG,2024-03-25,Despacho,http://pesquisa.in.gov.br/imprensa/jsp/visualiza/index.jsp?data=25/03/2024&jornal=515&pagina=66,
471,Ordinária,"Ministério de Minas e Energia/Agência Nacional de Energia Elétrica/Superintendência de Concessões,  Permissões e Autorizações dos Serviços de Energia Elétrica",2024-03-25,"DESPACHO Nº 849, DE 15 DE MARÇO DE 2024",http://pesquisa.in.gov.br/imprensa/jsp/visualiza/index.jsp?data=25/03/2024&jornal=515&pagina=59,
472,Ordinária,"Ministério de Minas e Energia/Agência Nacional de Energia Elétrica/Superintendência de Concessões,  Permissões e Autorizações dos Serviços de Energia Elétrica",2024-03-25,"DESPACHO Nº 921, DE 21 DE MARÇO DE 2024",http://pesquisa.in.gov.br/imprensa/jsp/visualiza/index.jsp?data=25/03/2024&jornal=515&pagina=60,
473,Ordinária,Ministério de Minas e Energia/Agência Nacional de Energia Elétrica/Superintendência de Gestão Tarifária e Regulação Econômica,2024-03-25,"DESPACHO Nº 894, DE 21 DE MARÇO DE 2024",http://pesquisa.in.gov.br/imprensa/jsp/visualiza/index.jsp?data=25/03/2024&jornal=515&pagina=60,
474,Ordinária,Ministério de Minas e Energia/Agência Nacional de Mineração/Superintendência de Outorga de Títulos Minerários,2024-03-25,Despacho,http://pesquisa.in.gov.br/imprensa/jsp/visualiza/index.jsp?data=25/03/2024&jornal=515&pagina=65,
475,Ordinária,Ministério de Minas e Energia/Agência Nacional de Mineração/Superintendência de Outorga de Títulos Minerários,2024-03-25,Despacho,http://pesquisa.in.gov.br/imprensa/jsp/visualiza/index.jsp?data=25/03/2024&jornal=515&pagina=65,
476,Ordinária,Ministério de Minas e Energia/Agência Nacional de Mineração/Superintendência de Outorga de Títulos Minerários,2024-03-25,Despacho,http://pesquisa.in.gov.br/imprensa/jsp/visualiza/index.jsp?data=25/03/2024&jornal=515&pagina=65,
477,Ordinária,Ministério da Fazenda/Secretaria Especial da Receita Federal do Brasil/Secretaria-Adjunta/Subsecretaria de Tributação e Contencioso/Coordenação-Geral de Tributação,2024-03-25,"SOLUÇÃO DE CONSULTA Nº 13, DE 17 DE MARÇO DE 2021 (*)",http://pesquisa.in.gov.br/imprensa/jsp/visualiza/index.jsp?data=25/03/2024&jornal=515&pagina=47,
478,Ordinária,Ministério da Fazenda/Secretaria Especial da Receita Federal do Brasil/Secretaria-Adjunta/Subsecretaria de Tributação e Contencioso/Coordenação-Geral de Tributação,2024-03-25,"SOLUÇÃO DE CONSULTA Nº 50, DE 22 DE MARÇO DE 2024",http://pesquisa.in.gov.br/imprensa/jsp/visualiza/index.jsp?data=25/03/2024&jornal=515&pagina=48,
479,Ordinária,Ministério da Fazenda/Secretaria Especial da Receita Federal do Brasil/Secretaria-Adjunta/Subsecretaria de Tributação e Contencioso/Coordenação-Geral de Tributação,2024-03-25,"SOLUÇÃO DE CONSULTA Nº 31, DE 15 DE MARÇO DE 2024",http://pesquisa.in.gov.br/imprensa/jsp/visualiza/index.jsp?data=25/03/2024&jornal=515&pagina=48,
480,Ordinária,Ministério da Fazenda/Caixa Econômica Federal/Diretoria Fundos de Governo,2024-03-25,"CIRCULAR Nº 1.048, DE 21 DE MARÇO DE 2024",http://pesquisa.in.gov.br/imprensa/jsp/visualiza/index.jsp?data=25/03/2024&jornal=515&pagina=50,Divulga versão atualizada do Manual de Fomento do Agente Operador do FGTS.
481,Ordinária,Ministério da Saúde/Agência Nacional de Saúde Suplementar/Diretoria Colegiada,2024-03-25,"CONSULTA PÚBLICA Nº 1.245, DE 20 DE MARÇO DE 2024",http://pesquisa.in.gov.br/imprensa/jsp/visualiza/index.jsp?data=25/03/2024&jornal=515&pagina=78,
482,Ordinária,Ministério da Saúde/Agência Nacional de Vigilância Sanitária/Diretoria Colegiada,2024-03-25,"DESPACHO N° 47, DE 22 DE MARÇO DE 2024",http://pesquisa.in.gov.br/imprensa/jsp/visualiza/index.jsp?data=25/03/2024&jornal=515&pagina=78,
483,Ordinária,Ministério da Saúde/Agência Nacional de Vigilância Sanitária/Diretoria Colegiada,2024-03-25,"INSTRUÇÃO NORMATIVA - IN Nº 289, DE 20 DE MARÇO DE 2024",http://pesquisa.in.gov.br/imprensa/jsp/visualiza/index.jsp?data=25/03/2024&jornal=515&pagina=79,"Estabelece, nos termos da Resolução da Diretoria Colegiada - RDC nº 741, de 10 de agosto de 2022, os critérios aplicados para o procedimento otimizado de análise em que se utiliza das avaliações conduzidas por Autoridade Regulatória Estrangeira Equivalente (AREE) para análise das petições de registro e pós-registro de medicamentos, produtos biológicos, vacinas e de carta de adequação de dossiê de insumo farmacêutico ativo (CADIFA) em território nacional."
484,Ordinária,Ministério das Comunicações/Agência Nacional de Telecomunicações/Superintendência de Outorga e Recursos à Prestação/Gerência de Outorga e Licenciamento de Estações,2024-03-25,ATOS DE 14 DE MARÇO DE 2024,http://pesquisa.in.gov.br/imprensa/jsp/visualiza/index.jsp?data=25/03/2024&jornal=515&pagina=13,
485,Ordinária,Ministério das Comunicações/Agência Nacional de Telecomunicações/Superintendência de Outorga e Recursos à Prestação/Gerência de Outorga e Licenciamento de Estações,2024-03-25,ATOS DE 21 DE MARÇO DE 2024,http://pesquisa.in.gov.br/imprensa/jsp/visualiza/index.jsp?data=25/03/2024&jornal=515&pagina=13,
486,Ordinária,Ministério das Comunicações/Agência Nacional de Telecomunicações/Superintendência de Outorga e Recursos à Prestação/Gerência de Outorga e Licenciamento de Estações,2024-03-25,ATOS DE 12 DE MARÇO DE 2024,http://pesquisa.in.gov.br/imprensa/jsp/visualiza/index.jsp?data=25/03/2024&jornal=515&pagina=13,
487,Ordinária,Ministério das Comunicações/Agência Nacional de Telecomunicações/Superintendência de Outorga e Recursos à Prestação/Gerência de Outorga e Licenciamento de Estações,2024-03-25,ATOS DE 4 DE MARÇO DE 2024,http://pesquisa.in.gov.br/imprensa/jsp/visualiza/index.jsp?data=25/03/2024&jornal=515&pagina=13,
488,Ordinária,Ministério de Minas e Energia/Agência Nacional de Mineração/Gerência Regional da ANM no Estado do Amapá,2024-03-25,Despacho,http://pesquisa.in.gov.br/imprensa/jsp/visualiza/index.jsp?data=25/03/2024&jornal=515&pagina=63,
489,Ordinária,Ministério de Minas e Energia/Agência Nacional de Mineração/Gerência Regional da ANM no Estado do Amapá,2024-03-25,Despacho,http://pesquisa.in.gov.br/imprensa/jsp/visualiza/index.jsp?data=25/03/2024&jornal=515&pagina=63,
490,Ordinária,Ministério de Minas e Energia/Agência Nacional de Mineração/Gerência Regional da ANM no Estado do Rio Grande do Sul,2024-03-25,Despacho,http://pesquisa.in.gov.br/imprensa/jsp/visualiza/index.jsp?data=25/03/2024&jornal=515&pagina=64,
491,Ordinária,Ministério de Minas e Energia/Agência Nacional de Mineração/Gerência Regional da ANM no Estado do Rio Grande do Sul,2024-03-25,Despacho,http://pesquisa.in.gov.br/imprensa/jsp/visualiza/index.jsp?data=25/03/2024&jornal=515&pagina=64,
492,Ordinária,Ministério de Minas e Energia/Agência Nacional de Mineração/Gerência Regional da ANM no Estado do Rio Grande do Sul,2024-03-25,Despacho,http://pesquisa.in.gov.br/imprensa/jsp/visualiza/index.jsp?data=25/03/2024&jornal=515&pagina=65,
493,Ordinária,Ministério de Minas e Energia/Agência Nacional de Mineração/Gerência Regional da ANM no Estado do Rio Grande do Sul,2024-03-25,Despacho,http://pesquisa.in.gov.br/imprensa/jsp/visualiza/index.jsp?data=25/03/2024&jornal=515&pagina=65,
494,Ordinária,Ministério de Minas e Energia/Agência Nacional de Mineração/Gerência Regional da ANM no Estado de Santa Catarina,2024-03-25,Despacho,http://pesquisa.in.gov.br/imprensa/jsp/visualiza/index.jsp?data=25/03/2024&jornal=515&pagina=63,
495,Ordinária,Ministério da Justiça e Segurança Pública/Conselho Administrativo de Defesa Econômica/Superintendência-Geral,2024-03-25,DESPACHOS DE 22 de março de 2024,http://pesquisa.in.gov.br/imprensa/jsp/visualiza/index.jsp?data=25/03/2024&jornal=515&pagina=58,
496,Ordinária,Ministério da Justiça e Segurança Pública/Conselho Administrativo de Defesa Econômica/Superintendência-Geral,2024-03-25,DESPACHOS DE 22 de março de 2024,http://pesquisa.in.gov.br/imprensa/jsp/visualiza/index.jsp?data=25/03/2024&jornal=515&pagina=58,
497,Ordinária,Ministério do Esporte/Secretaria Executiva/Diretoria de Programas e Políticas de Incentivo ao Esporte/Coordenação-Geral de Gestão da Lei Federal de Incentivo ao Esporte,2024-03-25,"DELIBERAÇÃO Nº 1.676, DE 22 DE MARçO DE 2024",http://pesquisa.in.gov.br/imprensa/jsp/visualiza/index.jsp?data=25/03/2024&jornal=515&pagina=45,"Dá publicidade aos projetos desportivos, relacionados no anexo I, aprovados na reunião ordinária 13/03/2024."
498,Ordinária,"Ministério de Minas e Energia/Agência Nacional de Energia Elétrica/Superintendência de Concessões,  Permissões e Autorizações dos Serviços de Energia Elétrica",2024-03-25,"DESPACHO Nº 837, DE 21 DE MARÇO DE 2024",http://pesquisa.in.gov.br/imprensa/jsp/visualiza/index.jsp?data=25/03/2024&jornal=515&pagina=59,
499,Ordinária,"Ministério de Minas e Energia/Agência Nacional de Energia Elétrica/Superintendência de Concessões,  Permissões e Autorizações dos Serviços de Energia Elétrica",2024-03-25,"DESPACHO Nº 922, DE 21 DE MARÇO DE 2024",http://pesquisa.in.gov.br/imprensa/jsp/visualiza/index.jsp?data=25/03/2024&jornal=515&pagina=60,
500,Ordinária,"Ministério de Minas e Energia/Agência Nacional de Energia Elétrica/Superintendência de Concessões,  Permissões e Autorizações dos Serviços de Energia Elétrica",2024-03-25,"DESPACHO Nº 866, DE 22 DE MARÇO DE 2024",http://pesquisa.in.gov.br/imprensa/jsp/visualiza/index.jsp?data=25/03/2024&jornal=515&pagina=60,
501,Ordinária,"Ministério da Fazenda/Secretaria Especial da Receita Federal do Brasil/Secretaria-Adjunta/Subsecretaria de Tributação e Contencioso/Coordenação-Geral de Tributação/Coordenação de Tributos Sobre a Renda, Patrimônio e Operações Financeiras",2024-03-25,"SOLUÇÃO DE CONSULTA Nº 99.002, DE 14 DE MARÇO DE 2024 | SOLUÇÃO DE CONSULTA Nº 99.003, DE 14 DE MARÇO DE 2024",http://pesquisa.in.gov.br/imprensa/jsp/visualiza/index.jsp?data=25/03/2024&jornal=515&pagina=49,
502,Ordinária,Ministério da Saúde/Agência Nacional de Vigilância Sanitária/Diretoria Colegiada,2024-03-25,"DESPACHO N° 44, DE 20 DE MARÇO DE 2024",http://pesquisa.in.gov.br/imprensa/jsp/visualiza/index.jsp?data=25/03/2024&jornal=515&pagina=78,
503,Ordinária,Ministério das Comunicações/Agência Nacional de Telecomunicações/Superintendência de Outorga e Recursos à Prestação,2024-03-25,"ATO Nº 2.988, DE 18 DE MARÇO DE 2024",http://pesquisa.in.gov.br/imprensa/jsp/visualiza/index.jsp?data=25/03/2024&jornal=515&pagina=13,
504,Ordinária,Ministério da Fazenda/Secretaria Especial da Receita Federal do Brasil/Secretaria-Adjunta/Subsecretaria de Tributação e Contencioso/Coordenação-Geral de Tributação,2024-03-25,"SOLUÇÃO DE CONSULTA Nº 25, DE 14 DE MARÇO DE 2024 | SOLUÇÃO DE CONSULTA Nº 30, DE 15 DE MARÇO DE 2024 | SOLUÇÃO DE CONSULTA Nº 35, DE 18 DE MARÇO DE 2024",http://pesquisa.in.gov.br/imprensa/jsp/visualiza/index.jsp?data=25/03/2024&jornal=515&pagina=48,
505,Ordinária,"Ministério do Desenvolvimento, Indústria, Comércio e Serviços/Gabinete do Ministro",2024-03-25,"PORTARIA INTERMINISTERIAL MDIC/MCTI Nº 48, DE 19 DE MARÇO DE 2024",http://pesquisa.in.gov.br/imprensa/jsp/visualiza/index.jsp?data=25/03/2024&jornal=515&pagina=39,"Estabelece o Processo Produtivo Básico - PPB para o produto Módulo Acumulador de Energia Elétrica Para Ônibus Elétrico Utilizando Células Eletroquímicas de Fosfato Ferro Lítio (LiFePO4) Ou de Íons de Sódio, industrializado na Zona Franca de Manaus."
506,Ordinária,Ministério da Agricultura e Pecuária/Secretaria de Defesa Agropecuária,2023-04-18,"PORTARIA SDA Nº 765, DE 6 DE ABRIL DE 2023",http://pesquisa.in.gov.br/imprensa/jsp/visualiza/index.jsp?data=18/04/2023&jornal=515&pagina=15,"Aprova os Requisitos Técnicos de Identidade e Qualidade do presunto cozido, presunto cozido superior, presunto cozido tenro e do presunto cozido de aves."
507,Ordinária,Ministério da Agricultura e Pecuária/Secretaria Executiva/Superintendência de Agricultura e Pecuária do Estado do Espírito Santo,2023-04-18,"Portaria MAPA nº 58, de 12 de abril de 2023",http://pesquisa.in.gov.br/imprensa/jsp/visualiza/index.jsp?data=18/04/2023&jornal=515&pagina=15,
508,Ordinária,Ministério da Agricultura e Pecuária/Secretaria Executiva/Superintendência de Agricultura e Pecuária do Estado do Rio Grande do Sul,2023-04-18,"PORTARIA Nº 70, DE 5 DE ABRIL DE 2023",http://pesquisa.in.gov.br/imprensa/jsp/visualiza/index.jsp?data=18/04/2023&jornal=515&pagina=15,
509,Ordinária,Ministério da Agricultura e Pecuária/Secretaria de Defesa Agropecuária,2023-04-18,"PORTARIA SDA Nº 778, DE 17 DE ABRIL DE 2023",http://pesquisa.in.gov.br/imprensa/jsp/visualiza/index.jsp?data=18/04/2023&jornal=515&pagina=16,Estabelece os requisitos fitossanitários para importação de frutos de tomate (solanum lycopersicum) produzidos no Peru.
510,Ordinária,Ministério da Agricultura e Pecuária/Secretaria de Defesa Agropecuária,2023-04-18,"PORTARIA Nº 784, de 19 de abril de 2023",http://pesquisa.in.gov.br/imprensa/jsp/visualiza/index.jsp?data=18/04/2023&jornal=515&pagina=16,"Altera a Instrução Normativa Conjunta SDA/SDC nº 2, de 12 de julho de 2013."
511,Ordinária,Ministério da Agricultura e Pecuária/Secretaria de Defesa Agropecuária,2023-04-18,"PORTARIA SDA Nº 775, DE 17 DE ABRIL DE 2023",http://pesquisa.in.gov.br/imprensa/jsp/visualiza/index.jsp?data=18/04/2023&jornal=515&pagina=16,"Estabelece os requisitos fitossanitários para importação de flores de corte de alfineteira (leucospermum spp.), Produzidas no Peru."
512,Ordinária,Ministério da Agricultura e Pecuária/Secretaria de Política Agrícola/Coordenação-Geral da CER-Proagro,2023-04-18,"RESOLUÇÃO Nº 95, DE 14 DE ABRIL DE 2023",http://pesquisa.in.gov.br/imprensa/jsp/visualiza/index.jsp?data=18/04/2023&jornal=515&pagina=19,Divulga resultado do julgamento de recursos da Comissão Especial de Recursos (CER) do Programa de Garantia da Atividade Agropecuária (PROAGRO).
513,Ordinária,Ministério da Agricultura e Pecuária/Secretaria de Política Agrícola,2023-04-18,"Resolução nº 96, de 14 de abril de 2023",http://pesquisa.in.gov.br/imprensa/jsp/visualiza/index.jsp?data=18/04/2023&jornal=515&pagina=19,Aprova a distribuição do orçamento do Programa de Subvenção ao Prêmio do Seguro Rural - PSR para o exercício de 2023.
514,Ordinária,Ministério da Agricultura e Pecuária/Secretaria de Política Agrícola/Coordenação-Geral da CER-Proagro,2023-04-18,"RESOLUÇÃO Nº 96, DE 14 DE ABRIL DE 2023",http://pesquisa.in.gov.br/imprensa/jsp/visualiza/index.jsp?data=18/04/2023&jornal=515&pagina=20,Divulga resultado do julgamento de recursos da Comissão Especial de Recursos (CER) do Programa de Garantia da Atividade Agropecuária (PROAGRO).
515,Ordinária,Ministério da Agricultura e Pecuária/Secretaria de Política Agrícola/Coordenação-Geral da CER-Proagro,2023-04-18,"RESOLUÇÃO Nº 97, DE 14 DE ABRIL DE 2023",http://pesquisa.in.gov.br/imprensa/jsp/visualiza/index.jsp?data=18/04/2023&jornal=515&pagina=20,Divulga resultado do julgamento de recursos da Comissão Especial de Recursos (CER) do Programa de Garantia da Atividade Agropecuária (PROAGRO).
516,Ordinária,Ministério da Agricultura e Pecuária/Secretaria de Política Agrícola/Coordenação-Geral da CER-Proagro,2023-04-18,ATA DA 4ª SESSÃO DO COLEGIADO CER/PROAGRO REALIZADA EM 31 DE MARÇO DE 2023,http://pesquisa.in.gov.br/imprensa/jsp/visualiza/index.jsp?data=18/04/2023&jornal=515&pagina=21,
517,Ordinária,Ministério da Agricultura e Pecuária/Secretaria de Política Agrícola/Coordenação-Geral da CER-Proagro,2023-04-18,"RESOLUÇÃO Nº 99, DE 14 DE ABRIL DE 2023",http://pesquisa.in.gov.br/imprensa/jsp/visualiza/index.jsp?data=18/04/2023&jornal=515&pagina=21,Divulga resultado do julgamento de recursos da Comissão Especial de Recursos (CER) do Programa de Garantia da Atividade Agropecuária (PROAGRO).
518,Ordinária,Ministério da Agricultura e Pecuária/Secretaria de Política Agrícola/Coordenação-Geral da CER-Proagro,2023-04-18,"RESOLUÇÃO Nº 98, DE 14 DE ABRIL DE 2023",http://pesquisa.in.gov.br/imprensa/jsp/visualiza/index.jsp?data=18/04/2023&jornal=515&pagina=21,Divulga resultado do julgamento de recursos da Comissão Especial de Recursos (CER) do Programa de Garantia da Atividade Agropecuária (PROAGRO).
519,Ordinária,Ministério da Agricultura e Pecuária/Secretaria de Política Agrícola/Coordenação-Geral da CER-Proagro,2023-04-18,"RESOLUÇÃO Nº 100, DE 14 DE ABRIL DE 2023",http://pesquisa.in.gov.br/imprensa/jsp/visualiza/index.jsp?data=18/04/2023&jornal=515&pagina=21,Divulga resultado do julgamento de recursos da Comissão Especial de Recursos (CER) do Programa de Garantia da Atividade Agropecuária (PROAGRO).
520,Ordinária,Ministério das Comunicações/Agência Nacional de Telecomunicações/Superintendência de Fiscalização/Gerência Regional no Estado de Minas Gerais,2023-04-18,"ATO Nº 3.362, DE 27 DE MARÇO DE 2023",http://pesquisa.in.gov.br/imprensa/jsp/visualiza/index.jsp?data=18/04/2023&jornal=515&pagina=22,
521,Ordinária,"Ministério da Ciência, Tecnologia e Inovação/Conselho Nacional de Desenvolvimento Científico e Tecnológico/Diretoria de Cooperação Institucional, Internacional e Inovação",2023-04-18,DESPACHO DE 17 DE ABRIL DE 2023,http://pesquisa.in.gov.br/imprensa/jsp/visualiza/index.jsp?data=18/04/2023&jornal=515&pagina=22,
522,Ordinária,Ministério das Comunicações/Agência Nacional de Telecomunicações/Superintendência de Outorga e Recursos à Prestação/Gerência de Outorga e Licenciamento de Estações,2023-04-18,"ATO Nº 3.813, DE 5 DE ABRIL DE 2023",http://pesquisa.in.gov.br/imprensa/jsp/visualiza/index.jsp?data=18/04/2023&jornal=515&pagina=22,
523,Ordinária,"Ministério da Ciência, Tecnologia e Inovação/Conselho Nacional de Desenvolvimento Científico e Tecnológico/Diretoria de Cooperação Institucional, Internacional e Inovação",2023-04-18,DESPACHO DE 17 de Abril de 2023,http://pesquisa.in.gov.br/imprensa/jsp/visualiza/index.jsp?data=18/04/2023&jornal=515&pagina=22,
524,Ordinária,Ministério das Comunicações/Agência Nacional de Telecomunicações/Superintendência de Outorga e Recursos à Prestação/Gerência de Outorga e Licenciamento de Estações,2023-04-18,ATOS DE 6 DE ABRIL DE 2023,http://pesquisa.in.gov.br/imprensa/jsp/visualiza/index.jsp?data=18/04/2023&jornal=515&pagina=22,
525,Ordinária,Ministério das Comunicações/Agência Nacional de Telecomunicações/Superintendência de Fiscalização/Gerência Regional nos Estados do Paraná e Santa Catarina,2023-04-18,"ATO Nº 4.250, DE 17 DE ABRIL DE 2023 | ATO Nº 4.251, DE 17 DE ABRIL DE 2023",http://pesquisa.in.gov.br/imprensa/jsp/visualiza/index.jsp?data=18/04/2023&jornal=515&pagina=22,
526,Ordinária,"Ministério das Comunicações/Agência Nacional de Telecomunicações/Superintendência de Fiscalização/Gerência Regional nos Estados de Pernambuco, Paraíba e Alagoas",2023-04-18,"ATO Nº 4.174, DE 14 DE ABRIL DE 2023",http://pesquisa.in.gov.br/imprensa/jsp/visualiza/index.jsp?data=18/04/2023&jornal=515&pagina=22,
527,Ordinária,Ministério das Comunicações/Agência Nacional de Telecomunicações/Superintendência de Outorga e Recursos à Prestação/Gerência de Outorga e Licenciamento de Estações,2023-04-18,ATOS DE 8 DE ABRIL DE 2023,http://pesquisa.in.gov.br/imprensa/jsp/visualiza/index.jsp?data=18/04/2023&jornal=515&pagina=22,
528,Ordinária,Ministério das Comunicações/Agência Nacional de Telecomunicações/Superintendência de Fiscalização/Gerência Regional no Estado do Rio Grande do Sul,2023-04-18,"ATO Nº 4.148, DE 13 DE ABRIL DE 2023",http://pesquisa.in.gov.br/imprensa/jsp/visualiza/index.jsp?data=18/04/2023&jornal=515&pagina=22,
529,Ordinária,"Ministério da Ciência, Tecnologia e Inovação/Comissão Técnica Nacional de Biossegurança",2023-04-18,EXTRATO DE PARECER TÉCNICO Nº 8.444/2023,http://pesquisa.in.gov.br/imprensa/jsp/visualiza/index.jsp?data=18/04/2023&jornal=515&pagina=22,
530,Ordinária,Ministério da Cultura/Secretaria de Economia Criativa e Fomento Cultural,2023-04-18,"PORTARIA SEFIC/MINC Nº 173, DE 17 DE ABRIL DE 2023",http://pesquisa.in.gov.br/imprensa/jsp/visualiza/index.jsp?data=18/04/2023&jornal=515&pagina=23,
531,Ordinária,Ministério da Cultura/Secretaria de Economia Criativa e Fomento Cultural,2023-04-18,"PORTARIA SEFIC/MINC Nº 172, DE 17 DE ABRIL DE 2023",http://pesquisa.in.gov.br/imprensa/jsp/visualiza/index.jsp?data=18/04/2023&jornal=515&pagina=23,
532,Ordinária,Ministério da Cultura/Secretaria de Economia Criativa e Fomento Cultural,2023-04-18,"PORTARIA SEFIC/MINC Nº 174, DE 17 DE ABRIL DE 2023",http://pesquisa.in.gov.br/imprensa/jsp/visualiza/index.jsp?data=18/04/2023&jornal=515&pagina=24,
533,Ordinária,Ministério da Cultura/Secretaria de Economia Criativa e Fomento Cultural,2023-04-18,"PORTARIA SEFIC/MINC Nº 175, DE 17 DE ABRIL DE 2023",http://pesquisa.in.gov.br/imprensa/jsp/visualiza/index.jsp?data=18/04/2023&jornal=515&pagina=24,
534,Ordinária,"Ministério do Desenvolvimento, Indústria, Comércio e Serviços/Superintendência da Zona Franca de Manaus",2023-04-18,"PORTARIA SUFRAMA Nº 780, DE 14 DE ABRIL DE 2023",http://pesquisa.in.gov.br/imprensa/jsp/visualiza/index.jsp?data=18/04/2023&jornal=515&pagina=25,"Aprova o projeto industrial de DIVERSIFICAÇÃO da empresa SOLUTIONS 2GO DO BRASIL INDÚSTRIA, COMÉRCIO E DISTRIBUIÇÃO LTDA."
535,Ordinária,Ministério da Defesa/Comando da Marinha/Estado-Maior da Armada,2023-04-18,"PORTARIA EMA/MB Nº 108, De 17 de abril de 2023",http://pesquisa.in.gov.br/imprensa/jsp/visualiza/index.jsp?data=18/04/2023&jornal=515&pagina=25,"Concede Anuência Prévia à Universidade Federal do Ceará (UFC) para, em colaboração com a University of Exeter, realizar remessa de amostra de patrimônio genético ao exterior, nos termos do art. 27, § 5º do Decreto nº 8.772/2016."
536,Ordinária,Ministério da Cultura/Secretaria de Economia Criativa e Fomento Cultural,2023-04-18,RETIFICAÇÃO,http://pesquisa.in.gov.br/imprensa/jsp/visualiza/index.jsp?data=18/04/2023&jornal=515&pagina=25,
537,Ordinária,"Ministério do Desenvolvimento, Indústria, Comércio e Serviços/Banco Nacional de Desenvolvimento Econômico e Social",2023-04-18,ATA DA 16ª REUNIÃO EXTRAORDINÁRIAREALIZADA EM 4 DE ABRIL DE 2023,http://pesquisa.in.gov.br/imprensa/jsp/visualiza/index.jsp?data=18/04/2023&jornal=515&pagina=25,
538,Ordinária,Ministério do Desenvolvimento Agrário e Agricultura Familiar/Instituto Nacional de Colonização e Reforma Agrária,2023-04-18,"PORTARIA Nº 19, DE 4 DE ABRIL DE 2023",http://pesquisa.in.gov.br/imprensa/jsp/visualiza/index.jsp?data=18/04/2023&jornal=515&pagina=25,
539,Ordinária,Ministério da Educação/Gabinete do Ministro,2023-04-18,"PORTARIA Nº 739, DE 17 DE ABRIL DE 2023 | PORTARIA Nº 740, DE 17 DE ABRIL DE 2023 | PORTARIA Nº 741, DE 17 DE ABRIL DE 2023 | PORTARIA Nº 742, DE 17 DE ABRIL DE 2023 | PORTARIA Nº 743, DE 17 DE ABRIL DE 2023 | PORTARIA Nº 744, DE 17 DE ABRIL DE 2023 | PORTARIA Nº 745, DE 17 DE ABRIL DE 2023 | PORTARIA Nº 746, DE 17 DE ABRIL DE 2023 | PORTARIA Nº 747, DE 17 DE ABRIL DE 2023",http://pesquisa.in.gov.br/imprensa/jsp/visualiza/index.jsp?data=18/04/2023&jornal=515&pagina=26,
540,Ordinária,Ministério da Educação/Secretaria de Educação Básica,2023-04-18,"PORTARIA Nº 19, DE 12 DE ABRIL DE 2023",http://pesquisa.in.gov.br/imprensa/jsp/visualiza/index.jsp?data=18/04/2023&jornal=515&pagina=27,Divulga o resultado final da avaliação pedagógica das Obras Literárias inscritas e validadas no âmbito do Edital de Convocação CGPLI nº 1/2021 - PNLD 2023 - Anos Iniciais do Ensino Fundamental - Objeto 3 - Obras Literárias.
541,Ordinária,Ministério da Educação/Gabinete do Ministro,2023-04-18,DESPACHOS DE 17 DE ABRIL DE 2023,http://pesquisa.in.gov.br/imprensa/jsp/visualiza/index.jsp?data=18/04/2023&jornal=515&pagina=27,
542,Ordinária,Ministério da Educação/Gabinete do Ministro,2023-04-18,DESPACHO DE 17 DE ABRIL DE 2023,http://pesquisa.in.gov.br/imprensa/jsp/visualiza/index.jsp?data=18/04/2023&jornal=515&pagina=27,
543,Ordinária,Ministério da Educação/Secretaria de Regulação e Supervisão da Educação Superior,2023-04-18,"PORTARIA Nº 85, DE 17 DE ABRIL DE 2023",http://pesquisa.in.gov.br/imprensa/jsp/visualiza/index.jsp?data=18/04/2023&jornal=515&pagina=32,
544,Ordinária,Ministério da Educação/Secretaria de Regulação e Supervisão da Educação Superior,2023-04-18,"PORTARIA Nº 86, DE 17 DE ABRIL DE 2023",http://pesquisa.in.gov.br/imprensa/jsp/visualiza/index.jsp?data=18/04/2023&jornal=515&pagina=33,
545,Ordinária,Ministério da Educação/Secretaria de Regulação e Supervisão da Educação Superior,2023-04-18,"PORTARIA Nº 87, DE 17 DE ABRIL DE 2023",http://pesquisa.in.gov.br/imprensa/jsp/visualiza/index.jsp?data=18/04/2023&jornal=515&pagina=34,
546,Ordinária,Ministério da Educação/Secretaria de Regulação e Supervisão da Educação Superior,2023-04-18,"PORTARIA Nº 88, DE 17 DE ABRIL DE 2023",http://pesquisa.in.gov.br/imprensa/jsp/visualiza/index.jsp?data=18/04/2023&jornal=515&pagina=35,
547,Ordinária,Ministério da Educação/Secretaria de Regulação e Supervisão da Educação Superior,2023-04-18,"PORTARIA Nº 90, DE 17 DE ABRIL DE 2023",http://pesquisa.in.gov.br/imprensa/jsp/visualiza/index.jsp?data=18/04/2023&jornal=515&pagina=36,
548,Ordinária,Ministério da Educação/Secretaria de Regulação e Supervisão da Educação Superior,2023-04-18,"PORTARIA Nº 89, DE 17 DE ABRIL DE 2023",http://pesquisa.in.gov.br/imprensa/jsp/visualiza/index.jsp?data=18/04/2023&jornal=515&pagina=36,
549,Ordinária,Ministério da Educação/Secretaria de Regulação e Supervisão da Educação Superior,2023-04-18,"PORTARIA Nº 91, DE 17 DE ABRIL DE 2023",http://pesquisa.in.gov.br/imprensa/jsp/visualiza/index.jsp?data=18/04/2023&jornal=515&pagina=36,
550,Ordinária,Ministério da Educação/Secretaria de Regulação e Supervisão da Educação Superior,2023-04-18,"PORTARIA Nº 92, DE 17 DE ABRIL DE 2023",http://pesquisa.in.gov.br/imprensa/jsp/visualiza/index.jsp?data=18/04/2023&jornal=515&pagina=37,
551,Ordinária,Ministério da Educação/Instituto Nacional de Estudos e Pesquisas Educacionais Anísio Teixeira,2023-04-18,"PORTARIA Nº 165, DE 17 DE ABRIL DE 2023",http://pesquisa.in.gov.br/imprensa/jsp/visualiza/index.jsp?data=18/04/2023&jornal=515&pagina=38,
552,Ordinária,"Ministério da Educação/Instituto Federal de Educação, Ciência e Tecnologia do Tocantins",2023-04-18,"PORTARIA REI/IFTO Nº 65, DE 4 DE ABRIL DE 2023",http://pesquisa.in.gov.br/imprensa/jsp/visualiza/index.jsp?data=18/04/2023&jornal=515&pagina=38,"Altera a Portaria REI/IFTO nº 61, de 13 de março de 2023."
553,Ordinária,Ministério da Educação/Instituto Nacional de Estudos e Pesquisas Educacionais Anísio Teixeira,2023-04-18,"PORTARIA Nº 164, DE 17 DE ABRIL DE 2023",http://pesquisa.in.gov.br/imprensa/jsp/visualiza/index.jsp?data=18/04/2023&jornal=515&pagina=38,
554,Ordinária,Ministério da Educação/Fundo Nacional de Desenvolvimento da Educação,2023-04-18,"PORTARIA Nº 207, DE 14 DE ABRIL DE 2023",http://pesquisa.in.gov.br/imprensa/jsp/visualiza/index.jsp?data=18/04/2023&jornal=515&pagina=38,Institui o Conselho Executivo do Fundo Nacional de Desenvolvimento da Educação (Conex-FNDE).
555,Ordinária,Ministério da Educação/Universidade Federal Rural de Pernambuco,2023-04-18,"PORTARIA Nº 400, DE 17 DE ABRIL DE 2023",http://pesquisa.in.gov.br/imprensa/jsp/visualiza/index.jsp?data=18/04/2023&jornal=515&pagina=39,
556,Ordinária,Ministério da Educação/Fundação Universidade Federal do Piauí,2023-04-18,"PORTARIA CSHNB/UFPI Nº 21, DE 17 DE ABRIL DE 2023",http://pesquisa.in.gov.br/imprensa/jsp/visualiza/index.jsp?data=18/04/2023&jornal=515&pagina=39,Homologa o Resultado Final do Processo Seletivo para Professor Substituto na área de Nutrição
557,Ordinária,Ministério da Educação/Universidade Federal de Juiz de Fora/Pró-Reitoria de Gestão de Pessoas,2023-04-18,"PORTARIA PROGEPE/UFJF Nº 41, DE 17 DE ABRIL DE 2023",http://pesquisa.in.gov.br/imprensa/jsp/visualiza/index.jsp?data=18/04/2023&jornal=515&pagina=39,
558,Ordinária,Ministério da Educação/Fundação Universidade Federal do Piauí/Colégio Técnico de Bom Jesus,2023-04-18,"PORTARIA Nº 13/CTBJ, DE 17 DE ABRIL DE 2023",http://pesquisa.in.gov.br/imprensa/jsp/visualiza/index.jsp?data=18/04/2023&jornal=515&pagina=39,
559,Ordinária,Ministério da Educação/Fundação Universidade Federal de Sergipe,2023-04-18,"PORTARIA Nº 502, DE 14 DE ABRIL DE 2023",http://pesquisa.in.gov.br/imprensa/jsp/visualiza/index.jsp?data=18/04/2023&jornal=515&pagina=39,
560,Ordinária,Ministério da Educação/Universidade Federal de Santa Catarina/Pró-Reitoria de Desenvolvimento e Gestão de Pessoas/Departamento de Desenvolvimento de Pessoas,2023-04-18,"PORTARIA Nº 388/DDP, DE 17 de abril de 2023",http://pesquisa.in.gov.br/imprensa/jsp/visualiza/index.jsp?data=18/04/2023&jornal=515&pagina=39,
561,Ordinária,Ministério do Esporte,2023-04-18,"PORTARIA MESP Nº 11, DE 17 DE ABRIL DE 2023",http://pesquisa.in.gov.br/imprensa/jsp/visualiza/index.jsp?data=18/04/2023&jornal=515&pagina=40,"Contempla atletas com o benefício Bolsa-Atleta, referente ao Edital nº 1, de 30 de janeiro de 2023, publicado na Seção 3, do Diário Oficial da União."
562,Ordinária,Ministério da Fazenda/Conselho Nacional de Política Fazendária,2023-04-18,"DESPACHO Nº 19, DE 17 DE ABRIL DE 2023",http://pesquisa.in.gov.br/imprensa/jsp/visualiza/index.jsp?data=18/04/2023&jornal=515&pagina=156,"Publica Convênios ICMS aprovados na 188ª Reunião Ordinária do CONFAZ, realizada nos dias 31.03.2023 e 12, 13 e 14.04.2023."
563,Ordinária,Ministério da Fazenda/Conselho Nacional de Política Fazendária,2023-04-18,"DESPACHO Nº 20, DE 17 DE ABRIL DE 2023",http://pesquisa.in.gov.br/imprensa/jsp/visualiza/index.jsp?data=18/04/2023&jornal=515&pagina=162,"Publica Acordo de Cooperação Técnica aprovado na 188ª Reunião Ordinária do CONFAZ, realizada nos dias 31.03.2023 e 12, 13 e 14.04.2023."
564,Ordinária,Ministério da Fazenda/Secretaria Especial da Receita Federal do Brasil/Subsecretaria de Tributação e Contencioso/Coordenação-Geral de Tributação,2023-04-18,"SOLUÇÃO DE CONSULTA Nº 76, DE 3 DE ABRIL DE 2023 | SOLUÇÃO DE CONSULTA Nº 84, DE 12 DE ABRIL DE 2023",http://pesquisa.in.gov.br/imprensa/jsp/visualiza/index.jsp?data=18/04/2023&jornal=515&pagina=162,
565,Ordinária,Ministério da Fazenda/Secretaria Especial da Receita Federal do Brasil/Subsecretaria-Geral da Receita Federal do Brasil/Superintendência Regional da Receita Federal do Brasil 5ª Região Fiscal,2023-04-18,"ATO DECLARATÓRIO EXECUTIVO SRRF05 Nº 5, DE 12 DE ABRIL DE 2023",http://pesquisa.in.gov.br/imprensa/jsp/visualiza/index.jsp?data=18/04/2023&jornal=515&pagina=163,"Declara alfandegados os silos operados pela J Macedo S/A, nos termos e condições normativos vigentes."
566,Ordinária,Ministério da Fazenda/Secretaria Especial da Receita Federal do Brasil/Subsecretaria-Geral da Receita Federal do Brasil/Superintendência Regional da Receita Federal do Brasil 1ª Região Fiscal,2023-04-18,"ATO DECLARATÓRIO EXECUTIVO SRRF01 Nº 5, DE 17 DE ABRIL DE 2023 | ATO DECLARATÓRIO EXECUTIVO SRRF01 Nº 6, DE 17 DE ABRIL DE 2023 | ATO DECLARATÓRIO EXECUTIVO SRRF01 Nº 7, DE 17 DE ABRIL DE 2023",http://pesquisa.in.gov.br/imprensa/jsp/visualiza/index.jsp?data=18/04/2023&jornal=515&pagina=163,"Alfandega o Porto Seco de Corumbá/MS, administrado pela empresa AGESA-Armazéns Gerais Alfandegados de Mato Grosso do Sul Ltda, nos termos e condições normativos vigentes. | Alfandega o Porto Seco de Cuiabá/MT, administrado pela empresa Transmino Transportes Ltda, nos termos e condições normativos vigentes. | Alfandega o Porto Seco do Distrito Federal, administrado pela empresa LOGSERVE-Logística Armazenamento e Serviços LTDA, nos termos e condições normativos vigentes."
567,Ordinária,Ministério da Fazenda/Secretaria Especial da Receita Federal do Brasil/Subsecretaria-Geral da Receita Federal do Brasil/Superintendência Regional da Receita Federal do Brasil 2ª Região Fiscal/Delegacia da Receita Federal do Brasil em Manaus,2023-04-18,"ATO DECLARATÓRIO EXECUTIVO VR 02RF DEVAT/EBEN Nº 29, DE 14 DE ABRIL DE 2023",http://pesquisa.in.gov.br/imprensa/jsp/visualiza/index.jsp?data=18/04/2023&jornal=515&pagina=163,"Reconhece o direito à redução do Imposto de Renda das Pessoas Jurídicas (IRPJ) e adicionais não restituíveis incidentes sobre o lucro da exploração, relativo ao projeto de implantação do empreendimento na área da atuação da SUDAM, da pessoa jurídica que menciona."
568,Ordinária,Ministério da Fazenda/Secretaria Especial da Receita Federal do Brasil/Subsecretaria-Geral da Receita Federal do Brasil/Superintendência Regional da Receita Federal do Brasil 7ª Região Fiscal/Delegacia da Receita Federal do Brasil no Rio de Janeiro I,2023-04-18,"ATO DECLARATÓRIO EXECUTIVO Nº 30, DE 17 DE ABRIL DE 2023",http://pesquisa.in.gov.br/imprensa/jsp/visualiza/index.jsp?data=18/04/2023&jornal=515&pagina=164,"Concede renovação para o Registro Especial de Controle de Papel Imune (Regpi) para operação destinado à impressão de livros, jornais e periódicos."
569,Ordinária,Ministério da Fazenda/Secretaria Especial da Receita Federal do Brasil/Subsecretaria-Geral da Receita Federal do Brasil/Superintendência Regional da Receita Federal do Brasil 6ª Região Fiscal/Delegacia da Receita Federal do Brasil em Montes Claros,2023-04-18,"ATO DECLARATÓRIO EXECUTIVO DRF/MONTES CLAROS/MG Nº 154, DE 13 DE ABRIL DE 2023",http://pesquisa.in.gov.br/imprensa/jsp/visualiza/index.jsp?data=18/04/2023&jornal=515&pagina=164,"Declara, a pessoa jurídica que menciona, Coabilitada para operar no Regime Especial de Incentivos para o Desenvolvimento da Infraestrutura - REIDI, de que trata a Instrução Normativa RFB nº 2.121/22."
570,Ordinária,Ministério da Fazenda/Secretaria Especial da Receita Federal do Brasil/Subsecretaria-Geral da Receita Federal do Brasil/Superintendência Regional da Receita Federal do Brasil 7ª Região Fiscal,2023-04-18,"ATO DECLARATÓRIO EXECUTIVO BENFIS-EBEN/DEVAT/SRRF07/RFB Nº 64, DE 14 DE ABRIL DE 2023 | ATO DECLARATÓRIO EXECUTIVO BENFIS-EBEN/DEVAT/SRRF07/RFB Nº 65, DE 14 DE ABRIL DE 2023",http://pesquisa.in.gov.br/imprensa/jsp/visualiza/index.jsp?data=18/04/2023&jornal=515&pagina=164,Declara cancelada a habilitação ao Regime Especial de Aquisição de Bens de Capital para Empresas Exportadoras (RECAP) da pessoa jurídica que menciona. | Declara cancelada a habilitação ao Regime Especial de Aquisição de Bens de Capital para Empresas Exportadoras (RECAP) da pessoa jurídica que menciona.
571,Ordinária,Ministério da Fazenda/Secretaria Especial da Receita Federal do Brasil/Subsecretaria-Geral da Receita Federal do Brasil/Superintendência Regional da Receita Federal do Brasil 7ª Região Fiscal/Delegacia da Receita Federal do Brasil no Rio de Janeiro I,2023-04-18,"ATO DECLARATÓRIO EXECUTIVO Nº 31, DE 17 DE ABRIL DE 2023",http://pesquisa.in.gov.br/imprensa/jsp/visualiza/index.jsp?data=18/04/2023&jornal=515&pagina=164,"Concede renovação para o Registro Especial de Controle de Papel Imune (Regpi) para operação destinado à impressão de livros, jornais e periódicos."
572,Ordinária,Ministério da Fazenda/Secretaria Especial da Receita Federal do Brasil/Subsecretaria-Geral da Receita Federal do Brasil/Superintendência Regional da Receita Federal do Brasil 7ª Região Fiscal/Delegacia da Receita Federal do Brasil no Rio de Janeiro I,2023-04-18,"ATO DECLARATÓRIO EXECUTIVO Nº 29, DE 17 DE ABRIL DE 2023",http://pesquisa.in.gov.br/imprensa/jsp/visualiza/index.jsp?data=18/04/2023&jornal=515&pagina=164,"Concede renovação para o Registro Especial de Controle de Papel Imune (Regpi) para operação destinado à impressão de livros, jornais e periódicos."
573,Ordinária,Ministério da Fazenda/Secretaria Especial da Receita Federal do Brasil/Subsecretaria-Geral da Receita Federal do Brasil/Superintendência Regional da Receita Federal do Brasil 5ª Região Fiscal/Delegacia da Receita Federal do Brasil em Feira de Santana,2023-04-18,"PORTARIA Nº 175, DE 17 DE ABRIL DE 2023",http://pesquisa.in.gov.br/imprensa/jsp/visualiza/index.jsp?data=18/04/2023&jornal=515&pagina=164,Suspende o expediente na sede da Delegacia da Receita Federal do Brasil em Feira de Santana.
574,Ordinária,Ministério da Fazenda/Secretaria Especial da Receita Federal do Brasil/Subsecretaria-Geral da Receita Federal do Brasil/Superintendência Regional da Receita Federal do Brasil 8ª Região Fiscal/Alfândega da Receita Federal do Brasil no Porto de Santos,2023-04-18,"ATO DECLARATÓRIO EXECUTIVO ALF/STS Nº 6, DE 17 DE ABRIL DE 2023",http://pesquisa.in.gov.br/imprensa/jsp/visualiza/index.jsp?data=18/04/2023&jornal=515&pagina=165,Outorga credenciamento sub judice a perito credenciado por esta Alfândega no período de 01 de abril de 2023 a 31 de março de 2025.
575,Ordinária,Ministério da Fazenda/Secretaria Especial da Receita Federal do Brasil/Subsecretaria-Geral da Receita Federal do Brasil/Superintendência Regional da Receita Federal do Brasil 8ª Região Fiscal/Delegacia da Receita Federal do Brasil em Sorocaba,2023-04-18,"ATO DECLARATÓRIO EXECUTIVO REGESP/DEFIS/SRRF08/RFB Nº 216, DE 17 DE ABRIL DE 2023",http://pesquisa.in.gov.br/imprensa/jsp/visualiza/index.jsp?data=18/04/2023&jornal=515&pagina=165,"Concede o Registro Especial a que estão sujeitos os produtores, engarrafadores, cooperativas de produtores, estabelecimentos comerciais atacadistas e importadores de Bebidas Alcoólicas para a atividade específica de importador."
576,Ordinária,Ministério da Fazenda/Secretaria Especial da Receita Federal do Brasil/Subsecretaria-Geral da Receita Federal do Brasil/Superintendência Regional da Receita Federal do Brasil 9ª Região Fiscal/Delegacia da Receita Federal do Brasil em Curitiba,2023-04-18,"ATO DECLARATÓRIO EXECUTIVO Nº 88, DE 14 DE ABRIL DE 2023",http://pesquisa.in.gov.br/imprensa/jsp/visualiza/index.jsp?data=18/04/2023&jornal=515&pagina=165,"Conceder Habilitação Definitiva, à Pessoa Jurídica que menciona, no Programa Mais Leite Saudável, instituído pelo Decreto nº 8.533, de 30 de setembro de 2015."
577,Ordinária,Ministério da Fazenda/Secretaria Especial da Receita Federal do Brasil/Subsecretaria-Geral da Receita Federal do Brasil/Superintendência Regional da Receita Federal do Brasil 8ª Região Fiscal/Delegacia de Fiscalização de Comércio Exterior da Receita Federal do Brasil em São Paulo,2023-04-18,"ATO DECLARATÓRIO EXECUTIVO DECEX/SP Nº 15, DE 14 DE ABRIL DE 2023",http://pesquisa.in.gov.br/imprensa/jsp/visualiza/index.jsp?data=18/04/2023&jornal=515&pagina=165,Concede habilitação no Regime Especial de Entreposto Industrial sob Controle Informatizado do Sistema Público de Escrituração Digital (Recof-Sped) à pessoa jurídica que especifica.
578,Ordinária,Ministério da Fazenda/Secretaria Especial da Receita Federal do Brasil/Subsecretaria-Geral da Receita Federal do Brasil/Superintendência Regional da Receita Federal do Brasil 9ª Região Fiscal/Delegacia da Receita Federal do Brasil em Curitiba,2023-04-18,"ATO DECLARATÓRIO EXECUTIVO Nº 91, DE 14 DE ABRIL DE 2023",http://pesquisa.in.gov.br/imprensa/jsp/visualiza/index.jsp?data=18/04/2023&jornal=515&pagina=165,"Conceder Habilitação Definitiva, à Pessoa Jurídica que menciona, no Programa Mais Leite Saudável, instituído pelo Decreto nº 8.533, de 30 de setembro de 2015."
579,Ordinária,Ministério da Fazenda/Secretaria Especial da Receita Federal do Brasil/Subsecretaria-Geral da Receita Federal do Brasil/Superintendência Regional da Receita Federal do Brasil 9ª Região Fiscal/Delegacia da Receita Federal do Brasil em Curitiba,2023-04-18,"ATO DECLARATÓRIO EXECUTIVO Nº 89, DE 14 DE ABRIL DE 2023",http://pesquisa.in.gov.br/imprensa/jsp/visualiza/index.jsp?data=18/04/2023&jornal=515&pagina=165,"Conceder Habilitação Definitiva, à Pessoa Jurídica que menciona, no Programa Mais Leite Saudável, instituído pelo Decreto nº 8.533, de 30 de setembro de 2015."
580,Ordinária,Ministério da Fazenda/Secretaria Especial da Receita Federal do Brasil/Subsecretaria-Geral da Receita Federal do Brasil/Superintendência Regional da Receita Federal do Brasil 9ª Região Fiscal/Delegacia da Receita Federal do Brasil em Curitiba,2023-04-18,"ATO DECLARATÓRIO EXECUTIVO Nº 90, DE 14 DE ABRIL DE 2023",http://pesquisa.in.gov.br/imprensa/jsp/visualiza/index.jsp?data=18/04/2023&jornal=515&pagina=165,"Conceder Habilitação Definitiva, à Pessoa Jurídica que menciona, no Programa Mais Leite Saudável, instituído pelo Decreto nº 8.533, de 30 de setembro de 2015."
581,Ordinária,Ministério da Integração e do Desenvolvimento Regional/Secretaria Nacional de Proteção e Defesa Civil,2023-04-18,"PORTARIA Nº 1.467, DE 17 DE ABRIL DE 2023",http://pesquisa.in.gov.br/imprensa/jsp/visualiza/index.jsp?data=18/04/2023&jornal=515&pagina=166,
582,Ordinária,Ministério da Integração e do Desenvolvimento Regional/Secretaria Nacional de Proteção e Defesa Civil,2023-04-18,"PORTARIA Nº 1.463, DE 14 DE ABRIL DE 2023",http://pesquisa.in.gov.br/imprensa/jsp/visualiza/index.jsp?data=18/04/2023&jornal=515&pagina=166,
583,Ordinária,"Ministério da Fazenda/Superintendência de Seguros Privados/Diretoria Técnica 1/Coordenação-Geral de Regimes Especiais, Autorizações e Julgamentos",2023-04-18,"PORTARIA CGRAJ/SUSEP Nº 1.396, DE 17 DE ABRIL DE 2023",http://pesquisa.in.gov.br/imprensa/jsp/visualiza/index.jsp?data=18/04/2023&jornal=515&pagina=166,
584,Ordinária,Ministério da Fazenda/Comissão de Valores Mobiliários/Superintendência-Geral/Superintendência de Supervisão de Investidores Institucionais/Gerência de Acompanhamento de Investidores Institucionais,2023-04-18,ATOS DECLARATÓRIOS CVM DE 17 DE ABRIL DE 2023,http://pesquisa.in.gov.br/imprensa/jsp/visualiza/index.jsp?data=18/04/2023&jornal=515&pagina=166,
585,Ordinária,"Ministério da Fazenda/Superintendência de Seguros Privados/Diretoria Técnica 1/Coordenação-Geral de Regimes Especiais, Autorizações e Julgamentos",2023-04-18,"PORTARIA CGRAJ/SUSEP Nº 1.397, DE 17 DE ABRIL DE 2023",http://pesquisa.in.gov.br/imprensa/jsp/visualiza/index.jsp?data=18/04/2023&jornal=515&pagina=166,
586,Ordinária,"Ministério da Fazenda/Superintendência de Seguros Privados/Diretoria Técnica 1/Coordenação-Geral de Regimes Especiais, Autorizações e Julgamentos",2023-04-18,"PORTARIA CGRAJ/SUSEP Nº 1.395, DE 17 DE ABRIL DE 2023",http://pesquisa.in.gov.br/imprensa/jsp/visualiza/index.jsp?data=18/04/2023&jornal=515&pagina=166,
587,Ordinária,Ministério da Fazenda/Secretaria Especial da Receita Federal do Brasil/Subsecretaria-Geral da Receita Federal do Brasil/Superintendência Regional da Receita Federal do Brasil 9ª Região Fiscal/Alfândega da Receita Federal do Brasil em Foz do Iguaçu,2023-04-18,"PORTARIA ALF/FOZ Nº 93, DE 14 DE ABRIL DE 2023",http://pesquisa.in.gov.br/imprensa/jsp/visualiza/index.jsp?data=18/04/2023&jornal=515&pagina=166,
588,Ordinária,Ministério da Fazenda/Comissão de Valores Mobiliários/Gerência Executiva,2023-04-18,RETIFICAÇões,http://pesquisa.in.gov.br/imprensa/jsp/visualiza/index.jsp?data=18/04/2023&jornal=515&pagina=166,
589,Ordinária,"Ministério da Fazenda/Secretaria Especial da Receita Federal do Brasil/Subsecretaria-Geral da Receita Federal do Brasil/Superintendência Regional da Receita Federal do Brasil 9ª Região Fiscal/Alfândega da Receita Federal do Brasil em Curitiba/Seção de Controle de Intervenientes, Carga e Trânsito Aduaneiro",2023-04-18,"ATO DECLARATÓRIO EXECUTIVO ALF/CTA Nº 35, DE 17 DE ABRIL DE 2023",http://pesquisa.in.gov.br/imprensa/jsp/visualiza/index.jsp?data=18/04/2023&jornal=515&pagina=166,Suspensão de ADE de Cancelamento de Registro de Despachante Aduaneiro
590,Ordinária,Ministério da Fazenda/Comissão de Valores Mobiliários/Gerência de Registros 3,2023-04-18,"ATO DECLARATÓRIO CVM Nº 20.810, DE 14 DE ABRIL DE 2023",http://pesquisa.in.gov.br/imprensa/jsp/visualiza/index.jsp?data=18/04/2023&jornal=515&pagina=166,
591,Ordinária,Ministério da Integração e do Desenvolvimento Regional/Secretaria Nacional de Proteção e Defesa Civil,2023-04-18,"PORTARIA Nº 1.468, DE 17 DE ABRIL DE 2023",http://pesquisa.in.gov.br/imprensa/jsp/visualiza/index.jsp?data=18/04/2023&jornal=515&pagina=167,
592,Ordinária,Ministério da Justiça e Segurança Pública/Secretaria Nacional de Justiça/Departamento de Migrações/Coordenação-Geral de Imigração Laboral,2023-04-18,"PORTARIA DIMAA/CGIL-GAB/GAB-DEMIG/DEMIG/SENAJUS/MJSP Nº 47, DE 17 DE ABRIL DE 2023",http://pesquisa.in.gov.br/imprensa/jsp/visualiza/index.jsp?data=18/04/2023&jornal=515&pagina=167,
593,Ordinária,Ministério da Justiça e Segurança Pública/Secretaria Nacional de Justiça,2023-04-18,"DESPACHO Nº 556, DE 11 DE ABRIL DE 2023",http://pesquisa.in.gov.br/imprensa/jsp/visualiza/index.jsp?data=18/04/2023&jornal=515&pagina=167,
594,Ordinária,Ministério da Justiça e Segurança Pública/Gabinete do Ministro,2023-04-18,"PORTARIA MJSP Nº 356, DE 16 DE ABRIL DE 2023",http://pesquisa.in.gov.br/imprensa/jsp/visualiza/index.jsp?data=18/04/2023&jornal=515&pagina=167,"Dispõe sobre o emprego da Força Nacional de Segurança Pública, em apoio à Polícia Federal na Terra Indígena Yanomami."
595,Ordinária,Ministério da Justiça e Segurança Pública/Secretaria Nacional de Justiça/Departamento de Migrações/Coordenação-Geral de Imigração Laboral,2023-04-18,"PORTARIA CGIL-GAB/DEMIG/SENAJUS/MJSP Nº 308, DE 17 DE ABRIL DE 2023 | PORTARIA CGIL-GAB/DEMIG/SENAJUS/MJSP Nº 309, DE 17 DE ABRIL DE 2023",http://pesquisa.in.gov.br/imprensa/jsp/visualiza/index.jsp?data=18/04/2023&jornal=515&pagina=167,
596,Ordinária,Ministério da Justiça e Segurança Pública/Secretaria Nacional de Justiça/Departamento de Migrações/Coordenação-Geral de Imigração Laboral,2023-04-18,DESPACHOS de 17 de abril de 2023 | RETIFICAÇões,http://pesquisa.in.gov.br/imprensa/jsp/visualiza/index.jsp?data=18/04/2023&jornal=515&pagina=167,
597,Ordinária,Ministério da Justiça e Segurança Pública/Secretaria Nacional de Justiça/Departamento de Migrações/Coordenação-Geral de Política Migratória/Coordenação de Processos Migratórios,2023-04-18,"PORTARIA Nº 2.004, DE 14 DE ABRIL DE 2023 | PORTARIA Nº 2.005, DE 14 DE ABRIL DE 2023 | PORTARIA Nº 2.009, DE 17 DE ABRIL DE 2023 | PORTARIA Nº 2.010, DE 17 DE ABRIL DE 2023 | PORTARIA Nº 2.011, DE 17 DE ABRIL DE 2023 | PORTARIA Nº 2.012, DE 17 DE ABRIL DE 2023",http://pesquisa.in.gov.br/imprensa/jsp/visualiza/index.jsp?data=18/04/2023&jornal=515&pagina=173,
598,Ordinária,Ministério da Justiça e Segurança Pública/Secretaria Nacional de Justiça/Departamento de Migrações/Coordenação-Geral de Política Migratória/Coordenação de Processos Migratórios,2023-04-18,"PORTARIA Nº 2.008, DE 17 DE ABRIL DE 2023 | PORTARIA Nº 2.013, DE 17 DE ABRIL DE 2023",http://pesquisa.in.gov.br/imprensa/jsp/visualiza/index.jsp?data=18/04/2023&jornal=515&pagina=173,
599,Ordinária,Ministério da Justiça e Segurança Pública/Secretaria Nacional de Justiça/Departamento de Migrações/Coordenação-Geral de Política Migratória/Coordenação de Processos Migratórios,2023-04-18,DESPACHOS DE 17 DE ABRIL DE 2023,http://pesquisa.in.gov.br/imprensa/jsp/visualiza/index.jsp?data=18/04/2023&jornal=515&pagina=174,
600,Ordinária,Ministério da Justiça e Segurança Pública/Secretaria Nacional de Justiça/Departamento de Migrações/Coordenação-Geral de Política Migratória/Coordenação de Processos Migratórios/Divisão de Naturalização,2023-04-18,DESPACHOS,http://pesquisa.in.gov.br/imprensa/jsp/visualiza/index.jsp?data=18/04/2023&jornal=515&pagina=176,
601,Ordinária,Ministério da Justiça e Segurança Pública/Secretaria Nacional de Justiça/Coordenação de Política de Classificação Indicativa,2023-04-18,"DESPACHO Nº 107, DE 17 DE ABRIL DE 2023",http://pesquisa.in.gov.br/imprensa/jsp/visualiza/index.jsp?data=18/04/2023&jornal=515&pagina=176,
602,Ordinária,Ministério da Justiça e Segurança Pública/Secretaria Nacional de Justiça/Coordenação de Política de Classificação Indicativa,2023-04-18,"DESPACHO Nº 109, DE 17 DE ABRIL DE 2023",http://pesquisa.in.gov.br/imprensa/jsp/visualiza/index.jsp?data=18/04/2023&jornal=515&pagina=176,
603,Ordinária,Ministério da Justiça e Segurança Pública/Conselho Administrativo de Defesa Econômica/Superintendência-Geral,2023-04-18,RETIFICAÇÃO,http://pesquisa.in.gov.br/imprensa/jsp/visualiza/index.jsp?data=18/04/2023&jornal=515&pagina=177,
604,Ordinária,Ministério da Justiça e Segurança Pública/Conselho Administrativo de Defesa Econômica/Superintendência-Geral,2023-04-18,"DESPACHO SG Nº 491, DE 17 de abril de 2023",http://pesquisa.in.gov.br/imprensa/jsp/visualiza/index.jsp?data=18/04/2023&jornal=515&pagina=177,
605,Ordinária,Ministério da Justiça e Segurança Pública/Conselho Administrativo de Defesa Econômica/Superintendência-Geral,2023-04-18,"DESPACHO 493, DE 17 de abril de 2023",http://pesquisa.in.gov.br/imprensa/jsp/visualiza/index.jsp?data=18/04/2023&jornal=515&pagina=177,
606,Ordinária,Ministério da Justiça e Segurança Pública/Conselho Administrativo de Defesa Econômica,2023-04-18,ATA DA 89ª SESSÃO EXTRAORDINÁRIA DE DISTRIBUIÇÃOrealizada em 13 de abril de 2023,http://pesquisa.in.gov.br/imprensa/jsp/visualiza/index.jsp?data=18/04/2023&jornal=515&pagina=177,
607,Ordinária,Ministério do Meio Ambiente e Mudança do Clima/Instituto Brasileiro do Meio Ambiente e dos Recursos Naturais Renováveis,2023-04-18,"PORTARIA Nº 79, DE 6 DE ABRIL DE 2023",http://pesquisa.in.gov.br/imprensa/jsp/visualiza/index.jsp?data=18/04/2023&jornal=515&pagina=177,"Altera os anexos II e III da Portaria 102, de 20 de setembro de 2022."
608,Ordinária,Ministério da Justiça e Segurança Pública/Conselho Administrativo de Defesa Econômica,2023-04-18,"DESPACHO Nº 10, DE 14 de abril de 2023",http://pesquisa.in.gov.br/imprensa/jsp/visualiza/index.jsp?data=18/04/2023&jornal=515&pagina=177,
609,Ordinária,Ministério de Minas e Energia/Agência Nacional de Energia Elétrica,2023-04-18,RESOLUÇÕES AUTORIZATIVAS DE 11 DE ABRIL DE 2023,http://pesquisa.in.gov.br/imprensa/jsp/visualiza/index.jsp?data=18/04/2023&jornal=515&pagina=180,
610,Ordinária,Ministério de Minas e Energia/Gabinete do Ministro,2023-04-18,"PORTARIA Nº 728/GM/MME, DE 17 DE ABRIL DE 2023",http://pesquisa.in.gov.br/imprensa/jsp/visualiza/index.jsp?data=18/04/2023&jornal=515&pagina=180,
611,Ordinária,Ministério de Minas e Energia/Agência Nacional de Energia Elétrica,2023-04-18,RESOLUÇÕES AUTORIZATIVAS DE 11 DE ABRIL DE 2023,http://pesquisa.in.gov.br/imprensa/jsp/visualiza/index.jsp?data=18/04/2023&jornal=515&pagina=180,
612,Ordinária,Ministério de Minas e Energia/Agência Nacional de Energia Elétrica,2023-04-18,"RESOLUÇÃO AUTORIZATIVA Nº 14.299, DE 11 DE ABRIL DE 2023",http://pesquisa.in.gov.br/imprensa/jsp/visualiza/index.jsp?data=18/04/2023&jornal=515&pagina=180,
613,Ordinária,Ministério de Minas e Energia/Agência Nacional de Energia Elétrica,2023-04-18,RESOLUÇÕES AUTORIZATIVAS DE 11 DE ABRIL DE 2023,http://pesquisa.in.gov.br/imprensa/jsp/visualiza/index.jsp?data=18/04/2023&jornal=515&pagina=180,
614,Ordinária,Ministério de Minas e Energia/Agência Nacional de Energia Elétrica,2023-04-18,"RESOLUÇÃO AUTORIZATIVA Nº 14.310, DE 11 DE ABRIL DE 2023",http://pesquisa.in.gov.br/imprensa/jsp/visualiza/index.jsp?data=18/04/2023&jornal=515&pagina=181,
615,Ordinária,Ministério de Minas e Energia/Agência Nacional de Energia Elétrica/Superintendência de Regulação dos Serviços de Geração,2023-04-18,"DESPACHO Nº 1.043, DE 14 DE ABRIL DE 2023",http://pesquisa.in.gov.br/imprensa/jsp/visualiza/index.jsp?data=18/04/2023&jornal=515&pagina=181,
616,Ordinária,Ministério de Minas e Energia/Agência Nacional de Energia Elétrica,2023-04-18,"RESOLUÇÃO AUTORIZATIVA Nº 14.307, DE 11 DE ABRIL DE 2023",http://pesquisa.in.gov.br/imprensa/jsp/visualiza/index.jsp?data=18/04/2023&jornal=515&pagina=181,
617,Ordinária,Ministério de Minas e Energia/Agência Nacional de Energia Elétrica/Superintendência de Concessões e Autorizações de Geração,2023-04-18,"DESPACHO Nº 1.054, DE 17 DE ABRIL DE 2023",http://pesquisa.in.gov.br/imprensa/jsp/visualiza/index.jsp?data=18/04/2023&jornal=515&pagina=181,
618,Ordinária,Ministério de Minas e Energia/Agência Nacional de Energia Elétrica,2023-04-18,RETIFICAÇÃO,http://pesquisa.in.gov.br/imprensa/jsp/visualiza/index.jsp?data=18/04/2023&jornal=515&pagina=181,
619,Ordinária,Ministério de Minas e Energia/Agência Nacional de Energia Elétrica/Superintendência de Fiscalização dos Serviços de Geração,2023-04-18,RETIFICAÇÃO,http://pesquisa.in.gov.br/imprensa/jsp/visualiza/index.jsp?data=18/04/2023&jornal=515&pagina=181,
620,Ordinária,Ministério de Minas e Energia/Agência Nacional de Energia Elétrica/Superintendência de Regulação dos Serviços de Geração,2023-04-18,"DESPACHO Nº 1.044, DE 14 DE ABRIL DE 2023",http://pesquisa.in.gov.br/imprensa/jsp/visualiza/index.jsp?data=18/04/2023&jornal=515&pagina=181,
621,Ordinária,Ministério de Minas e Energia/Agência Nacional de Energia Elétrica,2023-04-18,"RESOLUÇÃO AUTORIZATIVA Nº 14.313, DE 11 DE ABRIL DE 2023",http://pesquisa.in.gov.br/imprensa/jsp/visualiza/index.jsp?data=18/04/2023&jornal=515&pagina=181,
622,Ordinária,Ministério de Minas e Energia/Agência Nacional de Energia Elétrica,2023-04-18,"RESOLUÇÃO AUTORIZATIVA Nº 14.305, DE 11 DE ABRIL DE 2023",http://pesquisa.in.gov.br/imprensa/jsp/visualiza/index.jsp?data=18/04/2023&jornal=515&pagina=181,
623,Ordinária,Ministério de Minas e Energia/Agência Nacional de Energia Elétrica,2023-04-18,"RESOLUÇÃO AUTORIZATIVA Nº 14.312, DE 11 DE ABRIL DE 2023",http://pesquisa.in.gov.br/imprensa/jsp/visualiza/index.jsp?data=18/04/2023&jornal=515&pagina=181,
624,Ordinária,Ministério de Minas e Energia/Agência Nacional de Energia Elétrica,2023-04-18,"RESOLUÇÃO AUTORIZATIVA Nº 14.309, DE 11 DE ABRIL DE 2023",http://pesquisa.in.gov.br/imprensa/jsp/visualiza/index.jsp?data=18/04/2023&jornal=515&pagina=181,
625,Ordinária,Ministério de Minas e Energia/Agência Nacional de Energia Elétrica/Superintendência de Fiscalização dos Serviços de Geração,2023-04-18,DESPACHOS DE 17 DE ABRIL DE 2023,http://pesquisa.in.gov.br/imprensa/jsp/visualiza/index.jsp?data=18/04/2023&jornal=515&pagina=181,
626,Ordinária,Ministério de Minas e Energia/Agência Nacional de Energia Elétrica/Superintendência de Concessões e Autorizações de Geração,2023-04-18,"DESPACHO Nº 1.057, DE 17 DE ABRIL DE 2023",http://pesquisa.in.gov.br/imprensa/jsp/visualiza/index.jsp?data=18/04/2023&jornal=515&pagina=181,
627,Ordinária,Ministério de Minas e Energia/Agência Nacional de Energia Elétrica/Superintendência de Regulação Econômica e Estudos do Mercado,2023-04-18,"DESPACHO Nº 1.042, DE 14 DE ABRIL DE 2023",http://pesquisa.in.gov.br/imprensa/jsp/visualiza/index.jsp?data=18/04/2023&jornal=515&pagina=182,
628,Ordinária,Ministério de Minas e Energia/Agência Nacional de Energia Elétrica/Superintendência de Regulação dos Serviços de Geração,2023-04-18,"DESPACHO Nº 1.051, DE 14 DE ABRIL DE 2023",http://pesquisa.in.gov.br/imprensa/jsp/visualiza/index.jsp?data=18/04/2023&jornal=515&pagina=182,
629,Ordinária,Ministério de Minas e Energia/Agência Nacional de Mineração/Gerência Regional da ANM no Estado de Alagoas,2023-04-18,DESPACHO,http://pesquisa.in.gov.br/imprensa/jsp/visualiza/index.jsp?data=18/04/2023&jornal=515&pagina=182,
630,Ordinária,Ministério de Minas e Energia/Agência Nacional de Mineração/Gerência Regional da ANM no Estado da Bahia,2023-04-18,DESPACHO,http://pesquisa.in.gov.br/imprensa/jsp/visualiza/index.jsp?data=18/04/2023&jornal=515&pagina=182,
631,Ordinária,Ministério de Minas e Energia/Agência Nacional de Mineração/Gerência Regional da ANM no Estado de Goiás,2023-04-18,DESPACHO,http://pesquisa.in.gov.br/imprensa/jsp/visualiza/index.jsp?data=18/04/2023&jornal=515&pagina=182,
632,Ordinária,Ministério de Minas e Energia/Agência Nacional de Mineração/Gerência Regional da ANM no Estado de Alagoas,2023-04-18,DESPACHO,http://pesquisa.in.gov.br/imprensa/jsp/visualiza/index.jsp?data=18/04/2023&jornal=515&pagina=182,
633,Ordinária,Ministério de Minas e Energia/Agência Nacional de Mineração/Gerência Regional da ANM no Estado de Minas Gerais,2023-04-18,DESPACHO,http://pesquisa.in.gov.br/imprensa/jsp/visualiza/index.jsp?data=18/04/2023&jornal=515&pagina=183,
634,Ordinária,Ministério de Minas e Energia/Agência Nacional de Mineração/Gerência Regional da ANM no Estado de Minas Gerais,2023-04-18,DESPACHO,http://pesquisa.in.gov.br/imprensa/jsp/visualiza/index.jsp?data=18/04/2023&jornal=515&pagina=183,
635,Ordinária,Ministério de Minas e Energia/Agência Nacional de Mineração/Gerência Regional da ANM no Estado de Minas Gerais,2023-04-18,DESPACHO,http://pesquisa.in.gov.br/imprensa/jsp/visualiza/index.jsp?data=18/04/2023&jornal=515&pagina=183,
636,Ordinária,Ministério de Minas e Energia/Agência Nacional de Mineração/Gerência Regional da ANM no Estado de Minas Gerais,2023-04-18,DESPACHO,http://pesquisa.in.gov.br/imprensa/jsp/visualiza/index.jsp?data=18/04/2023&jornal=515&pagina=183,
637,Ordinária,Ministério de Minas e Energia/Agência Nacional de Mineração/Gerência Regional da ANM no Estado de Minas Gerais,2023-04-18,DESPACHO,http://pesquisa.in.gov.br/imprensa/jsp/visualiza/index.jsp?data=18/04/2023&jornal=515&pagina=183,
638,Ordinária,Ministério de Minas e Energia/Agência Nacional de Mineração/Gerência Regional da ANM no Estado de Mato Grosso,2023-04-18,DESPACHO,http://pesquisa.in.gov.br/imprensa/jsp/visualiza/index.jsp?data=18/04/2023&jornal=515&pagina=183,
639,Ordinária,Ministério de Minas e Energia/Agência Nacional de Mineração/Gerência Regional da ANM no Estado de Pernambuco,2023-04-18,DESPACHO,http://pesquisa.in.gov.br/imprensa/jsp/visualiza/index.jsp?data=18/04/2023&jornal=515&pagina=184,
640,Ordinária,Ministério de Minas e Energia/Agência Nacional de Mineração/Gerência Regional da ANM no Estado de Paraíba,2023-04-18,DESPACHO,http://pesquisa.in.gov.br/imprensa/jsp/visualiza/index.jsp?data=18/04/2023&jornal=515&pagina=184,
641,Ordinária,Ministério de Minas e Energia/Agência Nacional de Mineração/Gerência Regional da ANM no Estado de Paraíba,2023-04-18,DESPACHO,http://pesquisa.in.gov.br/imprensa/jsp/visualiza/index.jsp?data=18/04/2023&jornal=515&pagina=184,
642,Ordinária,Ministério de Minas e Energia/Agência Nacional de Mineração/Gerência Regional da ANM no Estado de Santa Catarina,2023-04-18,DESPACHO,http://pesquisa.in.gov.br/imprensa/jsp/visualiza/index.jsp?data=18/04/2023&jornal=515&pagina=184,
643,Ordinária,Ministério de Minas e Energia/Agência Nacional de Mineração/Gerência Regional da ANM no Estado de Paraíba,2023-04-18,DESPACHO,http://pesquisa.in.gov.br/imprensa/jsp/visualiza/index.jsp?data=18/04/2023&jornal=515&pagina=184,
644,Ordinária,Ministério de Minas e Energia/Agência Nacional de Mineração/Gerência Regional da ANM no Estado de Paraíba,2023-04-18,DESPACHO,http://pesquisa.in.gov.br/imprensa/jsp/visualiza/index.jsp?data=18/04/2023&jornal=515&pagina=184,
645,Ordinária,Ministério de Minas e Energia/Agência Nacional de Mineração/Gerência Regional da ANM no Estado de Pernambuco,2023-04-18,DESPACHO,http://pesquisa.in.gov.br/imprensa/jsp/visualiza/index.jsp?data=18/04/2023&jornal=515&pagina=184,
646,Ordinária,Ministério de Minas e Energia/Agência Nacional de Mineração/Gerência Regional da ANM no Estado de Pernambuco,2023-04-18,DESPACHO,http://pesquisa.in.gov.br/imprensa/jsp/visualiza/index.jsp?data=18/04/2023&jornal=515&pagina=184,
647,Ordinária,Ministério de Minas e Energia/Agência Nacional de Mineração/Gerência Regional da ANM no Estado de Pernambuco,2023-04-18,DESPACHO,http://pesquisa.in.gov.br/imprensa/jsp/visualiza/index.jsp?data=18/04/2023&jornal=515&pagina=184,
648,Ordinária,Ministério de Minas e Energia/Agência Nacional de Mineração/Gerência Regional da ANM no Estado do Piauí,2023-04-18,DESPACHO,http://pesquisa.in.gov.br/imprensa/jsp/visualiza/index.jsp?data=18/04/2023&jornal=515&pagina=185,
649,Ordinária,Ministério de Minas e Energia/Agência Nacional de Mineração/Gerência Regional da ANM no Estado do Piauí,2023-04-18,DESPACHO,http://pesquisa.in.gov.br/imprensa/jsp/visualiza/index.jsp?data=18/04/2023&jornal=515&pagina=185,
650,Ordinária,Ministério de Minas e Energia/Agência Nacional de Mineração/Gerência Regional da ANM no Estado do Piauí,2023-04-18,DESPACHO,http://pesquisa.in.gov.br/imprensa/jsp/visualiza/index.jsp?data=18/04/2023&jornal=515&pagina=185,
651,Ordinária,Ministério de Minas e Energia/Agência Nacional de Mineração/Gerência Regional da ANM no Estado do Rio Grande do Sul,2023-04-18,DESPACHO,http://pesquisa.in.gov.br/imprensa/jsp/visualiza/index.jsp?data=18/04/2023&jornal=515&pagina=185,
652,Ordinária,Ministério de Minas e Energia/Agência Nacional de Mineração/Gerência Regional da ANM no Estado do Rio Grande do Sul,2023-04-18,DESPACHO,http://pesquisa.in.gov.br/imprensa/jsp/visualiza/index.jsp?data=18/04/2023&jornal=515&pagina=186,
653,Ordinária,Ministério de Minas e Energia/Agência Nacional de Mineração/Gerência Regional da ANM no Estado do Rio Grande do Sul,2023-04-18,DESPACHO,http://pesquisa.in.gov.br/imprensa/jsp/visualiza/index.jsp?data=18/04/2023&jornal=515&pagina=186,
654,Ordinária,Ministério de Minas e Energia/Agência Nacional de Mineração/Superintendência de Arrecadação e Fiscalização de Receitas/Coordenação de Cobrança de Auto de Infração e Taxas,2023-04-18,DESPACHO,http://pesquisa.in.gov.br/imprensa/jsp/visualiza/index.jsp?data=18/04/2023&jornal=515&pagina=186,
655,Ordinária,Ministério de Minas e Energia/Agência Nacional de Mineração/Superintendência de Arrecadação e Fiscalização de Receitas/Coordenação de Cobrança de Auto de Infração e Taxas,2023-04-18,DESPACHO,http://pesquisa.in.gov.br/imprensa/jsp/visualiza/index.jsp?data=18/04/2023&jornal=515&pagina=186,
656,Ordinária,Ministério de Minas e Energia/Agência Nacional de Mineração/Superintendência de Arrecadação e Fiscalização de Receitas/Coordenação de Cobrança de Auto de Infração e Taxas,2023-04-18,DESPACHO,http://pesquisa.in.gov.br/imprensa/jsp/visualiza/index.jsp?data=18/04/2023&jornal=515&pagina=186,
657,Ordinária,Ministério de Minas e Energia/Agência Nacional de Mineração/Gerência Regional da ANM no Estado do Rio Grande do Sul,2023-04-18,DESPACHO,http://pesquisa.in.gov.br/imprensa/jsp/visualiza/index.jsp?data=18/04/2023&jornal=515&pagina=186,
658,Ordinária,Ministério de Minas e Energia/Agência Nacional de Mineração/Gerência Regional da ANM no Estado do Rio Grande do Sul,2023-04-18,DESPACHO,http://pesquisa.in.gov.br/imprensa/jsp/visualiza/index.jsp?data=18/04/2023&jornal=515&pagina=186,
659,Ordinária,Ministério de Minas e Energia/Agência Nacional de Mineração/Gerência Regional da ANM no Estado do Rio Grande do Sul,2023-04-18,DESPACHO,http://pesquisa.in.gov.br/imprensa/jsp/visualiza/index.jsp?data=18/04/2023&jornal=515&pagina=186,
660,Ordinária,"Ministério de Minas e Energia/Agência Nacional do Petróleo, Gás Natural e Biocombustíveis",2023-04-18,"PORTARIA ANP Nº 176, DE 17 DE ABRIL DE 2023",http://pesquisa.in.gov.br/imprensa/jsp/visualiza/index.jsp?data=18/04/2023&jornal=515&pagina=187,Institui o Programa de Gestão de Demandas no âmbito da Diretoria 4 - DIR-4
661,Ordinária,"Ministério de Minas e Energia/Agência Nacional do Petróleo, Gás Natural e Biocombustíveis/Diretoria I/Superintendência de Produção de Combustíveis",2023-04-18,"AUTORIZAÇÃO SPC-ANP Nº 283, DE 17 DE ABRIL DE 2023",http://pesquisa.in.gov.br/imprensa/jsp/visualiza/index.jsp?data=18/04/2023&jornal=515&pagina=189,
662,Ordinária,"Ministério de Minas e Energia/Agência Nacional do Petróleo, Gás Natural e Biocombustíveis/Diretoria II/Superintendência de Distribuição e Logística",2023-04-18,"DESPACHO SDL-ANP Nº 371, DE 17 DE ABRIL DE 2023",http://pesquisa.in.gov.br/imprensa/jsp/visualiza/index.jsp?data=18/04/2023&jornal=515&pagina=189,
663,Ordinária,"Ministério de Minas e Energia/Agência Nacional do Petróleo, Gás Natural e Biocombustíveis/Diretoria II/Superintendência de Segurança Operacional e Meio Ambiente",2023-04-18,"DESPACHO SSM-ANP Nº 374, DE 17 DE ABRIL DE 2023",http://pesquisa.in.gov.br/imprensa/jsp/visualiza/index.jsp?data=18/04/2023&jornal=515&pagina=189,
664,Ordinária,"Ministério de Minas e Energia/Agência Nacional do Petróleo, Gás Natural e Biocombustíveis/Diretoria II/Superintendência de Segurança Operacional e Meio Ambiente",2023-04-18,"DESPACHO SSM-ANP Nº 375, DE 17 DE ABRIL DE 2023",http://pesquisa.in.gov.br/imprensa/jsp/visualiza/index.jsp?data=18/04/2023&jornal=515&pagina=189,
665,Ordinária,"Ministério de Minas e Energia/Agência Nacional do Petróleo, Gás Natural e Biocombustíveis/Diretoria II/Superintendência de Distribuição e Logística",2023-04-18,"DESPACHO SDL-ANP Nº 372, DE 17 DE ABRIL DE 2023",http://pesquisa.in.gov.br/imprensa/jsp/visualiza/index.jsp?data=18/04/2023&jornal=515&pagina=189,
666,Ordinária,"Ministério de Minas e Energia/Agência Nacional do Petróleo, Gás Natural e Biocombustíveis/Diretoria I/Superintendência de Produção de Combustíveis",2023-04-18,"AUTORIZAÇÃO SPC-ANP Nº 284, DE 17 DE ABRIL DE 2023",http://pesquisa.in.gov.br/imprensa/jsp/visualiza/index.jsp?data=18/04/2023&jornal=515&pagina=189,
667,Ordinária,"Ministério de Minas e Energia/Agência Nacional do Petróleo, Gás Natural e Biocombustíveis/Diretoria II/Superintendência de Distribuição e Logística",2023-04-18,"DESPACHO SDL-ANP Nº 370, DE 17 DE abril DE 2023",http://pesquisa.in.gov.br/imprensa/jsp/visualiza/index.jsp?data=18/04/2023&jornal=515&pagina=189,
668,Ordinária,Ministério de Portos e Aeroportos/Agência Nacional de Aviação Civil/Superintendência de Infraestrutura Aeroportuária/Gerência de Certificação e Segurança Operacional,2023-04-18,"PORTARIA Nº 10.912, DE 4 DE ABRIL DE 2023",http://pesquisa.in.gov.br/imprensa/jsp/visualiza/index.jsp?data=18/04/2023&jornal=515&pagina=190,
669,Ordinária,Ministério de Portos e Aeroportos/Agência Nacional de Aviação Civil/Superintendência de Infraestrutura Aeroportuária/Gerência de Certificação e Segurança Operacional,2023-04-18,"PORTARIA Nº 10.860, DE 28 DE MARÇO DE 2023",http://pesquisa.in.gov.br/imprensa/jsp/visualiza/index.jsp?data=18/04/2023&jornal=515&pagina=190,
670,Ordinária,"Ministério de Minas e Energia/Agência Nacional do Petróleo, Gás Natural e Biocombustíveis/Diretoria II/Superintendência de Distribuição e Logística",2023-04-18,"DESPACHO SDL-ANP Nº 373, DE 17 DE ABRIL DE 2023",http://pesquisa.in.gov.br/imprensa/jsp/visualiza/index.jsp?data=18/04/2023&jornal=515&pagina=190,
671,Ordinária,Ministério de Portos e Aeroportos/Agência Nacional de Aviação Civil,2023-04-18,RETIFICAÇÃO,http://pesquisa.in.gov.br/imprensa/jsp/visualiza/index.jsp?data=18/04/2023&jornal=515&pagina=190,
672,Ordinária,Ministério da Pesca e Aquicultura/Consultoria Jurídica,2023-04-18,"PORTARIA CONJUR/MPA Nº 1, DE 13 DE MARÇO DE 2023",http://pesquisa.in.gov.br/imprensa/jsp/visualiza/index.jsp?data=18/04/2023&jornal=515&pagina=190,"Disciplina o fluxo de processos administrativos relativos às requisições de elementos de fato e de direito necessários para subsidiar a defesa da União, bem como ao cumprimento de determinações judiciais, no âmbito da Consultoria Jurídica junto ao Ministério da Pesca e Aquicultura, no que concerne a matérias repetitivas."
673,Ordinária,Ministério de Portos e Aeroportos/Secretaria Executiva,2023-04-18,"Portaria Nº 66, DE 14 de abril de 2023",http://pesquisa.in.gov.br/imprensa/jsp/visualiza/index.jsp?data=18/04/2023&jornal=515&pagina=190,"Aprova a atualização do Plano de Desenvolvimento e Zoneamento do Porto Organizado de Antonina, nos termos que especifica."
674,Ordinária,Ministério de Portos e Aeroportos/Agência Nacional de Transportes Aquaviários,2023-04-18,"DELIBERAÇÃO Nº 28, DE 17 de abril de 2023",http://pesquisa.in.gov.br/imprensa/jsp/visualiza/index.jsp?data=18/04/2023&jornal=515&pagina=191,
675,Ordinária,Ministério de Portos e Aeroportos/Agência Nacional de Aviação Civil/Superintendência de Pessoal da Aviação Civil/Gerência de Certificação de Pessoal/Coordenadoria de Certificação Médica Aeronáutica,2023-04-18,"PORTARIA Nº 11.020, DE 13 DE ABRIL DE 2023",http://pesquisa.in.gov.br/imprensa/jsp/visualiza/index.jsp?data=18/04/2023&jornal=515&pagina=191,
676,Ordinária,Ministério de Portos e Aeroportos/Agência Nacional de Aviação Civil/Superintendência de Pessoal da Aviação Civil/Gerência de Certificação de Pessoal/Coordenadoria de Certificação Médica Aeronáutica,2023-04-18,"PORTARIA Nº 11.009, DE 13 DE ABRIL DE 2023",http://pesquisa.in.gov.br/imprensa/jsp/visualiza/index.jsp?data=18/04/2023&jornal=515&pagina=191,
677,Ordinária,Ministério de Portos e Aeroportos/Agência Nacional de Aviação Civil/Superintendência de Pessoal da Aviação Civil,2023-04-18,"PORTARIA Nº 11.037, DE 14 DE ABRIL DE 2023",http://pesquisa.in.gov.br/imprensa/jsp/visualiza/index.jsp?data=18/04/2023&jornal=515&pagina=191,
678,Ordinária,Ministério de Portos e Aeroportos/Agência Nacional de Aviação Civil/Superintendência de Pessoal da Aviação Civil,2023-04-18,"PORTARIA Nº 11.034, DE 14 DE ABRIL DE 2023",http://pesquisa.in.gov.br/imprensa/jsp/visualiza/index.jsp?data=18/04/2023&jornal=515&pagina=191,
679,Ordinária,Ministério de Portos e Aeroportos/Agência Nacional de Transportes Aquaviários/Superintendência de Fiscalização e Coordenação das Unidades Regionais,2023-04-18,"DELIBERAÇÃO Nº 63, DE 17 de abril de 2023",http://pesquisa.in.gov.br/imprensa/jsp/visualiza/index.jsp?data=18/04/2023&jornal=515&pagina=191,
680,Ordinária,Ministério de Portos e Aeroportos/Agência Nacional de Aviação Civil/Superintendência de Padrões Operacionais/Gerência de Certificação de Aeronavegabilidade Continuada/Gerência Técnica de Vigilância de Aeronavegabilidade Continuada,2023-04-18,"PORTARIA Nº 11.016, DE 13 DE ABRIL DE 2023",http://pesquisa.in.gov.br/imprensa/jsp/visualiza/index.jsp?data=18/04/2023&jornal=515&pagina=191,
681,Ordinária,Ministério de Portos e Aeroportos/Agência Nacional de Aviação Civil/Superintendência de Padrões Operacionais/Gerência de Certificação de Aeronavegabilidade Continuada/Gerência Técnica de Vigilância de Aeronavegabilidade Continuada,2023-04-18,"PORTARIA Nº 11.031, DE 14 DE ABRIL DE 2023",http://pesquisa.in.gov.br/imprensa/jsp/visualiza/index.jsp?data=18/04/2023&jornal=515&pagina=191,
682,Ordinária,Ministério de Portos e Aeroportos/Agência Nacional de Aviação Civil/Superintendência de Infraestrutura Aeroportuária/Gerência de AVSEC e Facilitação,2023-04-18,"PORTARIA Nº 10.961, DE 10 DE ABRIL DE 2023",http://pesquisa.in.gov.br/imprensa/jsp/visualiza/index.jsp?data=18/04/2023&jornal=515&pagina=191,
683,Ordinária,Ministério de Portos e Aeroportos/Agência Nacional de Aviação Civil/Superintendência de Padrões Operacionais,2023-04-18,"PORTARIA Nº 10.951, DE 10 DE ABRIL DE 2023",http://pesquisa.in.gov.br/imprensa/jsp/visualiza/index.jsp?data=18/04/2023&jornal=515&pagina=191,
684,Ordinária,Ministério das Relações Exteriores/Gabinete do Ministro,2023-04-18,"PORTARIA Nº 454, DE 17 DE ABRIL DE 2023",http://pesquisa.in.gov.br/imprensa/jsp/visualiza/index.jsp?data=18/04/2023&jornal=515&pagina=192,Institui o Sistema de Promoção de Diversidade e Inclusão do Ministério das Relações Exteriores (MRE).
685,Ordinária,Ministério de Portos e Aeroportos/Agência Nacional de Transportes Aquaviários/Superintendência de Outorgas,2023-04-18,"DELIBERAÇÃO Nº 80, DE 14 de abril de 2023",http://pesquisa.in.gov.br/imprensa/jsp/visualiza/index.jsp?data=18/04/2023&jornal=515&pagina=192,
686,Ordinária,Ministério da Saúde/Gabinete da Ministra,2023-04-18,"PORTARIA GM/MS Nº 483, DE 14 DE ABRIL DE 2023",http://pesquisa.in.gov.br/imprensa/jsp/visualiza/index.jsp?data=18/04/2023&jornal=515&pagina=192,"Aprova o repasse de recursos para Estados e Distrito Federal, a título de financiamento, referente a abril, maio e junho de 2023, para aquisição de medicamentos do Componente Especializado da Assistência Farmacêutica conforme Tabela de Procedimentos, Medicamentos, Órteses, Próteses e Materiais Especiais do Sistema Único de Saúde."
687,Ordinária,Ministério da Saúde/Gabinete da Ministra,2023-04-18,"PORTARIA GM/MS Nº 484, DE 14 DE ABRIL DE 2023",http://pesquisa.in.gov.br/imprensa/jsp/visualiza/index.jsp?data=18/04/2023&jornal=515&pagina=193,"Qualifica Unidade de Suporte Básico (USB), destinada ao Serviço de Atendimento Móvel de Urgência (SAMU 192), pertencente à Central de Regulação das Urgências (CRU) de Marabá Carajás e estabelece recurso financeiro do Bloco de Manutenção das Ações e Serviços Públicos de Saúde - Grupo de Atenção Especializada, a ser incorporado ao limite financeiro de Média e Alta Complexidade (MAC) do Estado do Pará e Município de Piçarra."
688,Ordinária,Ministério da Saúde/Gabinete da Ministra,2023-04-18,"PORTARIA GM/MS Nº 485, DE 14 DE ABRIL DE 2023",http://pesquisa.in.gov.br/imprensa/jsp/visualiza/index.jsp?data=18/04/2023&jornal=515&pagina=193,"Dispõe sobre a distribuição de vagas, as diretrizes e os critérios para seu dimensionamento e a metodologia de sua priorização em municípios no âmbito dos programas de provimento do Ministério da Saúde e dá outras providências."
689,Ordinária,"Ministério da Saúde/Secretaria de Ciência, Tecnologia, Inovação e Complexo da Saúde",2023-04-18,"Consulta Pública SECTICS/MS Nº 10, DE 17 DE ABRIL DE 2023",http://pesquisa.in.gov.br/imprensa/jsp/visualiza/index.jsp?data=18/04/2023&jornal=515&pagina=194,
690,Ordinária,"Ministério da Saúde/Secretaria de Ciência, Tecnologia, Inovação e Complexo da Saúde",2023-04-18,"Consulta Pública SECTICS/MS Nº 7, DE 17 DE ABRIL DE 2023",http://pesquisa.in.gov.br/imprensa/jsp/visualiza/index.jsp?data=18/04/2023&jornal=515&pagina=194,
691,Ordinária,Ministério da Saúde/Gabinete da Ministra,2023-04-18,RETIFICAÇÃO,http://pesquisa.in.gov.br/imprensa/jsp/visualiza/index.jsp?data=18/04/2023&jornal=515&pagina=194,
692,Ordinária,Ministério da Saúde/Gabinete da Ministra,2023-04-18,"PORTARIA GM/MS Nº 488, DE 17 DE ABRIL DE 2023",http://pesquisa.in.gov.br/imprensa/jsp/visualiza/index.jsp?data=18/04/2023&jornal=515&pagina=194,"Qualifica Unidade de Suporte Avançado (USA), destinada ao Serviço de Atendimento Móvel de Urgência (SAMU 192), pertencente à Central de Regulação das Urgências de São José do Rio Preto (SP) e estabelece recurso financeiro do Bloco de Manutenção das Ações e Serviços Públicos de Saúde - Grupo de Atenção Especializada, a ser incorporado ao limite financeiro de Média e Alta Complexidade (MAC) do Estado de São Paulo e Município de São José do Rio Preto."
693,Ordinária,"Ministério da Saúde/Secretaria de Ciência, Tecnologia, Inovação e Complexo da Saúde",2023-04-18,"Consulta Pública SECTICS/MS Nº 8, DE 17 DE ABRIL DE 2023",http://pesquisa.in.gov.br/imprensa/jsp/visualiza/index.jsp?data=18/04/2023&jornal=515&pagina=194,
694,Ordinária,"Ministério da Saúde/Secretaria de Ciência, Tecnologia, Inovação e Complexo da Saúde",2023-04-18,"Consulta Pública SECTICS/MS Nº 9, DE 17 DE ABRIL DE 2023",http://pesquisa.in.gov.br/imprensa/jsp/visualiza/index.jsp?data=18/04/2023&jornal=515&pagina=194,
695,Ordinária,"Ministério da Saúde/Secretaria de Ciência, Tecnologia, Inovação e Complexo da Saúde",2023-04-18,"Consulta Pública SECTICS/MS Nº 12, DE 17 DE ABRIL DE 2023",http://pesquisa.in.gov.br/imprensa/jsp/visualiza/index.jsp?data=18/04/2023&jornal=515&pagina=194,
696,Ordinária,"Ministério da Saúde/Secretaria de Ciência, Tecnologia, Inovação e Complexo da Saúde",2023-04-18,"Consulta Pública SECTICS/MS Nº 11, DE 17 DE ABRIL DE 2023",http://pesquisa.in.gov.br/imprensa/jsp/visualiza/index.jsp?data=18/04/2023&jornal=515&pagina=194,
697,Ordinária,Ministério da Saúde/Agência Nacional de Vigilância Sanitária/4ª Diretoria/Gerência-Geral de Inspeção e Fiscalização Sanitária,2023-04-18,"RESOLUÇÃO-RE Nº 1.326, DE 17 DE ABRIL DE 2023",http://pesquisa.in.gov.br/imprensa/jsp/visualiza/index.jsp?data=18/04/2023&jornal=515&pagina=195,
698,Ordinária,Ministério da Saúde/Agência Nacional de Vigilância Sanitária/4ª Diretoria/Gerência-Geral de Inspeção e Fiscalização Sanitária,2023-04-18,"RESOLUÇÃO-RE Nº 1.327, DE 17 DE ABRIL DE 2023",http://pesquisa.in.gov.br/imprensa/jsp/visualiza/index.jsp?data=18/04/2023&jornal=515&pagina=195,
699,Ordinária,Ministério da Saúde/Agência Nacional de Vigilância Sanitária/4ª Diretoria/Gerência-Geral de Inspeção e Fiscalização Sanitária,2023-04-18,"RESOLUÇÃO-RE Nº 1.325, DE 17 DE ABRIL DE 2023",http://pesquisa.in.gov.br/imprensa/jsp/visualiza/index.jsp?data=18/04/2023&jornal=515&pagina=195,
700,Ordinária,Ministério da Saúde/Agência Nacional de Vigilância Sanitária/4ª Diretoria/Gerência-Geral de Inspeção e Fiscalização Sanitária,2023-04-18,"RESOLUÇÃO-RE Nº 235, DE 24 DE JANEIRO DE 2023 (*)",http://pesquisa.in.gov.br/imprensa/jsp/visualiza/index.jsp?data=18/04/2023&jornal=515&pagina=195,
701,Ordinária,"Ministério da Saúde/Secretaria de Ciência, Tecnologia, Inovação e Complexo da Saúde",2023-04-18,"PORTARIA SECTICS/MS Nº 14, DE 17 DE ABRIL DE 2023",http://pesquisa.in.gov.br/imprensa/jsp/visualiza/index.jsp?data=18/04/2023&jornal=515&pagina=195,"Torna pública a decisão de não incorporar, no âmbito do Sistema Único de Saúde - SUS, o sensor pré-calibrado para monitorização de pressão intravascular e minimamente invasiva do débito cardíaco, FloTrac®, para cirurgias de grande porte e de alto risco."
702,Ordinária,"Ministério da Saúde/Secretaria de Ciência, Tecnologia, Inovação e Complexo da Saúde",2023-04-18,"PORTARIA SECTICS/MS Nº 10, DE 17 DE ABRIL DE 2023",http://pesquisa.in.gov.br/imprensa/jsp/visualiza/index.jsp?data=18/04/2023&jornal=515&pagina=195,"Torna pública a decisão de incorporar, no âmbito do Sistema Único de Saúde - SUS, o teste de anti-gliadina deaminada IgG para crianças com até 2 anos de idade e com suspeita de doença celíaca, e conforme Protocolo Clínico do Ministério da Saúde."
703,Ordinária,"Ministério da Saúde/Secretaria de Ciência, Tecnologia, Inovação e Complexo da Saúde",2023-04-18,"Consulta Pública SECTICS/MS Nº 13, DE 17 DE ABRIL DE 2023",http://pesquisa.in.gov.br/imprensa/jsp/visualiza/index.jsp?data=18/04/2023&jornal=515&pagina=195,
704,Ordinária,"Ministério da Saúde/Secretaria de Ciência, Tecnologia, Inovação e Complexo da Saúde",2023-04-18,"Consulta Pública SECTICS/MS Nº 14, DE 17 DE ABRIL DE 2023",http://pesquisa.in.gov.br/imprensa/jsp/visualiza/index.jsp?data=18/04/2023&jornal=515&pagina=195,
705,Ordinária,Ministério da Saúde/Agência Nacional de Vigilância Sanitária/4ª Diretoria/Gerência-Geral de Inspeção e Fiscalização Sanitária/Coordenação de Autorização de Funcionamento de Empresas,2023-04-18,"RESOLUÇÃO-RE Nº 1.330, DE 17 DE ABRIL DE 2023",http://pesquisa.in.gov.br/imprensa/jsp/visualiza/index.jsp?data=18/04/2023&jornal=515&pagina=196,
706,Ordinária,Ministério da Saúde/Agência Nacional de Vigilância Sanitária/4ª Diretoria/Gerência-Geral de Inspeção e Fiscalização Sanitária/Coordenação de Autorização de Funcionamento de Empresas,2023-04-18,"RESOLUÇÃO-RE Nº 1.331, DE 17 DE ABRIL DE 2023",http://pesquisa.in.gov.br/imprensa/jsp/visualiza/index.jsp?data=18/04/2023&jornal=515&pagina=196,
707,Ordinária,Ministério da Saúde/Agência Nacional de Vigilância Sanitária/4ª Diretoria/Gerência-Geral de Inspeção e Fiscalização Sanitária,2023-04-18,"RESOLUÇÃO-RE Nº 1.328, DE 17 DE ABRIL DE 2023",http://pesquisa.in.gov.br/imprensa/jsp/visualiza/index.jsp?data=18/04/2023&jornal=515&pagina=196,
708,Ordinária,Ministério da Saúde/Agência Nacional de Vigilância Sanitária/4ª Diretoria/Gerência-Geral de Inspeção e Fiscalização Sanitária/Coordenação de Autorização de Funcionamento de Empresas,2023-04-18,"RESOLUÇÃO-RE Nº 1.329, DE 17 DE ABRIL DE 2023",http://pesquisa.in.gov.br/imprensa/jsp/visualiza/index.jsp?data=18/04/2023&jornal=515&pagina=196,
709,Ordinária,Ministério da Saúde/Agência Nacional de Vigilância Sanitária/4ª Diretoria/Gerência-Geral de Inspeção e Fiscalização Sanitária,2023-04-18,"RESOLUÇÃO-RE Nº 1.336, DE 17 DE ABRIL DE 2023",http://pesquisa.in.gov.br/imprensa/jsp/visualiza/index.jsp?data=18/04/2023&jornal=515&pagina=196,
710,Ordinária,Ministério da Saúde/Agência Nacional de Vigilância Sanitária/4ª Diretoria/Gerência-Geral de Inspeção e Fiscalização Sanitária,2023-04-18,RETIFICAÇÃO,http://pesquisa.in.gov.br/imprensa/jsp/visualiza/index.jsp?data=18/04/2023&jornal=515&pagina=196,
711,Ordinária,Ministério da Saúde/Agência Nacional de Vigilância Sanitária/4ª Diretoria/Gerência-Geral de Inspeção e Fiscalização Sanitária/Coordenação de Autorização de Funcionamento de Empresas,2023-04-18,"RESOLUÇÃO-RE Nº 1.332, DE 17 DE ABRIL DE 2023",http://pesquisa.in.gov.br/imprensa/jsp/visualiza/index.jsp?data=18/04/2023&jornal=515&pagina=197,
712,Ordinária,Ministério da Saúde/Agência Nacional de Vigilância Sanitária/4ª Diretoria/Gerência-Geral de Inspeção e Fiscalização Sanitária/Coordenação de Autorização de Funcionamento de Empresas,2023-04-18,"RESOLUÇÃO-RE Nº 1.333, DE 17 DE ABRIL DE 2023",http://pesquisa.in.gov.br/imprensa/jsp/visualiza/index.jsp?data=18/04/2023&jornal=515&pagina=197,
713,Ordinária,Ministério da Saúde/Agência Nacional de Vigilância Sanitária/4ª Diretoria/Gerência-Geral de Inspeção e Fiscalização Sanitária/Coordenação de Autorização de Funcionamento de Empresas,2023-04-18,"RESOLUÇÃO-RE Nº 1.335, DE 17 DE ABRIL DE 2023",http://pesquisa.in.gov.br/imprensa/jsp/visualiza/index.jsp?data=18/04/2023&jornal=515&pagina=198,
714,Ordinária,Ministério da Saúde/Agência Nacional de Vigilância Sanitária/4ª Diretoria/Gerência-Geral de Inspeção e Fiscalização Sanitária/Coordenação de Autorização de Funcionamento de Empresas,2023-04-18,"RESOLUÇÃO-RE Nº 1.334, DE 17 DE ABRIL DE 2023",http://pesquisa.in.gov.br/imprensa/jsp/visualiza/index.jsp?data=18/04/2023&jornal=515&pagina=198,
715,Ordinária,Ministério do Trabalho e Emprego/Secretaria de Inspeção do Trabalho/Departamento de Fiscalização do Trabalho/Coordenação-Geral de Recursos,2023-04-18,Despachos dE 17 de abril de 2023,http://pesquisa.in.gov.br/imprensa/jsp/visualiza/index.jsp?data=18/04/2023&jornal=515&pagina=199,
716,Ordinária,Ministério dos Transportes/Agência Nacional de Transportes Terrestres/Superintendência de Serviços de Transporte Rodoviário de Passageiros,2023-04-18,"PORTARIA Nº 3, DE 13 DE ABRIL DE 2023",http://pesquisa.in.gov.br/imprensa/jsp/visualiza/index.jsp?data=18/04/2023&jornal=515&pagina=199,
717,Ordinária,Ministério dos Transportes/Agência Nacional de Transportes Terrestres/Superintendência de Transporte Ferroviário,2023-04-18,"DECISÃO SUFER Nº 52, DE 14 DE ABRIL DE 2023",http://pesquisa.in.gov.br/imprensa/jsp/visualiza/index.jsp?data=18/04/2023&jornal=515&pagina=199,
718,Ordinária,Ministério dos Transportes/Secretaria Nacional de Trânsito,2023-04-18,"PORTARIA (SENATRAN) Nº 297, DE 11 DE ABRIL DE 2023",http://pesquisa.in.gov.br/imprensa/jsp/visualiza/index.jsp?data=18/04/2023&jornal=515&pagina=199,
719,Ordinária,Ministério dos Transportes/Agência Nacional de Transportes Terrestres/Superintendência de Serviços de Transporte Rodoviário de Passageiros,2023-04-18,"DECISÃO SUPAS Nº 216, DE 13 DE ABRIL DE 2023",http://pesquisa.in.gov.br/imprensa/jsp/visualiza/index.jsp?data=18/04/2023&jornal=515&pagina=201,
720,Ordinária,Ministério dos Transportes/Agência Nacional de Transportes Terrestres/Diretoria Colegiada,2023-04-18,"DELIBERAÇÃO Nº 115, DE 14 DE ABRIL DE 2023",http://pesquisa.in.gov.br/imprensa/jsp/visualiza/index.jsp?data=18/04/2023&jornal=515&pagina=201,
721,Ordinária,Ministério dos Transportes/Agência Nacional de Transportes Terrestres/Diretoria Colegiada,2023-04-18,"DELIBERAÇÃO Nº 116, DE 14 DE ABRIL DE 2023",http://pesquisa.in.gov.br/imprensa/jsp/visualiza/index.jsp?data=18/04/2023&jornal=515&pagina=201,
722,Ordinária,Ministério dos Transportes/Agência Nacional de Transportes Terrestres/Diretoria Colegiada,2023-04-18,"DELIBERAÇÃO Nº 114, DE 14 DE ABRIL DE 2023",http://pesquisa.in.gov.br/imprensa/jsp/visualiza/index.jsp?data=18/04/2023&jornal=515&pagina=201,
723,Ordinária,Ministério dos Transportes/Agência Nacional de Transportes Terrestres/Superintendência de Serviços de Transporte Rodoviário de Passageiros,2023-04-18,"DECISÃO SUPAS Nº 220, DE 17 DE ABRIL DE 2023",http://pesquisa.in.gov.br/imprensa/jsp/visualiza/index.jsp?data=18/04/2023&jornal=515&pagina=201,
724,Ordinária,Ministério dos Transportes/Agência Nacional de Transportes Terrestres/Superintendência de Serviços de Transporte Rodoviário de Passageiros,2023-04-18,"DECISÃO SUPAS Nº 219, DE 17 DE ABRIL DE 2023",http://pesquisa.in.gov.br/imprensa/jsp/visualiza/index.jsp?data=18/04/2023&jornal=515&pagina=201,
725,Ordinária,Ministério dos Transportes/Agência Nacional de Transportes Terrestres/Superintendência de Infraestrutura Rodoviária,2023-04-18,"DECISÃO SUROD Nº 195, DE 11 DE ABRIL DE 2023",http://pesquisa.in.gov.br/imprensa/jsp/visualiza/index.jsp?data=18/04/2023&jornal=515&pagina=201,"Autoriza a implantação de rede de energia na rodovia BR-324/BA, sob concessão à ViaBahia Concessionária de Rodovias S/A - VIABAHIA - Interessado: Companhia de Eletricidade do Estado da Bahia - COELBA."
726,Ordinária,Ministério dos Transportes/Agência Nacional de Transportes Terrestres/Diretoria Colegiada,2023-04-18,"DELIBERAÇÃO Nº 117, DE 14 DE ABRIL DE 2023",http://pesquisa.in.gov.br/imprensa/jsp/visualiza/index.jsp?data=18/04/2023&jornal=515&pagina=201,
727,Ordinária,Ministério dos Transportes/Agência Nacional de Transportes Terrestres/Superintendência de Infraestrutura Rodoviária,2023-04-18,"DECISÃO SUROD Nº 200, DE 11 DE ABRIL DE 2023",http://pesquisa.in.gov.br/imprensa/jsp/visualiza/index.jsp?data=18/04/2023&jornal=515&pagina=202,"Declara a utilidade pública de áreas para as obras de duplicação, entre o km 243+600m e km 269+200m administrada pela Concessionária das Rodovias Integradas do Sul S.A"
728,Ordinária,Ministério dos Transportes/Agência Nacional de Transportes Terrestres/Superintendência de Infraestrutura Rodoviária,2023-04-18,"DECISÃO SUROD Nº 198, DE 10 DE ABRIL DE 2023",http://pesquisa.in.gov.br/imprensa/jsp/visualiza/index.jsp?data=18/04/2023&jornal=515&pagina=202,"Autoriza a implantação de rede de energia elétrica na rodovia BR-262/MG, sob concessão à Concessionária de Rodovias Centrais do Brasil S.A. - CONCEBRA - Interessado: Interligação Elétrica de Minas Gerais S.A."
729,Ordinária,Ministério dos Transportes/Agência Nacional de Transportes Terrestres/Superintendência de Infraestrutura Rodoviária,2023-04-18,"DECISÃO SUROD Nº 196, DE 10 DE ABRIL DE 2023",http://pesquisa.in.gov.br/imprensa/jsp/visualiza/index.jsp?data=18/04/2023&jornal=515&pagina=202,"Autoriza a implantação de rede de energia na rodovia BR-116/BA, sob concessão à ViaBahia Concessionária de Rodovias S/A - VIABAHIA - Interessado: Companhia de Eletricidade do Estado da Bahia - COELBA."
730,Ordinária,Ministério dos Transportes/Agência Nacional de Transportes Terrestres/Superintendência de Infraestrutura Rodoviária,2023-04-18,"DECISÃO SUROD Nº 197, DE 10 DE ABRIL DE 2023",http://pesquisa.in.gov.br/imprensa/jsp/visualiza/index.jsp?data=18/04/2023&jornal=515&pagina=202,"Autoriza a implantação de acesso na rodovia BR-365/MG, sob concessão à Concessionária Ecovias do Cerrado S.A. - Interessado: Ola Administradora de Bens - Eireli."
731,Ordinária,Ministério Público da União/Ministério Público do Distrito Federal e Territórios/Procuradoria-Geral de Justiça/Coordenadorias das Promotorias de Justiça,2023-04-18,"PORTARIA nº 11 - PRODEP, De 17 de abril de 2023",http://pesquisa.in.gov.br/imprensa/jsp/visualiza/index.jsp?data=18/04/2023&jornal=515&pagina=205,
732,Ordinária,Ministério Público da União/Ministério Público Militar,2023-04-18,RETIFICAÇÃO,http://pesquisa.in.gov.br/imprensa/jsp/visualiza/index.jsp?data=18/04/2023&jornal=515&pagina=205,
733,Ordinária,Ministério dos Transportes/Agência Nacional de Transportes Terrestres/Superintendência de Infraestrutura Rodoviária,2023-04-18,"DECISÃO SUROD Nº 201, DE 11 DE ABRIL DE 2023",http://pesquisa.in.gov.br/imprensa/jsp/visualiza/index.jsp?data=18/04/2023&jornal=515&pagina=205,Declara a utilidade pública de áreas para as obras de via marginal do km 271+300m ao km 272+800m administrada pela Concessionária Catarinense de Rodovias S.A
734,Extra,"Ministério do Desenvolvimento, Indústria, Comércio e Serviços/Gabinete do Ministro",2023-10-26,"PORTARIA GM/MDIC Nº 316, DE 25 DE OUTUBRO DE 2023",http://pesquisa.in.gov.br/imprensa/jsp/visualiza/index.jsp?data=26/10/2023&jornal=600&pagina=1,"Dispõe sobre a remuneração do administrador do Fundo Garantidor para Investimentos e dos agentes financeiros no âmbito do Programa Emergencial de Acesso a Crédito - Peac-FGI e do Programa Emergencial de Acesso a Crédito Solidário para atendimento à catástrofe ocorrida em setembro de 2023 em Munícipios do Estado do Rio Grande do Sul - Peac-FGI Crédito Solidário RS, define os limites e os critérios de alavancagem e de taxa de juros aplicáveis aos Programas e dá outras providências."
735,Ordinária,Ministério da Agricultura e Pecuária/Secretaria de Defesa Agropecuária,2023-10-26,"PORTARIA SDA/MAPA Nº 906, DE 24 DE OUTUBRO DE 2023",http://pesquisa.in.gov.br/imprensa/jsp/visualiza/index.jsp?data=26/10/2023&jornal=515&pagina=24,Estabelece os requisitos fitossanitários para a importação de mudas in vitro de Angelônia (Angelonia angustifolia) dos Estados Unidos da América
736,Ordinária,Ministério da Agricultura e Pecuária/Secretaria de Defesa Agropecuária,2023-10-26,"PORTARIA SDA/MAPA Nº 905, DE 24 DE OUTUBRO DE 2023",http://pesquisa.in.gov.br/imprensa/jsp/visualiza/index.jsp?data=26/10/2023&jornal=515&pagina=24,Estabelece os requisitos fitossanitários para a importação de grãos de milheto (Cenchrus americanus) da Índia
737,Ordinária,Ministério da Agricultura e Pecuária/Secretaria de Defesa Agropecuária,2023-10-26,"PORTARIA SDA/MAPA Nº 907, DE 24 DE OUTUBRO DE 2023",http://pesquisa.in.gov.br/imprensa/jsp/visualiza/index.jsp?data=26/10/2023&jornal=515&pagina=24,Estabelece os requisitos fitossanitários para a importação de material propagativo de petúnia (Petunia Spp.) de qualquer origem.
738,Ordinária,Ministério da Agricultura e Pecuária/Secretaria de Defesa Agropecuária,2023-10-26,,http://pesquisa.in.gov.br/imprensa/jsp/visualiza/index.jsp?data=26/10/2023&jornal=515&pagina=25,"Cancela a pedido o credenciamento do Bioagri Laboratórios LTDA, credenciado para realizar ensaios em amostras oriundas dos programas e controles oficiais do Ministério da Agricultura e Pecuária."
739,Ordinária,Ministério da Agricultura e Pecuária/Secretaria de Defesa Agropecuária,2023-10-26,,http://pesquisa.in.gov.br/imprensa/jsp/visualiza/index.jsp?data=26/10/2023&jornal=515&pagina=25,"Suspende o credenciamento do Laboratório Jac-Vet Casa da Fazenda LTDA, credenciado para realizar ensaios em amostras oriundas dos programas e controles oficiais do Ministério da Agricultura e Pecuária."
740,Ordinária,Ministério da Agricultura e Pecuária/Secretaria de Defesa Agropecuária/Departamento de Sanidade Vegetal e Insumos Agrícolas/Coordenação-Geral de Agrotóxicos e Afins,2023-10-26,"ATO Nº 47, DE 20 DE OUTUBRO DE 2023",http://pesquisa.in.gov.br/imprensa/jsp/visualiza/index.jsp?data=26/10/2023&jornal=515&pagina=25,
741,Ordinária,Ministério da Agricultura e Pecuária/Secretaria de Defesa Agropecuária,2023-10-26,"PORTARIA SDA/MAPA Nº 917, DE 24 DE OUTUBRO DE 2023",http://pesquisa.in.gov.br/imprensa/jsp/visualiza/index.jsp?data=26/10/2023&jornal=515&pagina=25,"Cancela o credenciamento do laboratório Clinikramer Veterinária LTDA ME, credenciado para realizar ensaios em amostras oriundas dos programas e controles oficiais do Ministério da Agricultura e Pecuária."
742,Ordinária,Ministério da Agricultura e Pecuária/Secretaria de Defesa Agropecuária,2023-10-26,"PORTARIA SDA/MAPA Nº 911, DE 24 DE OUTUBRO DE 2023",http://pesquisa.in.gov.br/imprensa/jsp/visualiza/index.jsp?data=26/10/2023&jornal=515&pagina=25,"Suspende o credenciamento do Fronteira Laboratório Veterinário LTDA, credenciado para realizar ensaios em amostras oriundas dos programas e controles oficiais do Ministério da Agricultura e Pecuária."
743,Ordinária,Ministério da Agricultura e Pecuária/Secretaria de Defesa Agropecuária,2023-10-26,"PORTARIA SDA/MAPA Nº 908, DE 24 DE OUTUBRO DE 2023",http://pesquisa.in.gov.br/imprensa/jsp/visualiza/index.jsp?data=26/10/2023&jornal=515&pagina=25,"Suspende o credenciamento do laboratório Navet Clínica Veterinária Naviraí, credenciado para realizar ensaios em amostras oriundas dos programas e controles oficiais do Ministério da Agricultura e Pecuária."
744,Ordinária,"Ministério da Ciência, Tecnologia e Inovação/Conselho Nacional de Controle de Experimentação Animal",2023-10-26,EXTRATO DE PARECER Nº 99/2023,http://pesquisa.in.gov.br/imprensa/jsp/visualiza/index.jsp?data=26/10/2023&jornal=515&pagina=29,
745,Ordinária,"Ministério da Ciência, Tecnologia e Inovação/Conselho Nacional de Controle de Experimentação Animal",2023-10-26,EXTRATO DE PARECER Nº 101/2023,http://pesquisa.in.gov.br/imprensa/jsp/visualiza/index.jsp?data=26/10/2023&jornal=515&pagina=29,
746,Ordinária,Ministério das Cidades/Gabinete do Ministro,2023-10-26,"PORTARIA MCID Nº 1.368, DE 25 DE OUTUBRO DE 2023",http://pesquisa.in.gov.br/imprensa/jsp/visualiza/index.jsp?data=26/10/2023&jornal=515&pagina=29,"Divulga o resultado do processo seletivo destinado à contratação de operações de crédito para execução de ações de saneamento básico - Mutuários Públicos, regulamentado pela Instrução Normativa nº 30, de 1° de setembro de 2022, do então Ministério do Desenvolvimento Regional."
747,Ordinária,"Ministério da Ciência, Tecnologia e Inovação/Comissão Técnica Nacional de Biossegurança",2023-10-26,DESPACHO DE 25 de outubro de 2023,http://pesquisa.in.gov.br/imprensa/jsp/visualiza/index.jsp?data=26/10/2023&jornal=515&pagina=29,
748,Ordinária,Ministério da Agricultura e Pecuária/Secretaria de Defesa Agropecuária/Departamento de Sanidade Vegetal e Insumos Agrícolas/Coordenação-Geral de Agrotóxicos e Afins,2023-10-26,Retificações,http://pesquisa.in.gov.br/imprensa/jsp/visualiza/index.jsp?data=26/10/2023&jornal=515&pagina=29,
749,Ordinária,"Ministério da Ciência, Tecnologia e Inovação/Conselho Nacional de Controle de Experimentação Animal",2023-10-26,EXTRATO DE PARECER Nº 100/2023,http://pesquisa.in.gov.br/imprensa/jsp/visualiza/index.jsp?data=26/10/2023&jornal=515&pagina=29,
750,Ordinária,"Ministério da Ciência, Tecnologia e Inovação/Conselho Nacional de Controle de Experimentação Animal",2023-10-26,EXTRATO DE PARECER Nº 108/2023,http://pesquisa.in.gov.br/imprensa/jsp/visualiza/index.jsp?data=26/10/2023&jornal=515&pagina=30,
751,Ordinária,"Ministério da Ciência, Tecnologia e Inovação/Conselho Nacional de Controle de Experimentação Animal",2023-10-26,EXTRATO DE PARECER Nº 106/2023,http://pesquisa.in.gov.br/imprensa/jsp/visualiza/index.jsp?data=26/10/2023&jornal=515&pagina=30,
752,Ordinária,"Ministério da Ciência, Tecnologia e Inovação/Conselho Nacional de Controle de Experimentação Animal",2023-10-26,EXTRATO DE PARECER Nº 103/2023,http://pesquisa.in.gov.br/imprensa/jsp/visualiza/index.jsp?data=26/10/2023&jornal=515&pagina=30,
753,Ordinária,"Ministério da Ciência, Tecnologia e Inovação/Conselho Nacional de Controle de Experimentação Animal",2023-10-26,EXTRATO DE PARECER Nº 102/2023,http://pesquisa.in.gov.br/imprensa/jsp/visualiza/index.jsp?data=26/10/2023&jornal=515&pagina=30,
754,Ordinária,"Ministério da Ciência, Tecnologia e Inovação/Conselho Nacional de Controle de Experimentação Animal",2023-10-26,EXTRATO DE PARECER Nº 104/2023,http://pesquisa.in.gov.br/imprensa/jsp/visualiza/index.jsp?data=26/10/2023&jornal=515&pagina=30,
755,Ordinária,"Ministério da Ciência, Tecnologia e Inovação/Conselho Nacional de Controle de Experimentação Animal",2023-10-26,EXTRATO DE PARECER Nº 107/2023,http://pesquisa.in.gov.br/imprensa/jsp/visualiza/index.jsp?data=26/10/2023&jornal=515&pagina=30,
756,Ordinária,"Ministério da Ciência, Tecnologia e Inovação/Conselho Nacional de Controle de Experimentação Animal",2023-10-26,EXTRATO DE PARECER Nº 105/2023,http://pesquisa.in.gov.br/imprensa/jsp/visualiza/index.jsp?data=26/10/2023&jornal=515&pagina=30,
757,Ordinária,Ministério das Comunicações/Agência Nacional de Telecomunicações/Superintendência de Fiscalização/Gerência Regional nos Estados do Paraná e Santa Catarina,2023-10-26,ATOS DE 25 DE OUTUBRO DE 2023,http://pesquisa.in.gov.br/imprensa/jsp/visualiza/index.jsp?data=26/10/2023&jornal=515&pagina=31,
758,Ordinária,"Ministério das Comunicações/Agência Nacional de Telecomunicações/Superintendência de Fiscalização/Gerência Regional nos Estados do Pará, Maranhão e Amapá",2023-10-26,"ATO Nº 14.976, DE 19 DE OUTUBRO DE 2023",http://pesquisa.in.gov.br/imprensa/jsp/visualiza/index.jsp?data=26/10/2023&jornal=515&pagina=31,
759,Ordinária,Ministério da Cultura/Secretaria do Audiovisual,2023-10-26,"PORTARIA SAV Nº 47, DE 24 DE OUTUBRO DE 2023",http://pesquisa.in.gov.br/imprensa/jsp/visualiza/index.jsp?data=26/10/2023&jornal=515&pagina=31,
760,Ordinária,Ministério das Comunicações/Agência Nacional de Telecomunicações/Superintendência de Fiscalização/Gerência Regional no Estado de Minas Gerais,2023-10-26,"ATO Nº 14.323, DE 2 DE OUTUBRO DE 2023 | ATOS DE 8 DE OUTUBRO DE 2023 | ATO Nº 14.651, DE 10 DE OUTUBRO DE 2023 | ATOS DE 14 DE OUTUBRO DE 2023",http://pesquisa.in.gov.br/imprensa/jsp/visualiza/index.jsp?data=26/10/2023&jornal=515&pagina=31,
761,Ordinária,Ministério da Cultura/Secretaria do Audiovisual,2023-10-26,"PORTARIA SAV Nº 48, DE 24 DE OUTUBRO DE 2023",http://pesquisa.in.gov.br/imprensa/jsp/visualiza/index.jsp?data=26/10/2023&jornal=515&pagina=31,
762,Ordinária,Ministério das Comunicações/Agência Nacional de Telecomunicações/Superintendência de Fiscalização/Gerência Regional nos Estados do Paraná e Santa Catarina,2023-10-26,"ATO Nº 15.121, DE 24 DE OUTUBRO DE 2023",http://pesquisa.in.gov.br/imprensa/jsp/visualiza/index.jsp?data=26/10/2023&jornal=515&pagina=31,
763,Ordinária,Ministério das Comunicações/Agência Nacional de Telecomunicações/Superintendência de Fiscalização/Gerência Regional nos Estados do Paraná e Santa Catarina,2023-10-26,"ATO Nº 15.147, DE 25 DE OUTUBRO DE 2023",http://pesquisa.in.gov.br/imprensa/jsp/visualiza/index.jsp?data=26/10/2023&jornal=515&pagina=31,
764,Ordinária,Ministério da Cultura/Secretaria de Economia Criativa e Fomento Cultural,2023-10-26,"PORTARIA SEFIC/MINC Nº 624, DE 25 DE OUTUBRO DE 2023",http://pesquisa.in.gov.br/imprensa/jsp/visualiza/index.jsp?data=26/10/2023&jornal=515&pagina=31,
765,Ordinária,Ministério da Cultura/Secretaria de Economia Criativa e Fomento Cultural,2023-10-26,"PORTARIA SEFIC/MINC Nº 625, DE 25 DE OUTUBRO DE 2023",http://pesquisa.in.gov.br/imprensa/jsp/visualiza/index.jsp?data=26/10/2023&jornal=515&pagina=38,
766,Ordinária,Ministério da Cultura/Secretaria de Economia Criativa e Fomento Cultural,2023-10-26,"PORTARIA SEFIC/MINC Nº 626, DE 25 DE OUTUBRO DE 2023",http://pesquisa.in.gov.br/imprensa/jsp/visualiza/index.jsp?data=26/10/2023&jornal=515&pagina=38,
767,Ordinária,Ministério da Cultura/Secretaria de Economia Criativa e Fomento Cultural,2023-10-26,"PORTARIA SEFIC/MINC Nº 627, DE 25 DE OUTUBRO DE 2023",http://pesquisa.in.gov.br/imprensa/jsp/visualiza/index.jsp?data=26/10/2023&jornal=515&pagina=38,
768,Ordinária,Ministério da Defesa/Estado-Maior Conjunto das Forças Armadas,2023-10-26,"INSTRUÇÃO NORMATIVA EMCFA-MD Nº 17, DE 20 DE OUTUBRO DE 2023",http://pesquisa.in.gov.br/imprensa/jsp/visualiza/index.jsp?data=26/10/2023&jornal=515&pagina=39,Aprova o Manual de Boas Práticas de Custos do Ciclo de Vida de Sistemas de Defesa - MD44-M-02 (1ª Edição/2023).
769,Ordinária,Ministério da Defesa/Gabinete do Ministro,2023-10-26,"PORTARIA GM-MD Nº 5.258, DE 25 DE OUTUBRO DE 2023",http://pesquisa.in.gov.br/imprensa/jsp/visualiza/index.jsp?data=26/10/2023&jornal=515&pagina=39,
770,Ordinária,Ministério da Cultura/Secretaria de Economia Criativa e Fomento Cultural,2023-10-26,"PORTARIA SEFIC/MINC Nº 628, DE 25 DE OUTUBRO DE 2023",http://pesquisa.in.gov.br/imprensa/jsp/visualiza/index.jsp?data=26/10/2023&jornal=515&pagina=39,
771,Ordinária,Ministério da Defesa/Gabinete do Ministro,2023-10-26,"PORTARIA GM-MD Nº 5.265, DE 25 DE OUTUBRO DE 2023",http://pesquisa.in.gov.br/imprensa/jsp/visualiza/index.jsp?data=26/10/2023&jornal=515&pagina=39,"Dispõe sobre o distintivo do Curso de Altos Estudos de Política e Estratégia - CAEPE, da Escola Superior de Guerra - ESG."
772,Ordinária,Ministério da Defesa/Estado-Maior Conjunto das Forças Armadas,2023-10-26,"INSTRUÇÃO NORMATIVA EMCFA-MD Nº 19, DE 23 DE OUTUBRO DE 2023",http://pesquisa.in.gov.br/imprensa/jsp/visualiza/index.jsp?data=26/10/2023&jornal=515&pagina=53,Aprova o Manual de Boas Práticas para a Garantia da Qualidade Integrada ao Ciclo de Vida de Sistemas de Defesa - MD40-M-03 (1ª Edição/2023).
773,Ordinária,Ministério da Defesa/Estado-Maior Conjunto das Forças Armadas,2023-10-26,"PORTARIA EMCFA-MD Nº 5.240, DE 23 DE OUTUBRO DE 2023",http://pesquisa.in.gov.br/imprensa/jsp/visualiza/index.jsp?data=26/10/2023&jornal=515&pagina=56,
774,Ordinária,Ministério da Defesa/Estado-Maior Conjunto das Forças Armadas,2023-10-26,"PORTARIA EMCFA-MD Nº 5.187, DE 20 DE OUTUBRO DE 2023",http://pesquisa.in.gov.br/imprensa/jsp/visualiza/index.jsp?data=26/10/2023&jornal=515&pagina=56,
775,Ordinária,Ministério do Desenvolvimento Agrário e Agricultura Familiar/Instituto Nacional de Colonização e Reforma Agrária/Superintendência Regional em São Paulo,2023-10-26,"PORTARIA Nº 7, DE 25 DE OUTUBRO DE 2023",http://pesquisa.in.gov.br/imprensa/jsp/visualiza/index.jsp?data=26/10/2023&jornal=515&pagina=57,
776,Ordinária,"Ministério do Desenvolvimento e Assistência Social, Família e Combate à Fome/Gabinete do Ministro",2023-10-26,"PORTARIA MDS Nº 927, DE 25 DE OUTUBRO DE 2023",http://pesquisa.in.gov.br/imprensa/jsp/visualiza/index.jsp?data=26/10/2023&jornal=515&pagina=57,Aprova a reformulação do orçamento do Serviço Social do Comércio - SESC para o exercício de 2023.
777,Ordinária,Ministério da Educação/Gabinete do Ministro,2023-10-26,"PORTARIA Nº 1.942, DE 24 DE OUTUBRO DE 2023 | PORTARIA Nº 1.943, DE 24 DE OUTUBRO DE 2023 | PORTARIA Nº 1.944, DE 24 DE OUTUBRO DE 2023 | PORTARIA Nº 1.945, DE 24 DE OUTUBRO DE 2023 | PORTARIA Nº 1.946, DE 24 DE OUTUBRO DE 2023 | PORTARIA Nº 1.947, DE 24 DE OUTUBRO DE 2023 | PORTARIA Nº 1.948, DE 24 DE OUTUBRO DE 2023 | PORTARIA Nº 1.949, DE 24 DE OUTUBRO DE 2023 | PORTARIA Nº 1.950, DE 24 DE OUTUBRO DE 2023 | PORTARIA Nº 1.951, DE 24 DE OUTUBRO DE 2023",http://pesquisa.in.gov.br/imprensa/jsp/visualiza/index.jsp?data=26/10/2023&jornal=515&pagina=62,
778,Ordinária,"Ministério do Desenvolvimento, Indústria, Comércio e Serviços/Secretaria de Comércio Exterior",2023-10-26,"PORTARIA SECEX Nº 276, DE 25 DE OUTUBRO DE 2023",http://pesquisa.in.gov.br/imprensa/jsp/visualiza/index.jsp?data=26/10/2023&jornal=515&pagina=62,"Altera a Portaria SECEX nº 249, de 4 de julho de 2023, publicada no Diário Oficial da União de 7 de julho de 2023."
779,Ordinária,"Ministério do Desenvolvimento, Indústria, Comércio e Serviços/Superintendência da Zona Franca de Manaus",2023-10-26,"RESOLUÇÃO CAPDA Nº 37, DE 20 DE OUTUBRO DE 2023",http://pesquisa.in.gov.br/imprensa/jsp/visualiza/index.jsp?data=26/10/2023&jornal=515&pagina=62,"Credenciamento do Centro de Pesquisa Agroflorestal do Amapá (CPAF-AP), vinculado à Embrapa Amapá, no Comitê das Atividades de Pesquisa e Desenvolvimento na Amazônia (CAPDA) como instituição habilitada à execução de atividades de Pesquisa, Desenvolvimento e Inovação (PD&I)."
780,Ordinária,Ministério da Educação/Gabinete do Ministro,2023-10-26,"PORTARIA Nº 1.956, DE 25 DE OUTUBRO DE 2023",http://pesquisa.in.gov.br/imprensa/jsp/visualiza/index.jsp?data=26/10/2023&jornal=515&pagina=63,
781,Ordinária,Ministério da Educação/Gabinete do Ministro,2023-10-26,DESPACHOS DE 24 DE OUTUBRO DE 2023,http://pesquisa.in.gov.br/imprensa/jsp/visualiza/index.jsp?data=26/10/2023&jornal=515&pagina=63,
782,Ordinária,Ministério da Educação/Instituto Benjamin Constant,2023-10-26,"PORTARIA IBC Nº 558, DE 25 DE OUTUBRO DE 2023",http://pesquisa.in.gov.br/imprensa/jsp/visualiza/index.jsp?data=26/10/2023&jornal=515&pagina=63,"Homologa o resultado final dos Processos Seletivos para Contratação Temporária de Professor Substituto para o DMR/IBC - Edital 26/2023, Edital 27/2023 e Edital 28/2023."
783,Ordinária,Ministério da Educação/Gabinete do Ministro,2023-10-26,"PORTARIA Nº 1.955, DE 25 DE OUTUBRO DE 2023",http://pesquisa.in.gov.br/imprensa/jsp/visualiza/index.jsp?data=26/10/2023&jornal=515&pagina=63,
784,Ordinária,Ministério da Educação/Secretaria de Educação Profissional e Tecnológica,2023-10-26,"PORTARIA Nº 51, DE 25 DE OUTUBRO DE 2023",http://pesquisa.in.gov.br/imprensa/jsp/visualiza/index.jsp?data=26/10/2023&jornal=515&pagina=63,"Dispõe sobre o empenho e a transferência de recursos orçamentários e financeiros para os parceiros ofertantes de cursos de qualificação profissional no âmbito da Bolsa-Formação - Pronatec, para a oferta de vagas em curso de qualificação profissional para trabalhadores em bioeconomia para Amazônia Legal."
785,Ordinária,Ministério da Educação/Fundo Nacional de Desenvolvimento da Educação/Conselho Deliberativo,2023-10-26,"RESOLUÇÃO Nº 21, DE 24 DE OUTUBRO DE 2023",http://pesquisa.in.gov.br/imprensa/jsp/visualiza/index.jsp?data=26/10/2023&jornal=515&pagina=64,"Institui procedimentos para a assistência técnica e financeira para recuperação das Redes Físicas Escolares Públicas do Estado do Rio Grande do Sul, em caráter emergencial, para os municípios listados no Decreto Estadual nº 57.177, de 6 de setembro de 2023, e no Decreto Estadual nº 57.178, de 10 de setembro de 2023, no âmbito do Plano de Ações Articuladas - PAR, do Programa Dinheiro Direto na Escola - PDDE e do Programa Nacional do Livro e do Material Didático - PNLD."
786,Ordinária,Ministério da Educação/Fundo Nacional de Desenvolvimento da Educação,2023-10-26,"PORTARIA Nº 686, DE 25 DE OUTUBRO DE 2023",http://pesquisa.in.gov.br/imprensa/jsp/visualiza/index.jsp?data=26/10/2023&jornal=515&pagina=64,Aprova e publica o Plano Diretor de Tecnologia da Informação e Comunicação - PDTIC para o biênio 2023-2025.
787,Ordinária,Ministério da Educação/Fundo Nacional de Desenvolvimento da Educação/Conselho Deliberativo,2023-10-26,"RESOLUÇÃO Nº 22, DE 24 DE OUTUBRO DE 2023",http://pesquisa.in.gov.br/imprensa/jsp/visualiza/index.jsp?data=26/10/2023&jornal=515&pagina=65,"Dispõe sobre os critérios e as formas de transferência, execução e prestação de contas dos recursos financeiros destinados, nos moldes operacionais e regulamentares do Programa Dinheiro Direto na Escola - PDDE, às escolas públicas de ensino fundamental anos iniciais, participantes do Compromisso Nacional Criança Alfabetizada, instituído pelo Decreto nº 11.556, de 12 de junho de 2023."
788,Ordinária,Ministério da Educação/Universidade Federal da Bahia/Pró-Reitoria de Desenvolvimento de Pessoas,2023-10-26,"PORTARIA Nº 1.165, DE 25 DE OUTUBRO DE 2023",http://pesquisa.in.gov.br/imprensa/jsp/visualiza/index.jsp?data=26/10/2023&jornal=515&pagina=66,
789,Ordinária,"Ministério da Educação/Instituto Federal de Educação, Ciência e Tecnologia do Norte de Minas Gerais",2023-10-26,"PORTARIA Nº 477, DE 23 DE OUTUBRO DE 2023",http://pesquisa.in.gov.br/imprensa/jsp/visualiza/index.jsp?data=26/10/2023&jornal=515&pagina=66,
790,Ordinária,Ministério da Educação/Universidade Federal Rural de Pernambuco,2023-10-26,"PORTARIA Nº 1.349, DE 25 DE OUTUBRO DE 2023",http://pesquisa.in.gov.br/imprensa/jsp/visualiza/index.jsp?data=26/10/2023&jornal=515&pagina=66,
791,Ordinária,Ministério da Educação/Universidade Federal da Bahia/Pró-Reitoria de Desenvolvimento de Pessoas,2023-10-26,"PORTARIA Nº 1.166, DE 25 DE OUTUBRO DE 2023",http://pesquisa.in.gov.br/imprensa/jsp/visualiza/index.jsp?data=26/10/2023&jornal=515&pagina=66,
792,Ordinária,Ministério da Fazenda/Secretaria Especial da Receita Federal do Brasil/Subsecretaria de Fiscalização/Coordenação-Geral de Fiscalização,2023-10-26,"ATO DECLARATÓRIO EXECUTIVO COFIS Nº 50, DE 24 DE OUTUBRO DE 2023",http://pesquisa.in.gov.br/imprensa/jsp/visualiza/index.jsp?data=26/10/2023&jornal=515&pagina=67,"Autoriza fornecimento de selos de controle para importação de cigarros ao estabelecimento da empresa JTI Processadora de Tabaco do Brasil Ltda., CNPJ 03.334.170/0030-35."
793,Ordinária,Ministério da Fazenda/Conselho Nacional de Política Fazendária,2023-10-26,"DESPACHO Nº 67, DE 25 DE OUTUBRO DE 2023",http://pesquisa.in.gov.br/imprensa/jsp/visualiza/index.jsp?data=26/10/2023&jornal=515&pagina=67,"Publica Convênios ICMS aprovados na 381ª Reunião Extraordinária do CONFAZ, realizada no dia 20.10.2023."
794,Ordinária,Ministério da Fazenda/Conselho Nacional de Política Fazendária,2023-10-26,"DESPACHO Nº 68, DE 25 DE OUTUBRO DE 2023",http://pesquisa.in.gov.br/imprensa/jsp/visualiza/index.jsp?data=26/10/2023&jornal=515&pagina=67,"Denúncia parcial, pelo Estado de Rondônia, do Protocolo ICMS nº 11/91."
795,Ordinária,Ministério da Fazenda/Secretaria Especial da Receita Federal do Brasil,2023-10-26,"PORTARIA RFB Nº 371, DE 24 DE OUTUBRO DE 2023",http://pesquisa.in.gov.br/imprensa/jsp/visualiza/index.jsp?data=26/10/2023&jornal=515&pagina=67,Institui a primeira Câmara Recursal do Centro de Julgamento de Penalidades Aduaneiras e estabelece a estrutura para o julgamento dessas penalidades no âmbito da Secretaria Especial da Receita Federal do Brasil.
796,Ordinária,Ministério da Educação/Universidade Federal Rural de Pernambuco,2023-10-26,"PORTARIA Nº 1.357, DE 25 DE OUTUBRO DE 2023",http://pesquisa.in.gov.br/imprensa/jsp/visualiza/index.jsp?data=26/10/2023&jornal=515&pagina=67,
797,Ordinária,Ministério da Fazenda/Secretaria Especial da Receita Federal do Brasil/Subsecretaria-Geral da Receita Federal do Brasil/Superintendência Regional da Receita Federal do Brasil 1ª Região Fiscal/Alfândega da Receita Federal do Brasil no Aeroporto Internacional de Brasília,2023-10-26,"ATO DECLARATÓRIO EXECUTIVO ALF/BSB Nº 66, DE 25 DE OUTUBRO DE 2023",http://pesquisa.in.gov.br/imprensa/jsp/visualiza/index.jsp?data=26/10/2023&jornal=515&pagina=68,Dispõe sobre o encerramento parcial do Processo Aduaneiro de Investigação de Origem instaurado por meio do ADE ALF/BSB Nº 72/2021.
798,Ordinária,Ministério da Fazenda/Secretaria Especial da Receita Federal do Brasil/Subsecretaria-Geral da Receita Federal do Brasil/Superintendência Regional da Receita Federal do Brasil 1ª Região Fiscal/Alfândega da Receita Federal do Brasil no Aeroporto Internacional de Brasília,2023-10-26,"ATO DECLARATÓRIO EXECUTIVO ALF/BSB Nº 65, DE 25 DE OUTUBRO DE 2023",http://pesquisa.in.gov.br/imprensa/jsp/visualiza/index.jsp?data=26/10/2023&jornal=515&pagina=68,Dispõe sobre o encerramento parcial do Processo Aduaneiro de Investigação de Origem instaurado por meio do ADE ALF/BSB Nº 72/2021.
799,Ordinária,Ministério da Fazenda/Secretaria Especial da Receita Federal do Brasil/Subsecretaria-Geral da Receita Federal do Brasil/Superintendência Regional da Receita Federal do Brasil 7ª Região Fiscal,2023-10-26,"ATO DECLARATÓRIO EXECUTIVO BENFIS-EBEN/DEVAT/SRRF07/RFB Nº 249, | DE 24 DE OUTUBRO DE 2023 | ATO DECLARATÓRIO EXECUTIVO BENFIS-EBEN/DEVAT/SRRF07/RFB Nº 250, DE 24 DE OUTUBRO DE 2023",http://pesquisa.in.gov.br/imprensa/jsp/visualiza/index.jsp?data=26/10/2023&jornal=515&pagina=69,Concede habilitação ao Regime Especial de Incentivos para o Desenvolvimento da Infraestrutura (Reidi) à pessoa jurídica que menciona. | Concede habilitação ao Regime Especial de Incentivos para o Desenvolvimento da Infraestrutura (Reidi) à pessoa jurídica que menciona.
800,Ordinária,Ministério da Fazenda/Secretaria Especial da Receita Federal do Brasil/Subsecretaria-Geral da Receita Federal do Brasil/Superintendência Regional da Receita Federal do Brasil 4ª Região Fiscal/Delegacia da Receita Federal do Brasil em Recife,2023-10-26,"ATO DECLARATÓRIO EXECUTIVO DEFIS/DRF/REC Nº 46, DE 24 DE OUTUBRO DE 2023",http://pesquisa.in.gov.br/imprensa/jsp/visualiza/index.jsp?data=26/10/2023&jornal=515&pagina=69,"Concede o Registro Especial a que estão sujeitos os produtores, engarrafadores, cooperativas de produtores, estabelecimentos comerciais atacadistas e importadores de Bebidas Alcoólicas para a atividade específica de engarrafador."
801,Ordinária,Ministério da Fazenda/Secretaria Especial da Receita Federal do Brasil/Subsecretaria-Geral da Receita Federal do Brasil/Superintendência Regional da Receita Federal do Brasil 7ª Região Fiscal/Delegacia de Fiscalização de Comércio Exterior da Receita Federal do Brasil no Rio de Janeiro,2023-10-26,"ATO DECLARATÓRIO EXECUTIVO DECEX/RJO Nº 182, DE 23 DE OUTUBRO DE 2023 | ATO DECLARATÓRIO EXECUTIVO DECEX/RJO Nº 183, DE 23 DE OUTUBRO DE 2023 | ATO DECLARATÓRIO EXECUTIVO DECEX/RJO Nº 184, DE 23 DE OUTUBRO DE 2023 | ATO DECLARATÓRIO EXECUTIVO Nº 186, DE 23 DE OUTUBRO DE 2023 | ATO DECLARATÓRIO EXECUTIVO Nº 187, DE 24 DE OUTUBRO DE 2023",http://pesquisa.in.gov.br/imprensa/jsp/visualiza/index.jsp?data=26/10/2023&jornal=515&pagina=69,"Declara habilitada ao regime aduaneiro especial de utilização econômica destinado a bens a serem utilizados nas atividades de exploração, desenvolvimento e produção de petróleo e de gás natural, Repetro, na modalidade Repetro-Sped, a pessoa jurídica que menciona. | Declara habilitada ao regime aduaneiro especial de utilização econômica destinado a bens a serem utilizados nas atividades de exploração, desenvolvimento e produção de petróleo e de gás natural, Repetro, na modalidade Repetro-Sped, a pessoa jurídica que menciona. | Declara habilitada ao regime aduaneiro especial de utilização econômica destinado a bens a serem utilizados nas atividades de exploração, desenvolvimento e produção de petróleo e de gás natural, Repetro, na modalidade Repetro-Sped, a pessoa jurídica que menciona. | Declara habilitada ao regime aduaneiro especial de utilização econômica destinado a bens a serem utilizados nas atividades de exploração, desenvolvimento e produção de petróleo e de gás natural (Repetro), na modalidade Repetro-Sped, a pessoa jurídica que menciona. | Declara habilitada ao regime aduaneiro especial de utilização econômica destinado a bens a serem utilizados nas atividades de exploração, desenvolvimento e produção de petróleo e de gás natural, Repetro, na modalidade Repetro-Sped, somente no tratamento tributário aduaneiro de admissão temporária para utilização econômica com dispensa de tributos federais, a pessoa jurídica que menciona."
802,Ordinária,Ministério da Fazenda/Secretaria Especial da Receita Federal do Brasil/Subsecretaria-Geral da Receita Federal do Brasil/Superintendência Regional da Receita Federal do Brasil 6ª Região Fiscal/Delegacia da Receita Federal do Brasil em Montes Claros,2023-10-26,"ATO DECLARATÓRIO EXECUTIVO DRF/MONTES CLAROS Nº 344, | DE 25 DE OUTUBRO DE 2023",http://pesquisa.in.gov.br/imprensa/jsp/visualiza/index.jsp?data=26/10/2023&jornal=515&pagina=69,"Declara a habilitação definitiva no Programa Mais Leite Saudável, instituído pelo Decreto nº 8.533, de 30 de setembro de 2015."
803,Ordinária,Ministério da Fazenda/Secretaria Especial da Receita Federal do Brasil/Subsecretaria-Geral da Receita Federal do Brasil/Superintendência Regional da Receita Federal do Brasil 5ª Região Fiscal/Delegacia da Receita Federal do Brasil em Feira de Santana,2023-10-26,"ATO DECLARATÓRIO EXECUTIVO DRF-FSA N° 67, DE 25 DE OUTUBRO DE 2023",http://pesquisa.in.gov.br/imprensa/jsp/visualiza/index.jsp?data=26/10/2023&jornal=515&pagina=69,"Habilitação ao Regime Especial de Incentivos para o Desenvolvimento da Infraestrutura (REIDI), art. 1° da Lei n° 11.488, de 15 de junho de 2007, da pessoa jurídica e projeto que menciona."
804,Ordinária,Ministério da Fazenda/Secretaria Especial da Receita Federal do Brasil/Subsecretaria-Geral da Receita Federal do Brasil/Superintendência Regional da Receita Federal do Brasil 5ª Região Fiscal/Delegacia da Receita Federal do Brasil em Feira de Santana,2023-10-26,"ATO DECLARATÓRIO EXECUTIVO DRF-FSA N° 67, DE 25 DE OUTUBRO DE 2023",http://pesquisa.in.gov.br/imprensa/jsp/visualiza/index.jsp?data=26/10/2023&jornal=515&pagina=69,"Habilitação ao Regime Especial de Incentivos para o Desenvolvimento da Infraestrutura (REIDI), art. 1° da Lei n° 11.488, de 15 de junho de 2007, da pessoa jurídica e projeto que menciona."
805,Ordinária,Ministério da Fazenda/Secretaria Especial da Receita Federal do Brasil/Subsecretaria-Geral da Receita Federal do Brasil/Superintendência Regional da Receita Federal do Brasil 5ª Região Fiscal,2023-10-26,"ATO DECLARATÓRIO EXECUTIVO VR/05RF/DEFIS Nº 22, DE 25 DE OUTUBRO DE 2023",http://pesquisa.in.gov.br/imprensa/jsp/visualiza/index.jsp?data=26/10/2023&jornal=515&pagina=69,Concede Registro Especial de Controle de Papel Imune (REGPI)
806,Ordinária,Ministério da Fazenda/Secretaria Especial da Receita Federal do Brasil/Subsecretaria-Geral da Receita Federal do Brasil/Superintendência Regional da Receita Federal do Brasil 7ª Região Fiscal/Delegacia da Receita Federal do Brasil no Rio de Janeiro I,2023-10-26,"ATO DECLARATÓRIO EXECUTIVO Nº 140, DE 25 DE OUTUBRO DE 2023",http://pesquisa.in.gov.br/imprensa/jsp/visualiza/index.jsp?data=26/10/2023&jornal=515&pagina=70,"Concede o Registro Especial de Controle de Papel Imune (Regpi) para operação destinado à impressão de livros, jornais e periódicos."
807,Ordinária,Ministério da Fazenda/Secretaria Especial da Receita Federal do Brasil/Subsecretaria-Geral da Receita Federal do Brasil/Superintendência Regional da Receita Federal do Brasil 7ª Região Fiscal/Delegacia da Receita Federal do Brasil no Rio de Janeiro I,2023-10-26,"ATO DECLARATÓRIO EXECUTIVO Nº 139, DE 25 DE OUTUBRO DE 2023",http://pesquisa.in.gov.br/imprensa/jsp/visualiza/index.jsp?data=26/10/2023&jornal=515&pagina=70,"Concede o Registro Especial de Controle de Papel Imune (Regpi) para operação destinado à impressão de livros, jornais e periódicos."
808,Ordinária,Ministério da Fazenda/Secretaria Especial da Receita Federal do Brasil/Subsecretaria-Geral da Receita Federal do Brasil/Superintendência Regional da Receita Federal do Brasil 8ª Região Fiscal/Alfândega da Receita Federal do Brasil no Porto de Santos,2023-10-26,"ATO DECLARATÓRIO EXECUTIVO ALF/STS Nº 25, DE 16 DE OUTUBRO DE 2023 | ATO DECLARATÓRIO EXECUTIVO ALF/STS Nº 26, DE 18 DE OUTUBRO DE 2023",http://pesquisa.in.gov.br/imprensa/jsp/visualiza/index.jsp?data=26/10/2023&jornal=515&pagina=70,Declara a concessão de habilitação para empresa exercer procedimento simplificado de embarque mediante transbordo e despacho aduaneiro de exportação de derivados de petróleo em área marítima situada em águas jurisdicionais brasileiras. | Declara a concessão de habilitação para empresa exercer procedimento simplificado de embarque mediante transbordo e despacho aduaneiro de exportação de derivados de petróleo em área marítima situada em águas jurisdicionais brasileiras.
809,Ordinária,Ministério da Fazenda/Secretaria Especial da Receita Federal do Brasil/Subsecretaria-Geral da Receita Federal do Brasil/Superintendência Regional da Receita Federal do Brasil 8ª Região Fiscal/Delegacia de Administração Tributária da Receita Federal do Brasil  em São Paulo,2023-10-26,"ATO DECLARATÓRIO EXECUTIVO DERAT/SP Nº 2, DE 24 DE OUTUBRO DE 2023",http://pesquisa.in.gov.br/imprensa/jsp/visualiza/index.jsp?data=26/10/2023&jornal=515&pagina=71,Anula certidão de regularidade fiscal
810,Ordinária,Ministério da Fazenda/Secretaria Especial da Receita Federal do Brasil/Subsecretaria-Geral da Receita Federal do Brasil/Superintendência Regional da Receita Federal do Brasil 8ª Região Fiscal/Divisão de Tributação,2023-10-26,"SOLUÇÃO DE CONSULTA Nº 8.005, DE 18 DE MAIO DE 2023",http://pesquisa.in.gov.br/imprensa/jsp/visualiza/index.jsp?data=26/10/2023&jornal=515&pagina=72,
811,Ordinária,Ministério da Fazenda/Secretaria Especial da Receita Federal do Brasil/Subsecretaria-Geral da Receita Federal do Brasil/Superintendência Regional da Receita Federal do Brasil 8ª Região Fiscal/Delegacia de Fiscalização de Comércio Exterior da Receita Federal do Brasil em São Paulo,2023-10-26,"ATO DECLARATÓRIO EXECUTIVO DECEX/SP Nº 58, DE 5 DE OUTUBRO DE 2023",http://pesquisa.in.gov.br/imprensa/jsp/visualiza/index.jsp?data=26/10/2023&jornal=515&pagina=72,Concede habilitação no Regime Especial de Entreposto Industrial sob Controle Informatizado do Sistema Público de Escrituração Digital (Recof-Sped) à pessoa jurídica que especifica.
812,Ordinária,Ministério da Fazenda/Secretaria Especial da Receita Federal do Brasil/Subsecretaria-Geral da Receita Federal do Brasil/Superintendência Regional da Receita Federal do Brasil 8ª Região Fiscal/Divisão de Tributação,2023-10-26,"SOLUÇÃO DE CONSULTA Nº 8.006, DE 30 DE JUNHO DE 2023 | SOLUÇÃO DE CONSULTA Nº 8.007, DE 30 DE JUNHO DE 2023 | SOLUÇÃO DE CONSULTA Nº 8.008, DE 5 DE JULHO DE 2023 | SOLUÇÃO DE CONSULTA Nº 8.009, DE 17 DE JULHO DE 2023 | SOLUÇÃO DE CONSULTA Nº 8.010, DE 4 DE SETEMBRO DE 2023 | SOLUÇÃO DE CONSULTA Nº 8.011, DE 12 DE SETEMBRO DE 2023 | SOLUÇÃO DE CONSULTA Nº 8.012, DE 14 DE SETEMBRO DE 2023",http://pesquisa.in.gov.br/imprensa/jsp/visualiza/index.jsp?data=26/10/2023&jornal=515&pagina=72,
813,Ordinária,Ministério da Fazenda/Secretaria Especial da Receita Federal do Brasil/Subsecretaria-Geral da Receita Federal do Brasil/Superintendência Regional da Receita Federal do Brasil 9ª Região Fiscal/Delegacia da Receita Federal do Brasil em Curitiba,2023-10-26,"ATO DECLARATÓRIO EXECUTIVO Nº 285, DE 25 DE OUTUBRO DE 2023",http://pesquisa.in.gov.br/imprensa/jsp/visualiza/index.jsp?data=26/10/2023&jornal=515&pagina=73,"Cancela, de ofício, a coabilitação ao Regime Especial de Incentivos para o Desenvolvimento da Infraestrutura (REIDI) da pessoa jurídica que menciona, por motivo de cancelamento da habilitação ao REIDI concedida à pessoa jurídica titular do projeto."
814,Ordinária,Ministério da Fazenda/Secretaria Especial da Receita Federal do Brasil/Subsecretaria-Geral da Receita Federal do Brasil/Superintendência Regional da Receita Federal do Brasil 9ª Região Fiscal/Delegacia da Receita Federal do Brasil em Londrina,2023-10-26,"ATO DECLARATÓRIO EXECUTIVO DRF/LON Nº 62, DE 23 DE OUTUBRO DE 2023 | ATO DECLARATÓRIO EXECUTIVO DRF/LON Nº 63, DE 23 DE OUTUBRO DE 2023 | ATO DECLARATÓRIO EXECUTIVO DRF/LON Nº 64, DE 23 DE OUTUBRO DE 2023 | ATO DECLARATÓRIO EXECUTIVO DRF/LON Nº 65, DE 24 DE OUTUBRO DE 2023 | ATO DECLARATÓRIO EXECUTIVO DRF/LON Nº 66, DE 24 DE OUTUBRO DE 2023",http://pesquisa.in.gov.br/imprensa/jsp/visualiza/index.jsp?data=26/10/2023&jornal=515&pagina=73,"Concede renovação para o Registro Especial de Controle de Papel Imune - REGPI, na atividade de Gráfica. | Concede renovação para o Registro Especial de Controle de Papel Imune - REGPI, na atividade de Usuário. | Concede renovação para o Registro Especial de Controle de Papel Imune - REGPI, na atividade de Gráfica. | Concede a inscrição no Registro Especial de Controle de Papel Imune - REGPI, na atividade de Usuário. | Concede renovação para o Registro Especial de Controle de Papel Imune - REGPI, na atividade de Usuário."
815,Ordinária,Ministério da Fazenda/Secretaria Especial da Receita Federal do Brasil/Subsecretaria-Geral da Receita Federal do Brasil/Superintendência Regional da Receita Federal do Brasil 9ª Região Fiscal/Delegacia da Receita Federal do Brasil em Curitiba/Equipe de Gestão do Crédito Tributário e do Direito Creditório 4,2023-10-26,"ATO DECLARATÓRIO EXECUTIVO Nº 286, DE 25 DE OUTUBRO DE 2023",http://pesquisa.in.gov.br/imprensa/jsp/visualiza/index.jsp?data=26/10/2023&jornal=515&pagina=73,"Concede cancelamento, a pedido, da coabilitação ao Regime Especial de Incentivos para o Desenvolvimento da Infraestrutura (REIDI) à pessoa jurídica que menciona."
816,Ordinária,Ministério da Fazenda/Secretaria Especial da Receita Federal do Brasil/Subsecretaria-Geral da Receita Federal do Brasil/Superintendência Regional da Receita Federal do Brasil 9ª Região Fiscal/Delegacia da Receita Federal do Brasil em Curitiba,2023-10-26,"ATO DECLARATÓRIO EXECUTIVO Nº 284, DE 25 DE OUTUBRO DE 2023",http://pesquisa.in.gov.br/imprensa/jsp/visualiza/index.jsp?data=26/10/2023&jornal=515&pagina=73,Concede habilitação definitiva ao Programa Mais Leite Saudável à pessoa jurídica que menciona.
817,Ordinária,Ministério da Fazenda/Secretaria Especial da Receita Federal do Brasil/Subsecretaria-Geral da Receita Federal do Brasil/Superintendência Regional da Receita Federal do Brasil 9ª Região Fiscal/Delegacia da Receita Federal do Brasil em Joaçaba,2023-10-26,"ATO DECLARATÓRIO EXECUTIVO DRF/JOA Nº 40, DE 25 DE OUTUBRO DE 2023",http://pesquisa.in.gov.br/imprensa/jsp/visualiza/index.jsp?data=26/10/2023&jornal=515&pagina=73,"Renova Registro Especial de Controle de Papel Imune de que trata a Instrução Normativa RFB nº 1.817, de 20 de julho de 2018."
818,Ordinária,Ministério da Fazenda/Secretaria Especial da Receita Federal do Brasil/Subsecretaria-Geral da Receita Federal do Brasil/Superintendência Regional da Receita Federal do Brasil 9ª Região Fiscal/Delegacia da Receita Federal do Brasil em Londrina,2023-10-26,"ATO DECLARATÓRIO EXECUTIVO DRF/LON Nº 67, DE 24 DE OUTUBRO DE 2023",http://pesquisa.in.gov.br/imprensa/jsp/visualiza/index.jsp?data=26/10/2023&jornal=515&pagina=74,"Concede renovação para o Registro Especial de Controle de Papel Imune - REGPI, na atividade de Gráfica."
819,Ordinária,"Ministério da Fazenda/Secretaria Especial da Receita Federal do Brasil/Subsecretaria-Geral da Receita Federal do Brasil/Superintendência Regional da Receita Federal do Brasil 9ª Região Fiscal/Alfândega da Receita Federal do Brasil em Curitiba/Seção de Controle de Intervenientes, Carga e Trânsito Aduaneiro",2023-10-26,"ATO DECLARATÓRIO EXECUTIVO ALF/CTA Nº 90, DE 25 DE OUTUBRO DE 2023",http://pesquisa.in.gov.br/imprensa/jsp/visualiza/index.jsp?data=26/10/2023&jornal=515&pagina=74,Inclusão no Registro de Ajudantes de Despachantes Aduaneiros
820,Ordinária,Ministério da Fazenda/Secretaria Especial da Receita Federal do Brasil/Subsecretaria-Geral da Receita Federal do Brasil/Superintendência Regional da Receita Federal do Brasil 9ª Região Fiscal/Delegacia da Receita Federal do Brasil em Londrina,2023-10-26,"ATO DECLARATÓRIO EXECUTIVO DRF/LON Nº 68, DE 25 DE OUTUBRO DE 2023",http://pesquisa.in.gov.br/imprensa/jsp/visualiza/index.jsp?data=26/10/2023&jornal=515&pagina=74,"Concede renovação para o Registro Especial de Controle de Papel Imune - REGPI, na atividade de Gráfica - GP."
821,Ordinária,Ministério da Fazenda/Comissão de Valores Mobiliários/Superintendência-Geral/Superintendência de Normas Contábeis e de Auditoria,2023-10-26,"ATO DECLARATÓRIO CVM Nº 21.372, DE 23 DE OUTUBRO DE 2023",http://pesquisa.in.gov.br/imprensa/jsp/visualiza/index.jsp?data=26/10/2023&jornal=515&pagina=74,
822,Ordinária,Ministério da Fazenda/Comissão de Valores Mobiliários/Superintendência-Geral/Superintendência de Normas Contábeis e de Auditoria,2023-10-26,"ATO DECLARATÓRIO CVM Nº 21.371, DE 23 DE OUTUBRO DE 2023",http://pesquisa.in.gov.br/imprensa/jsp/visualiza/index.jsp?data=26/10/2023&jornal=515&pagina=74,
823,Ordinária,Ministério da Fazenda/Comissão de Valores Mobiliários/Superintendência-Geral/Superintendência de Supervisão de Investidores Institucionais/Gerência de Acompanhamento de Investidores Institucionais,2023-10-26,ATOS DECLARATÓRIOS CVM DE 25 DE OUTUBRO DE 2023,http://pesquisa.in.gov.br/imprensa/jsp/visualiza/index.jsp?data=26/10/2023&jornal=515&pagina=75,
824,Ordinária,Ministério da Integração e do Desenvolvimento Regional/Gabinete do Ministro,2023-10-26,DESPACHO DE 25 DE OUTUBRO DE 2023,http://pesquisa.in.gov.br/imprensa/jsp/visualiza/index.jsp?data=26/10/2023&jornal=515&pagina=75,
825,Ordinária,Ministério da Integração e do Desenvolvimento Regional/Gabinete do Ministro,2023-10-26,"PORTARIA Nº 3.313, DE 24 DE OUTUBRO DE 2023",http://pesquisa.in.gov.br/imprensa/jsp/visualiza/index.jsp?data=26/10/2023&jornal=515&pagina=75,"Dispõe sobre o plantão, a escala e o regime de turnos alternados por revezamento do Centro Nacional de Gerenciamento de Riscos e Desastres da Secretaria Nacional de Proteção e Defesa Civil do Ministério da Integração e do Desenvolvimento Regional - Cenad/Sedec-MIDR."
826,Ordinária,Ministério da Gestão e da Inovação em Serviços Públicos/Secretaria do Patrimônio da União,2023-10-26,"PORTARIA SPU/MGI Nº 6.504, DE 24 DE OUTUBRO DE 2023",http://pesquisa.in.gov.br/imprensa/jsp/visualiza/index.jsp?data=26/10/2023&jornal=515&pagina=75,
827,Ordinária,Ministério da Integração e do Desenvolvimento Regional/Secretaria Nacional de Proteção e Defesa Civil,2023-10-26,"PORTARIA Nº 3.305, DE 24 DE OUTUBRO DE 2023",http://pesquisa.in.gov.br/imprensa/jsp/visualiza/index.jsp?data=26/10/2023&jornal=515&pagina=76,"Autoriza o empenho e a transferência de recursos ao Município de Manaus-AM, para execução de ações de Defesa Civil."
828,Ordinária,Ministério da Integração e do Desenvolvimento Regional/Secretaria Nacional de Proteção e Defesa Civil,2023-10-26,"PORTARIA Nº 3.309, DE 24 DE OUTUBRO DE 2023",http://pesquisa.in.gov.br/imprensa/jsp/visualiza/index.jsp?data=26/10/2023&jornal=515&pagina=76,
829,Ordinária,Ministério da Integração e do Desenvolvimento Regional/Secretaria Nacional de Proteção e Defesa Civil,2023-10-26,"PORTARIA Nº 3.299, DE 24 DE OUTUBRO DE 2023",http://pesquisa.in.gov.br/imprensa/jsp/visualiza/index.jsp?data=26/10/2023&jornal=515&pagina=76,"Autoriza o empenho e a transferência de recursos ao Município de Estrela-RS, para execução de ações de Defesa Civil."
830,Ordinária,Ministério da Integração e do Desenvolvimento Regional/Secretaria Nacional de Proteção e Defesa Civil,2023-10-26,"PORTARIA Nº 3.302, DE 24 DE OUTUBRO DE 2023",http://pesquisa.in.gov.br/imprensa/jsp/visualiza/index.jsp?data=26/10/2023&jornal=515&pagina=76,"Autoriza o empenho e a transferência de recursos ao Município de Catende-PE, para execução de ações de Defesa Civil."
831,Ordinária,Ministério da Integração e do Desenvolvimento Regional/Secretaria Nacional de Proteção e Defesa Civil,2023-10-26,"PORTARIA Nº 3.296, DE 24 DE OUTUBRO DE 2023",http://pesquisa.in.gov.br/imprensa/jsp/visualiza/index.jsp?data=26/10/2023&jornal=515&pagina=76,"Autoriza o empenho e a transferência de recursos ao Município de Taió-SC, para execução de ações de Defesa Civil."
832,Ordinária,Ministério da Integração e do Desenvolvimento Regional/Secretaria Nacional de Proteção e Defesa Civil,2023-10-26,"PORTARIA Nº 3.304, DE 24 DE OUTUBRO DE 2023",http://pesquisa.in.gov.br/imprensa/jsp/visualiza/index.jsp?data=26/10/2023&jornal=515&pagina=76,"Autoriza o empenho e a transferência de recursos ao Município de Santo Antônio do Içá-AM, para execução de ações de Defesa Civil."
833,Ordinária,Ministério da Integração e do Desenvolvimento Regional/Secretaria Nacional de Proteção e Defesa Civil,2023-10-26,"PORTARIA Nº 3.306, DE 24 DE OUTUBRO DE 2023",http://pesquisa.in.gov.br/imprensa/jsp/visualiza/index.jsp?data=26/10/2023&jornal=515&pagina=76,"Autoriza o empenho e a transferência de recursos ao Município de Urucará-AM, para execução de ações de Defesa Civil."
834,Ordinária,Ministério da Integração e do Desenvolvimento Regional/Secretaria Nacional de Proteção e Defesa Civil,2023-10-26,"PORTARIA Nº 3.308, DE 24 DE OUTUBRO DE 2023",http://pesquisa.in.gov.br/imprensa/jsp/visualiza/index.jsp?data=26/10/2023&jornal=515&pagina=76,
835,Ordinária,Ministério da Integração e do Desenvolvimento Regional/Secretaria Nacional de Proteção e Defesa Civil,2023-10-26,"PORTARIA Nº 3.326, DE 25 DE OUTUBRO DE 2023",http://pesquisa.in.gov.br/imprensa/jsp/visualiza/index.jsp?data=26/10/2023&jornal=515&pagina=77,"Autoriza o empenho e a transferência de recursos ao Município de Humaitá-AM, para execução de ações de Defesa Civil."
836,Ordinária,Ministério da Integração e do Desenvolvimento Regional/Secretaria Nacional de Proteção e Defesa Civil,2023-10-26,"PORTARIA Nº 3.324, DE 25 DE OUTUBRO DE 2023",http://pesquisa.in.gov.br/imprensa/jsp/visualiza/index.jsp?data=26/10/2023&jornal=515&pagina=77,"Autoriza o empenho e a transferência de recursos ao Município de Anamã-AM, para execução de ações de Defesa Civil."
837,Ordinária,Ministério da Integração e do Desenvolvimento Regional/Secretaria Nacional de Proteção e Defesa Civil,2023-10-26,"PORTARIA Nº 3.323, DE 25 DE OUTUBRO DE 2023",http://pesquisa.in.gov.br/imprensa/jsp/visualiza/index.jsp?data=26/10/2023&jornal=515&pagina=77,"Autoriza o empenho e a transferência de recursos ao Município de Rio Preto da Eva-AM, para execução de ações de Defesa Civil."
838,Ordinária,Ministério da Integração e do Desenvolvimento Regional/Secretaria Nacional de Proteção e Defesa Civil,2023-10-26,"PORTARIA Nº 3.325, DE 25 DE OUTUBRO DE 2023",http://pesquisa.in.gov.br/imprensa/jsp/visualiza/index.jsp?data=26/10/2023&jornal=515&pagina=77,
839,Ordinária,Ministério da Integração e do Desenvolvimento Regional/Secretaria Nacional de Proteção e Defesa Civil,2023-10-26,"PORTARIA Nº 3.322, DE 25 DE OUTUBRO DE 2023",http://pesquisa.in.gov.br/imprensa/jsp/visualiza/index.jsp?data=26/10/2023&jornal=515&pagina=77,"Autoriza o empenho e a transferência de recursos ao Município de Benjamin Constant-AM, para execução de ações de Defesa Civil."
840,Ordinária,Ministério da Integração e do Desenvolvimento Regional/Secretaria Nacional de Proteção e Defesa Civil,2023-10-26,"PORTARIA Nº 3.327, DE 25 DE OUTUBRO DE 2023",http://pesquisa.in.gov.br/imprensa/jsp/visualiza/index.jsp?data=26/10/2023&jornal=515&pagina=77,"Autoriza o empenho e a transferência de recursos ao Município de Manacapuru-AM, para execução de ações de Defesa Civil."
841,Ordinária,Ministério da Integração e do Desenvolvimento Regional/Superintendência do Desenvolvimento do Centro-Oeste,2023-10-26,"PORTARIA SUDECO Nº 593, DE 23 DE OUTUBRO DE 2023",http://pesquisa.in.gov.br/imprensa/jsp/visualiza/index.jsp?data=26/10/2023&jornal=515&pagina=77,"Altera a Portaria SUDECO nº 413, de 03 de agosto de 2022, publicada no DOU nº 148, de 05 de agosto de 2022, seção 2, página 13, que dispõe sobre a designação de agentes de contratação e pregoeiros no âmbito da Superintendência do Desenvolvimento do Centro-Oeste - Sudeco."
842,Ordinária,Ministério da Integração e do Desenvolvimento Regional/Secretaria Nacional de Proteção e Defesa Civil,2023-10-26,"PORTARIA Nº 3.328, DE 25 DE OUTUBRO DE 2023",http://pesquisa.in.gov.br/imprensa/jsp/visualiza/index.jsp?data=26/10/2023&jornal=515&pagina=77,"Autoriza o empenho e a transferência de recursos ao Município de Rio do Sul-SC, para execução de ações de Defesa Civil."
843,Ordinária,Ministério da Justiça e Segurança Pública/Gabinete do Ministro,2023-10-26,"PORTARIA MJSP Nº 517, DE 25 DE OUTUBRO DE 2023",http://pesquisa.in.gov.br/imprensa/jsp/visualiza/index.jsp?data=26/10/2023&jornal=515&pagina=78,"Altera a Portaria MJSP nº 495, de 25 de setembro de 2023, que disciplina o Decreto nº 11.436, de 15 de março de 2023, que estabelece os eixos prioritários para a execução do Programa Nacional de Segurança Pública com Cidadania-Pronasci, no biênio 2023-2024, denominado Pronasci 2 e dispõe sobre o Projeto Bolsa-Formação."
844,Ordinária,Ministério da Justiça e Segurança Pública/Polícia Federal/Diretoria de Polícia Administrativa/Coordenação-Geral de Controle de Serviços e Produtos,2023-10-26,"ALVARÁ Nº 7.375, DE 23 DE OUTUBRO DE 2023 | ALVARÁ Nº 7.377, DE 23 DE OUTUBRO DE 2023 | ALVARÁ Nº 7.378, DE 23 DE OUTUBRO DE 2023 | ALVARÁ Nº 7.379, DE 23 DE OUTUBRO DE 2023 | ALVARÁ Nº 7.380, DE 23 DE OUTUBRO DE 2023 | ALVARÁ Nº 7.381, DE 23 DE OUTUBRO DE 2023 | ALVARÁ Nº 7.382, DE 23 DE OUTUBRO DE 2023 | ALVARÁ Nº 7.384, DE 23 DE OUTUBRO DE 2023 | ALVARÁ Nº 7.385, DE 23 DE OUTUBRO DE 2023 | ALVARÁ Nº 7.386, DE 23 DE OUTUBRO DE 2023 | ALVARÁ Nº 7.387, DE 23 DE OUTUBRO DE 2023 | ALVARÁ Nº 7.388, DE 23 DE OUTUBRO DE 2023 | ALVARÁ Nº 7.389, DE 23 DE OUTUBRO DE 2023 | ALVARÁ Nº 7.390, DE 23 DE OUTUBRO DE 2023 | ALVARÁ Nº 7.391, DE 23 DE OUTUBRO DE 2023 | ALVARÁ Nº 7.392, DE 23 DE OUTUBRO DE 2023 | ALVARÁ Nº 7.393, DE 23 DE OUTUBRO DE 2023 | ALVARÁ Nº 7.394, DE 23 DE OUTUBRO DE 2023 | ALVARÁ Nº 7.395, DE 23 DE OUTUBRO DE 2023 | ALVARÁ Nº 7.396, DE 23 DE OUTUBRO DE 2023 | ALVARÁ Nº 7.397, DE 23 DE OUTUBRO DE 2023 | ALVARÁ Nº 7.398, DE 23 DE OUTUBRO DE 2023 | ALVARÁ Nº 7.400, DE 23 DE OUTUBRO DE 2023 | ALVARÁ Nº 7.401, DE 23 DE OUTUBRO DE 2023 | ALVARÁ Nº 7.402, DE 23 DE OUTUBRO DE 2023 | ALVARÁ Nº 7.403, DE 23 DE OUTUBRO DE 2023 | ALVARÁ Nº 7.404, DE 23 DE OUTUBRO DE 2023 | ALVARÁ Nº 7.405, DE 23 DE OUTUBRO DE 2023 | ALVARÁ Nº 7.407, DE 23 DE OUTUBRO DE 2023 | ALVARÁ Nº 7.408, DE 23 DE OUTUBRO DE 2023 | ALVARÁ Nº 7.409, DE 23 DE OUTUBRO DE 2023 | ALVARÁ Nº 7.410, DE 23 DE OUTUBRO DE 2023 | ALVARÁ Nº 7.411, DE 23 DE OUTUBRO DE 2023 | ALVARÁ Nº 7.412, DE 23 DE OUTUBRO DE 2023 | ALVARÁ Nº 7.413, DE 23 DE OUTUBRO DE 2023 | ALVARÁ Nº 7.414, DE 23 DE OUTUBRO DE 2023 | ALVARÁ Nº 7.415, DE 23 DE OUTUBRO DE 2023 | ALVARÁ Nº 7.416, DE 23 DE OUTUBRO DE 2023 | ALVARÁ Nº 7.417, DE 23 DE OUTUBRO DE 2023 | ALVARÁ Nº 7.418, DE 23 DE OUTUBRO DE 2023 | ALVARÁ Nº 7.419, DE 23 DE OUTUBRO DE 2023 | ALVARÁ Nº 7.421, DE 23 DE OUTUBRO DE 2023 | ALVARÁ Nº 7.422, DE 23 DE OUTUBRO DE 2023 | ALVARÁ Nº 7.423, DE 23 DE OUTUBRO DE 2023 | ALVARÁ Nº 7.424, DE 23 DE OUTUBRO DE 2023 | ALVARÁ Nº 7.425, DE 23 DE OUTUBRO DE 2023 | ALVARÁ Nº 7.427, DE 23 DE OUTUBRO DE 2023 | ALVARÁ Nº 7.428, DE 23 DE OUTUBRO DE 2023 | ALVARÁ Nº 7.429, DE 23 DE OUTUBRO DE 2023 | ALVARÁ Nº 7.430, DE 23 DE OUTUBRO DE 2023 | ALVARÁ Nº 7.431, DE 23 DE OUTUBRO DE 2023 | ALVARÁ Nº 7.432, DE 23 DE OUTUBRO DE 2023 | ALVARÁ Nº 7.433, DE 23 DE OUTUBRO DE 2023 | ALVARÁ Nº 7.434, DE 23 DE OUTUBRO DE 2023",http://pesquisa.in.gov.br/imprensa/jsp/visualiza/index.jsp?data=26/10/2023&jornal=515&pagina=78,
845,Ordinária,Ministério da Justiça e Segurança Pública/Secretaria Nacional de Justiça/Departamento de Migrações/Coordenação-Geral de Imigração Laboral,2023-10-26,DESPACHOS DE 25 DE OUTUBRO DE 2023 | RETIFICAÇÕES,http://pesquisa.in.gov.br/imprensa/jsp/visualiza/index.jsp?data=26/10/2023&jornal=515&pagina=82,
846,Ordinária,Ministério da Justiça e Segurança Pública/Secretaria Nacional de Justiça/Departamento de Migrações/Coordenação-Geral de Política Migratória/Coordenação de Processos Migratórios/Divisão de Naturalização,2023-10-26,DESPACHOS,http://pesquisa.in.gov.br/imprensa/jsp/visualiza/index.jsp?data=26/10/2023&jornal=515&pagina=97,
847,Ordinária,Ministério da Justiça e Segurança Pública/Secretaria Nacional de Justiça/Departamento de Migrações/Coordenação-Geral de Política Migratória/Coordenação de Processos Migratórios,2023-10-26,"PORTARIA Nº 2.885, DE 25 DE OUTUBRO DE 2023 | PORTARIA Nº 2.886, DE 25 DE OUTUBRO DE 2023 | PORTARIA Nº 2.887, DE 25 DE OUTUBRO DE 2023 | PORTARIA Nº 2.888, DE 25 DE OUTUBRO DE 2023",http://pesquisa.in.gov.br/imprensa/jsp/visualiza/index.jsp?data=26/10/2023&jornal=515&pagina=97,
848,Ordinária,Ministério da Justiça e Segurança Pública/Secretaria Nacional de Justiça/Gabinete/Coordenação de Política de Classificação Indicativa,2023-10-26,"PORTARIA CPCIND/SENAJUS/MJSP Nº 1.968, DE 25 DE OUTUBRO DE 2023 | PORTARIA CPCIND/SENAJUS/MJSP Nº 1.969, DE 25 DE OUTUBRO DE 2023 | PORTARIA CPCIND/SENAJUS/MJSP Nº 1.970, DE 25 DE OUTUBRO DE 2023 | PORTARIA CPCIND/SENAJUS/MJSP Nº 1.971, DE 25 DE OUTUBRO DE 2023 | PORTARIA CPCIND/SENAJUS/MJSP Nº 1.972, DE 25 DE OUTUBRO DE 2023 | PORTARIA CPCIND/SENAJUS/MJSP Nº 1.973, DE 25 DE OUTUBRO DE 2023 | PORTARIA CPCIND/SENAJUS/MJSP Nº 1.974, DE 25 DE OUTUBRO DE 2023 | PORTARIA CPCIND/SENAJUS/MJSP Nº 1.975, DE 25 DE OUTUBRO DE 2023 | PORTARIA CPCIND/SENAJUS/MJSP Nº 1.976, DE 25 DE OUTUBRO DE 2023 | PORTARIA CPCIND/SENAJUS/MJSP Nº 1.977, DE 25 DE OUTUBRO DE 2023 | PORTARIA CPCIND/SENAJUS/MJSP Nº 1.978, DE 25 DE OUTUBRO DE 2023 | PORTARIA CPCIND/SENAJUS/MJSP Nº 1.979, DE 25 DE OUTUBRO DE 2023 | PORTARIA CPCIND/SENAJUS/MJSP Nº 1.980, DE 25 DE OUTUBRO DE 2023 | PORTARIA CPCIND/SENAJUS/MJSP Nº 1.981, DE 25 DE OUTUBRO DE 2023 | PORTARIA CPCIND/SENAJUS/MJSP Nº 1.982, DE 25 DE OUTUBRO DE 2023 | PORTARIA CPCIND/SENAJUS/MJSP Nº 1.983, DE 25 DE OUTUBRO DE 2023 | PORTARIA CPCIND/SENAJUS/MJSP Nº 1.984, DE 25 DE OUTUBRO DE 2023 | PORTARIA CPCIND/SENAJUS/MJSP Nº 1.985, DE 25 DE OUTUBRO DE 2023 | PORTARIA CPCIND/SENAJUS/MJSP Nº 1.986, DE 25 DE OUTUBRO DE 2023 | PORTARIA CPCIND/SENAJUS/MJSP Nº 1.987, DE 25 DE OUTUBRO DE 2023 | PORTARIA CPCIND/SENAJUS/MJSP Nº 1.988, DE 25 DE OUTUBRO DE 2023 | PORTARIA CPCIND/SENAJUS/MJSP Nº 1.989, DE 25 DE OUTUBRO DE 2023",http://pesquisa.in.gov.br/imprensa/jsp/visualiza/index.jsp?data=26/10/2023&jornal=515&pagina=98,
849,Ordinária,Ministério da Justiça e Segurança Pública/Autoridade Nacional de Proteção de Dados/Conselho Diretor,2023-10-26,"RESOLUÇÃO CD/ANPD Nº 9, DE 24 DE OUTUBRO DE 2023",http://pesquisa.in.gov.br/imprensa/jsp/visualiza/index.jsp?data=26/10/2023&jornal=515&pagina=100,Aprova o Aviso de Privacidade do sítio eletrônico da Autoridade Nacional de Proteção de Dados.
850,Ordinária,Ministério de Minas e Energia/Gabinete do Ministro,2023-10-26,"PORTARIA Nº 755/GM/MME, DE 25 DE OUTUBRO DE 2023",http://pesquisa.in.gov.br/imprensa/jsp/visualiza/index.jsp?data=26/10/2023&jornal=515&pagina=101,
851,Ordinária,Ministério da Justiça e Segurança Pública/Conselho Administrativo de Defesa Econômica/Superintendência-Geral,2023-10-26,DESPACHO DE 25 de outubro de 2023,http://pesquisa.in.gov.br/imprensa/jsp/visualiza/index.jsp?data=26/10/2023&jornal=515&pagina=101,
852,Ordinária,Ministério de Minas e Energia/Agência Nacional de Energia Elétrica,2023-10-26,"RESOLUÇÃO AUTORIZATIVA Nº 14.940, DE 17 DE OUTUBRO DE 2023",http://pesquisa.in.gov.br/imprensa/jsp/visualiza/index.jsp?data=26/10/2023&jornal=515&pagina=102,
853,Ordinária,Ministério de Minas e Energia/Agência Nacional de Energia Elétrica/Secretaria de Inovação e Transição Energética,2023-10-26,"DESPACHO Nº 3.848, DE 16 DE OUTUBRO DE 2023",http://pesquisa.in.gov.br/imprensa/jsp/visualiza/index.jsp?data=26/10/2023&jornal=515&pagina=102,
854,Ordinária,Ministério de Minas e Energia/Agência Nacional de Energia Elétrica/Secretaria de Inovação e Transição Energética,2023-10-26,"DESPACHO Nº 3.849, DE 16 DE OUTUBRO DE 2023",http://pesquisa.in.gov.br/imprensa/jsp/visualiza/index.jsp?data=26/10/2023&jornal=515&pagina=102,
855,Ordinária,Ministério de Minas e Energia/Agência Nacional de Energia Elétrica/Secretaria de Inovação e Transição Energética,2023-10-26,"DESPACHO Nº 3.836, DE 10 DE OUTUBRO DE 2023",http://pesquisa.in.gov.br/imprensa/jsp/visualiza/index.jsp?data=26/10/2023&jornal=515&pagina=102,
856,Ordinária,Ministério de Minas e Energia/Agência Nacional de Energia Elétrica/Secretaria de Inovação e Transição Energética,2023-10-26,"DESPACHO Nº 3.861, DE 16 DE OUTUBRO DE 2023",http://pesquisa.in.gov.br/imprensa/jsp/visualiza/index.jsp?data=26/10/2023&jornal=515&pagina=102,
857,Ordinária,Ministério de Minas e Energia/Agência Nacional de Energia Elétrica/Secretaria de Inovação e Transição Energética,2023-10-26,"DESPACHO Nº 3.873, DE 17 DE OUTUBRO DE 2023",http://pesquisa.in.gov.br/imprensa/jsp/visualiza/index.jsp?data=26/10/2023&jornal=515&pagina=102,
858,Ordinária,Ministério de Minas e Energia/Agência Nacional de Energia Elétrica/Secretaria de Inovação e Transição Energética,2023-10-26,"DESPACHO Nº 3.870, DE 16 DE OUTUBRO DE 2023",http://pesquisa.in.gov.br/imprensa/jsp/visualiza/index.jsp?data=26/10/2023&jornal=515&pagina=102,
859,Ordinária,Ministério de Minas e Energia/Agência Nacional de Energia Elétrica/Secretaria de Inovação e Transição Energética,2023-10-26,"DESPACHO Nº 3.846, DE 11 DE OUTUBRO DE 2023",http://pesquisa.in.gov.br/imprensa/jsp/visualiza/index.jsp?data=26/10/2023&jornal=515&pagina=102,
860,Ordinária,Ministério de Minas e Energia/Agência Nacional de Energia Elétrica,2023-10-26,"DESPACHO Nº 3.989, DE 23 DE OUTUBRO DE 2023",http://pesquisa.in.gov.br/imprensa/jsp/visualiza/index.jsp?data=26/10/2023&jornal=515&pagina=102,
861,Ordinária,"Ministério de Minas e Energia/Agência Nacional de Energia Elétrica/Superintendência de Concessões,  Permissões e Autorizações dos Serviços de Energia Elétrica",2023-10-26,"DESPACHO Nº 3.919, DE 19 DE OUTUBRO DE 2023",http://pesquisa.in.gov.br/imprensa/jsp/visualiza/index.jsp?data=26/10/2023&jornal=515&pagina=102,
862,Ordinária,Ministério de Minas e Energia/Agência Nacional de Energia Elétrica/Secretaria de Inovação e Transição Energética,2023-10-26,"DESPACHO Nº 3.867, DE 16 DE OUTUBRO DE 2023",http://pesquisa.in.gov.br/imprensa/jsp/visualiza/index.jsp?data=26/10/2023&jornal=515&pagina=102,
863,Ordinária,Ministério de Minas e Energia/Agência Nacional de Energia Elétrica/Secretaria de Inovação e Transição Energética,2023-10-26,"DESPACHO Nº 3.704, DE 28 DE SETEMBRO DE 2023",http://pesquisa.in.gov.br/imprensa/jsp/visualiza/index.jsp?data=26/10/2023&jornal=515&pagina=102,
864,Ordinária,Ministério de Minas e Energia/Agência Nacional de Energia Elétrica/Secretaria de Inovação e Transição Energética,2023-10-26,"DESPACHO Nº 3.872, DE 17 DE OUTUBRO DE 2023",http://pesquisa.in.gov.br/imprensa/jsp/visualiza/index.jsp?data=26/10/2023&jornal=515&pagina=102,
865,Ordinária,Ministério de Minas e Energia/Agência Nacional de Energia Elétrica/Secretaria de Inovação e Transição Energética,2023-10-26,"DESPACHO Nº 3.835, DE 11 DE OUTUBRO DE 2023",http://pesquisa.in.gov.br/imprensa/jsp/visualiza/index.jsp?data=26/10/2023&jornal=515&pagina=102,
866,Ordinária,"Ministério de Minas e Energia/Agência Nacional de Energia Elétrica/Superintendência de Concessões,  Permissões e Autorizações dos Serviços de Energia Elétrica/Gerência de Outorgas de Geração de Energia Elétrica",2023-10-26,"DESPACHO Nº 3.950, DE 23 DE OUTUBRO DE 2023",http://pesquisa.in.gov.br/imprensa/jsp/visualiza/index.jsp?data=26/10/2023&jornal=515&pagina=103,
867,Ordinária,"Ministério de Minas e Energia/Agência Nacional de Energia Elétrica/Superintendência de Concessões,  Permissões e Autorizações dos Serviços de Energia Elétrica/Gerência de Outorgas de Geração de Energia Elétrica",2023-10-26,"DESPACHO Nº 3.916, DE 19 DE OUTUBRO DE 2023",http://pesquisa.in.gov.br/imprensa/jsp/visualiza/index.jsp?data=26/10/2023&jornal=515&pagina=103,
868,Ordinária,"Ministério de Minas e Energia/Agência Nacional de Energia Elétrica/Superintendência de Concessões,  Permissões e Autorizações dos Serviços de Energia Elétrica/Gerência de Outorgas de Geração de Energia Elétrica",2023-10-26,"DESPACHO Nº 3.949, DE 23 DE OUTUBRO DE 2023",http://pesquisa.in.gov.br/imprensa/jsp/visualiza/index.jsp?data=26/10/2023&jornal=515&pagina=103,
869,Ordinária,"Ministério de Minas e Energia/Agência Nacional de Energia Elétrica/Superintendência de Concessões,  Permissões e Autorizações dos Serviços de Energia Elétrica/Gerência de Outorgas de Geração de Energia Elétrica/Coordenação de Autorizações de Empreendimentos de Geração e de Agentes  Comercializadores de Energia",2023-10-26,"DESPACHO Nº 3.838, DE 25 DE OUTUBRO DE 2023",http://pesquisa.in.gov.br/imprensa/jsp/visualiza/index.jsp?data=26/10/2023&jornal=515&pagina=103,
870,Ordinária,"Ministério de Minas e Energia/Agência Nacional de Energia Elétrica/Superintendência de Concessões,  Permissões e Autorizações dos Serviços de Energia Elétrica",2023-10-26,"DESPACHO Nº 3.977, DE 24 DE OUTUBRO DE 2023",http://pesquisa.in.gov.br/imprensa/jsp/visualiza/index.jsp?data=26/10/2023&jornal=515&pagina=103,
871,Ordinária,"Ministério de Minas e Energia/Agência Nacional de Energia Elétrica/Superintendência de Concessões,  Permissões e Autorizações dos Serviços de Energia Elétrica/Gerência de Outorgas de Geração de Energia Elétrica",2023-10-26,"DESPACHO Nº 3.935, DE 20 DE OUTUBRO DE 2023",http://pesquisa.in.gov.br/imprensa/jsp/visualiza/index.jsp?data=26/10/2023&jornal=515&pagina=103,
872,Ordinária,Ministério de Minas e Energia/Agência Nacional de Mineração/Gerência Regional da ANM no Estado da Bahia,2023-10-26,Despacho,http://pesquisa.in.gov.br/imprensa/jsp/visualiza/index.jsp?data=26/10/2023&jornal=515&pagina=103,
873,Ordinária,Ministério de Minas e Energia/Agência Nacional de Mineração/Gerência Regional da ANM no Estado da Bahia,2023-10-26,Despacho,http://pesquisa.in.gov.br/imprensa/jsp/visualiza/index.jsp?data=26/10/2023&jornal=515&pagina=103,
874,Ordinária,"Ministério de Minas e Energia/Agência Nacional de Energia Elétrica/Superintendência de Concessões,  Permissões e Autorizações dos Serviços de Energia Elétrica/Gerência de Outorgas de Geração de Energia Elétrica",2023-10-26,"DESPACHO Nº 3.940, DE 20 DE OUTUBRO DE 2023",http://pesquisa.in.gov.br/imprensa/jsp/visualiza/index.jsp?data=26/10/2023&jornal=515&pagina=103,
875,Ordinária,Ministério de Minas e Energia/Agência Nacional de Energia Elétrica/Superintendência de Fiscalização Técnica dos Serviços de Energia Elétrica/Gerência de Fiscalização da Geração,2023-10-26,DESPACHOS DE 25 DE OUTUBRO DE 2023,http://pesquisa.in.gov.br/imprensa/jsp/visualiza/index.jsp?data=26/10/2023&jornal=515&pagina=103,
876,Ordinária,"Ministério de Minas e Energia/Agência Nacional de Energia Elétrica/Superintendência de Concessões,  Permissões e Autorizações dos Serviços de Energia Elétrica",2023-10-26,"DESPACHO Nº 3.954, DE 24 DE OUTUBRO DE 2023",http://pesquisa.in.gov.br/imprensa/jsp/visualiza/index.jsp?data=26/10/2023&jornal=515&pagina=103,
877,Ordinária,"Ministério de Minas e Energia/Agência Nacional de Energia Elétrica/Superintendência de Concessões,  Permissões e Autorizações dos Serviços de Energia Elétrica",2023-10-26,DESPACHOS DE 24 DE OUTUBRO DE 2023,http://pesquisa.in.gov.br/imprensa/jsp/visualiza/index.jsp?data=26/10/2023&jornal=515&pagina=103,
878,Ordinária,Ministério de Minas e Energia/Agência Nacional de Mineração/Gerência Regional da ANM no Estado de Mato Grosso,2023-10-26,Despacho,http://pesquisa.in.gov.br/imprensa/jsp/visualiza/index.jsp?data=26/10/2023&jornal=515&pagina=104,
879,Ordinária,Ministério de Minas e Energia/Agência Nacional de Mineração/Gerência Regional da ANM no Estado da Bahia,2023-10-26,Despacho,http://pesquisa.in.gov.br/imprensa/jsp/visualiza/index.jsp?data=26/10/2023&jornal=515&pagina=104,
880,Ordinária,Ministério de Minas e Energia/Agência Nacional de Mineração/Gerência Regional da ANM no Estado da Bahia,2023-10-26,Despacho,http://pesquisa.in.gov.br/imprensa/jsp/visualiza/index.jsp?data=26/10/2023&jornal=515&pagina=104,
881,Ordinária,Ministério de Minas e Energia/Agência Nacional de Mineração/Gerência Regional da ANM no Estado de Alagoas,2023-10-26,Despacho,http://pesquisa.in.gov.br/imprensa/jsp/visualiza/index.jsp?data=26/10/2023&jornal=515&pagina=104,
882,Ordinária,Ministério de Minas e Energia/Agência Nacional de Mineração/Gerência Regional da ANM no Estado de Alagoas,2023-10-26,Despacho,http://pesquisa.in.gov.br/imprensa/jsp/visualiza/index.jsp?data=26/10/2023&jornal=515&pagina=104,
883,Ordinária,Ministério de Minas e Energia/Agência Nacional de Mineração/Gerência Regional da ANM no Estado de Mato Grosso,2023-10-26,Despacho,http://pesquisa.in.gov.br/imprensa/jsp/visualiza/index.jsp?data=26/10/2023&jornal=515&pagina=105,
884,Ordinária,Ministério de Minas e Energia/Agência Nacional de Mineração/Gerência Regional da ANM no Estado de Mato Grosso,2023-10-26,Despacho,http://pesquisa.in.gov.br/imprensa/jsp/visualiza/index.jsp?data=26/10/2023&jornal=515&pagina=105,
885,Ordinária,Ministério de Minas e Energia/Agência Nacional de Mineração/Gerência Regional da ANM no Estado de Minas Gerais,2023-10-26,Despacho,http://pesquisa.in.gov.br/imprensa/jsp/visualiza/index.jsp?data=26/10/2023&jornal=515&pagina=105,
886,Ordinária,Ministério de Minas e Energia/Agência Nacional de Mineração/Gerência Regional da ANM no Estado de Mato Grosso,2023-10-26,Despacho,http://pesquisa.in.gov.br/imprensa/jsp/visualiza/index.jsp?data=26/10/2023&jornal=515&pagina=105,
887,Ordinária,Ministério de Minas e Energia/Agência Nacional de Mineração/Gerência Regional da ANM no Estado de Minas Gerais,2023-10-26,Despacho,http://pesquisa.in.gov.br/imprensa/jsp/visualiza/index.jsp?data=26/10/2023&jornal=515&pagina=105,
888,Ordinária,Ministério de Minas e Energia/Agência Nacional de Mineração/Gerência Regional da ANM no Estado de Mato Grosso,2023-10-26,Despacho,http://pesquisa.in.gov.br/imprensa/jsp/visualiza/index.jsp?data=26/10/2023&jornal=515&pagina=105,
889,Ordinária,Ministério de Minas e Energia/Agência Nacional de Mineração/Gerência Regional da ANM no Estado de Mato Grosso,2023-10-26,Despacho,http://pesquisa.in.gov.br/imprensa/jsp/visualiza/index.jsp?data=26/10/2023&jornal=515&pagina=105,
890,Ordinária,Ministério de Minas e Energia/Agência Nacional de Mineração/Gerência Regional da ANM no Estado de Mato Grosso,2023-10-26,Despacho,http://pesquisa.in.gov.br/imprensa/jsp/visualiza/index.jsp?data=26/10/2023&jornal=515&pagina=105,
891,Ordinária,Ministério de Minas e Energia/Agência Nacional de Mineração/Gerência Regional da ANM no Estado de Pernambuco,2023-10-26,Despacho,http://pesquisa.in.gov.br/imprensa/jsp/visualiza/index.jsp?data=26/10/2023&jornal=515&pagina=106,
892,Ordinária,Ministério de Minas e Energia/Agência Nacional de Mineração/Gerência Regional da ANM no Estado de Minas Gerais,2023-10-26,Despacho,http://pesquisa.in.gov.br/imprensa/jsp/visualiza/index.jsp?data=26/10/2023&jornal=515&pagina=106,
893,Ordinária,Ministério de Minas e Energia/Agência Nacional de Mineração/Gerência Regional da ANM no Estado de Minas Gerais,2023-10-26,Despacho,http://pesquisa.in.gov.br/imprensa/jsp/visualiza/index.jsp?data=26/10/2023&jornal=515&pagina=106,
894,Ordinária,Ministério de Minas e Energia/Agência Nacional de Mineração/Gerência Regional da ANM no Estado de Minas Gerais,2023-10-26,Despacho,http://pesquisa.in.gov.br/imprensa/jsp/visualiza/index.jsp?data=26/10/2023&jornal=515&pagina=106,
895,Ordinária,Ministério de Minas e Energia/Agência Nacional de Mineração/Gerência Regional da ANM no Estado de Pernambuco,2023-10-26,Despacho,http://pesquisa.in.gov.br/imprensa/jsp/visualiza/index.jsp?data=26/10/2023&jornal=515&pagina=106,
896,Ordinária,Ministério de Minas e Energia/Agência Nacional de Mineração/Gerência Regional da ANM no Estado de Pernambuco,2023-10-26,Despacho,http://pesquisa.in.gov.br/imprensa/jsp/visualiza/index.jsp?data=26/10/2023&jornal=515&pagina=106,
897,Ordinária,Ministério de Minas e Energia/Agência Nacional de Mineração/Gerência Regional da ANM no Estado de Minas Gerais,2023-10-26,Despacho,http://pesquisa.in.gov.br/imprensa/jsp/visualiza/index.jsp?data=26/10/2023&jornal=515&pagina=106,
898,Ordinária,Ministério de Minas e Energia/Agência Nacional de Mineração/Gerência Regional da ANM no Estado de Santa Catarina,2023-10-26,Despacho,http://pesquisa.in.gov.br/imprensa/jsp/visualiza/index.jsp?data=26/10/2023&jornal=515&pagina=107,
899,Ordinária,Ministério de Minas e Energia/Agência Nacional de Mineração/Gerência Regional da ANM no Estado de Santa Catarina,2023-10-26,Despacho,http://pesquisa.in.gov.br/imprensa/jsp/visualiza/index.jsp?data=26/10/2023&jornal=515&pagina=107,
900,Ordinária,Ministério de Minas e Energia/Agência Nacional de Mineração/Gerência Regional da ANM no Estado de Pernambuco,2023-10-26,Despacho,http://pesquisa.in.gov.br/imprensa/jsp/visualiza/index.jsp?data=26/10/2023&jornal=515&pagina=107,
901,Ordinária,Ministério de Minas e Energia/Agência Nacional de Mineração/Gerência Regional da ANM no Estado de Pernambuco,2023-10-26,Despacho,http://pesquisa.in.gov.br/imprensa/jsp/visualiza/index.jsp?data=26/10/2023&jornal=515&pagina=107,
902,Ordinária,Ministério de Minas e Energia/Agência Nacional de Mineração/Gerência Regional da ANM no Estado de Santa Catarina,2023-10-26,Despacho,http://pesquisa.in.gov.br/imprensa/jsp/visualiza/index.jsp?data=26/10/2023&jornal=515&pagina=107,
903,Ordinária,Ministério de Minas e Energia/Agência Nacional de Mineração/Gerência Regional da ANM no Estado de Pernambuco,2023-10-26,Despacho,http://pesquisa.in.gov.br/imprensa/jsp/visualiza/index.jsp?data=26/10/2023&jornal=515&pagina=107,
904,Ordinária,Ministério de Minas e Energia/Agência Nacional de Mineração/Gerência Regional da ANM no Estado de Santa Catarina,2023-10-26,Despacho,http://pesquisa.in.gov.br/imprensa/jsp/visualiza/index.jsp?data=26/10/2023&jornal=515&pagina=107,
905,Ordinária,Ministério de Minas e Energia/Agência Nacional de Mineração/Gerência Regional da ANM no Estado do Pará,2023-10-26,Despacho,http://pesquisa.in.gov.br/imprensa/jsp/visualiza/index.jsp?data=26/10/2023&jornal=515&pagina=108,
906,Ordinária,Ministério de Minas e Energia/Agência Nacional de Mineração/Gerência Regional da ANM no Estado do Pará,2023-10-26,Despacho,http://pesquisa.in.gov.br/imprensa/jsp/visualiza/index.jsp?data=26/10/2023&jornal=515&pagina=108,
907,Ordinária,Ministério de Minas e Energia/Agência Nacional de Mineração/Gerência Regional da ANM no Estado de Santa Catarina,2023-10-26,Despacho,http://pesquisa.in.gov.br/imprensa/jsp/visualiza/index.jsp?data=26/10/2023&jornal=515&pagina=108,
908,Ordinária,Ministério de Minas e Energia/Agência Nacional de Mineração/Gerência Regional da ANM no Estado de São Paulo,2023-10-26,Despacho,http://pesquisa.in.gov.br/imprensa/jsp/visualiza/index.jsp?data=26/10/2023&jornal=515&pagina=108,
909,Ordinária,Ministério de Minas e Energia/Agência Nacional de Mineração/Superintendência de Outorga de Títulos Minerários,2023-10-26,Despacho,http://pesquisa.in.gov.br/imprensa/jsp/visualiza/index.jsp?data=26/10/2023&jornal=515&pagina=109,
910,Ordinária,Ministério de Minas e Energia/Agência Nacional de Mineração/Gerência Regional da ANM no Estado do Pará,2023-10-26,Despacho,http://pesquisa.in.gov.br/imprensa/jsp/visualiza/index.jsp?data=26/10/2023&jornal=515&pagina=109,
911,Ordinária,Ministério de Minas e Energia/Agência Nacional de Mineração/Superintendência de Outorga de Títulos Minerários,2023-10-26,Despacho,http://pesquisa.in.gov.br/imprensa/jsp/visualiza/index.jsp?data=26/10/2023&jornal=515&pagina=109,
912,Ordinária,Ministério de Minas e Energia/Agência Nacional de Mineração/Gerência Regional da ANM no Estado do Paraná,2023-10-26,Despacho,http://pesquisa.in.gov.br/imprensa/jsp/visualiza/index.jsp?data=26/10/2023&jornal=515&pagina=109,
913,Ordinária,Ministério de Minas e Energia/Agência Nacional de Mineração/Superintendência de Outorga de Títulos Minerários,2023-10-26,Despacho,http://pesquisa.in.gov.br/imprensa/jsp/visualiza/index.jsp?data=26/10/2023&jornal=515&pagina=109,
914,Ordinária,Ministério de Minas e Energia/Agência Nacional de Mineração/Gerência Regional da ANM no Estado do Pará,2023-10-26,Despacho,http://pesquisa.in.gov.br/imprensa/jsp/visualiza/index.jsp?data=26/10/2023&jornal=515&pagina=109,
915,Ordinária,Ministério de Minas e Energia/Agência Nacional de Mineração/Superintendência de Outorga de Títulos Minerários,2023-10-26,Despacho,http://pesquisa.in.gov.br/imprensa/jsp/visualiza/index.jsp?data=26/10/2023&jornal=515&pagina=109,
916,Ordinária,"Ministério de Minas e Energia/Agência Nacional do Petróleo, Gás Natural e Biocombustíveis/Diretoria II/Superintendência de Distribuição e Logística",2023-10-26,"DESPACHO SDL-ANP Nº 1.282, DE 25 DE OUTUBRO DE 2023",http://pesquisa.in.gov.br/imprensa/jsp/visualiza/index.jsp?data=26/10/2023&jornal=515&pagina=110,
917,Ordinária,"Ministério de Minas e Energia/Agência Nacional do Petróleo, Gás Natural e Biocombustíveis/Diretoria II/Superintendência de Distribuição e Logística",2023-10-26,"DESPACHO SDL-ANP Nº 1.284, DE 25 DE OUTUBRO DE 2023",http://pesquisa.in.gov.br/imprensa/jsp/visualiza/index.jsp?data=26/10/2023&jornal=515&pagina=110,
918,Ordinária,"Ministério de Minas e Energia/Agência Nacional do Petróleo, Gás Natural e Biocombustíveis/Diretoria II/Superintendência de Distribuição e Logística",2023-10-26,"DESPACHO SDL-ANP Nº 1.281, DE 25 DE OUTUBRO DE 2023",http://pesquisa.in.gov.br/imprensa/jsp/visualiza/index.jsp?data=26/10/2023&jornal=515&pagina=110,
919,Ordinária,"Ministério de Minas e Energia/Agência Nacional do Petróleo, Gás Natural e Biocombustíveis/Diretoria II/Superintendência de Distribuição e Logística",2023-10-26,"DESPACHO SDL-ANP Nº 1.283, DE 25 DE OUTUBRO DE 2023",http://pesquisa.in.gov.br/imprensa/jsp/visualiza/index.jsp?data=26/10/2023&jornal=515&pagina=110,
920,Ordinária,"Ministério de Minas e Energia/Agência Nacional do Petróleo, Gás Natural e Biocombustíveis/Diretoria II/Superintendência de Distribuição e Logística",2023-10-26,"DESPACHO SDL-ANP Nº 1.280, DE 25 DE OUTUBRO DE 2023",http://pesquisa.in.gov.br/imprensa/jsp/visualiza/index.jsp?data=26/10/2023&jornal=515&pagina=110,
921,Ordinária,"Ministério de Minas e Energia/Agência Nacional do Petróleo, Gás Natural e Biocombustíveis/Diretoria II/Superintendência de Distribuição e Logística",2023-10-26,"DESPACHO SDL-ANP Nº 1.290, DE 25 DE OUTUBRO DE 2023",http://pesquisa.in.gov.br/imprensa/jsp/visualiza/index.jsp?data=26/10/2023&jornal=515&pagina=111,
922,Ordinária,"Ministério de Minas e Energia/Agência Nacional do Petróleo, Gás Natural e Biocombustíveis/Diretoria II/Superintendência de Distribuição e Logística",2023-10-26,"DESPACHO SDL-ANP Nº 1.288, DE 25 DE OUTUBRO DE 2023",http://pesquisa.in.gov.br/imprensa/jsp/visualiza/index.jsp?data=26/10/2023&jornal=515&pagina=111,
923,Ordinária,"Ministério de Minas e Energia/Agência Nacional do Petróleo, Gás Natural e Biocombustíveis/Diretoria II/Superintendência de Distribuição e Logística",2023-10-26,"DESPACHO SDL-ANP Nº 1.287, DE 25 DE OUTUBRO DE 2023",http://pesquisa.in.gov.br/imprensa/jsp/visualiza/index.jsp?data=26/10/2023&jornal=515&pagina=111,
924,Ordinária,"Ministério de Minas e Energia/Agência Nacional do Petróleo, Gás Natural e Biocombustíveis/Diretoria II/Superintendência de Distribuição e Logística",2023-10-26,"DESPACHO SDL-ANP Nº 1.286, DE 25 DE OUTUBRO DE 2023",http://pesquisa.in.gov.br/imprensa/jsp/visualiza/index.jsp?data=26/10/2023&jornal=515&pagina=111,
925,Ordinária,"Ministério de Minas e Energia/Agência Nacional do Petróleo, Gás Natural e Biocombustíveis/Diretoria II/Superintendência de Distribuição e Logística",2023-10-26,"DESPACHO SDL-ANP Nº 1.289, DE 25 DE OUTUBRO DE 2023",http://pesquisa.in.gov.br/imprensa/jsp/visualiza/index.jsp?data=26/10/2023&jornal=515&pagina=111,
926,Ordinária,"Ministério de Minas e Energia/Agência Nacional do Petróleo, Gás Natural e Biocombustíveis/Diretoria II/Superintendência de Distribuição e Logística",2023-10-26,"DESPACHO SDL-ANP Nº 1.285, DE 25 DE OUTUBRO DE 2023",http://pesquisa.in.gov.br/imprensa/jsp/visualiza/index.jsp?data=26/10/2023&jornal=515&pagina=111,
927,Ordinária,"Ministério de Minas e Energia/Agência Nacional do Petróleo, Gás Natural e Biocombustíveis/Diretoria II/Superintendência de Distribuição e Logística",2023-10-26,"DESPACHO SDL-ANP Nº 1.291, DE 25 DE OUTUBRO DE 2023",http://pesquisa.in.gov.br/imprensa/jsp/visualiza/index.jsp?data=26/10/2023&jornal=515&pagina=111,
928,Ordinária,Ministério de Portos e Aeroportos/Gabinete do Ministro,2023-10-26,"PORTARIA Nº 441, DE 23 DE OUTUBRO DE 2023",http://pesquisa.in.gov.br/imprensa/jsp/visualiza/index.jsp?data=26/10/2023&jornal=515&pagina=112,"Aprova plano geral de outorgas de exploração das vias navegáveis ou potencialmente navegáveis situadas em corpos de água de domínio da União; e de prestação de serviços de transportes aquaviário, proposto pela Agência Nacional de Transportes Aquaviários - ANTAQ."
929,Ordinária,Ministério de Portos e Aeroportos/Agência Nacional de Aviação Civil/Superintendência de Infraestrutura Aeroportuária/Gerência de Certificação e Segurança Operacional,2023-10-26,"PORTARIA Nº 12.810, DE 16 DE OUTUBRO DE 2023",http://pesquisa.in.gov.br/imprensa/jsp/visualiza/index.jsp?data=26/10/2023&jornal=515&pagina=113,
930,Ordinária,Ministério de Portos e Aeroportos/Agência Nacional de Aviação Civil/Superintendência de Infraestrutura Aeroportuária/Gerência de Certificação e Segurança Operacional,2023-10-26,"PORTARIA Nº 12.917, DE 21 DE OUTUBRO DE 2023",http://pesquisa.in.gov.br/imprensa/jsp/visualiza/index.jsp?data=26/10/2023&jornal=515&pagina=113,
931,Ordinária,Ministério de Portos e Aeroportos/Agência Nacional de Aviação Civil/Superintendência de Infraestrutura Aeroportuária/Gerência de Certificação e Segurança Operacional,2023-10-26,"PORTARIA Nº 12.904, DE 20 DE OUTUBRO DE 2023",http://pesquisa.in.gov.br/imprensa/jsp/visualiza/index.jsp?data=26/10/2023&jornal=515&pagina=113,
932,Ordinária,Ministério de Portos e Aeroportos/Agência Nacional de Aviação Civil/Superintendência de Infraestrutura Aeroportuária/Gerência de Certificação e Segurança Operacional,2023-10-26,"PORTARIA Nº 12.907, DE 20 DE OUTUBRO DE 2023",http://pesquisa.in.gov.br/imprensa/jsp/visualiza/index.jsp?data=26/10/2023&jornal=515&pagina=113,
933,Ordinária,Ministério de Portos e Aeroportos/Agência Nacional de Aviação Civil/Superintendência de Infraestrutura Aeroportuária/Gerência de Certificação e Segurança Operacional,2023-10-26,RETIFICAÇÃO,http://pesquisa.in.gov.br/imprensa/jsp/visualiza/index.jsp?data=26/10/2023&jornal=515&pagina=113,
934,Ordinária,Ministério de Portos e Aeroportos/Agência Nacional de Aviação Civil/Superintendência de Infraestrutura Aeroportuária/Gerência de Certificação e Segurança Operacional,2023-10-26,"PORTARIA Nº 12.841, DE 17 DE OUTUBRO DE 2023",http://pesquisa.in.gov.br/imprensa/jsp/visualiza/index.jsp?data=26/10/2023&jornal=515&pagina=113,
935,Ordinária,Ministério de Portos e Aeroportos/Agência Nacional de Transportes Aquaviários,2023-10-26,"INSTRUÇÃO NORMATIVA Nº 3, DE 21 DE OUTUBRO de 2023",http://pesquisa.in.gov.br/imprensa/jsp/visualiza/index.jsp?data=26/10/2023&jornal=515&pagina=113,"Institui e disciplina o uso do uniforme, dos equipamentos táticos-operacionais e dos equipamentos de identificação pelos agentes de fiscalização da ANTAQ, lotados nas unidades organizacionais da Superintendência de Fiscalização e Coordenação das Unidades Regionais (SFC)."
936,Ordinária,Ministério de Portos e Aeroportos/Agência Nacional de Aviação Civil/Superintendência de Infraestrutura Aeroportuária/Gerência de Certificação e Segurança Operacional,2023-10-26,"PORTARIA Nº 12.938, DE 23 DE OUTUBRO DE 2023",http://pesquisa.in.gov.br/imprensa/jsp/visualiza/index.jsp?data=26/10/2023&jornal=515&pagina=113,
937,Ordinária,Ministério de Portos e Aeroportos/Agência Nacional de Transportes Aquaviários/Superintendência de Fiscalização e Coordenação das Unidades Regionais/Gerência de Apoio Técnico,2023-10-26,"DELIBERAÇÃO Nº 37, dE 11 de setembro de 2023",http://pesquisa.in.gov.br/imprensa/jsp/visualiza/index.jsp?data=26/10/2023&jornal=515&pagina=114,
938,Ordinária,Ministério de Portos e Aeroportos/Agência Nacional de Transportes Aquaviários/Superintendência de Fiscalização e Coordenação das Unidades Regionais/Gerência de Apoio Técnico,2023-10-26,"DELIBERAÇÃO Nº 38, dE 11 de setembro de 2023",http://pesquisa.in.gov.br/imprensa/jsp/visualiza/index.jsp?data=26/10/2023&jornal=515&pagina=114,
939,Ordinária,Ministério de Portos e Aeroportos/Agência Nacional de Transportes Aquaviários,2023-10-26,EXTRATO DA ATA DA REUNIÃO ORDINÁRIA Nº 553 | REALIZADA ENTRE 16 E 18 DE OUTUBRO DE 2023,http://pesquisa.in.gov.br/imprensa/jsp/visualiza/index.jsp?data=26/10/2023&jornal=515&pagina=114,
940,Ordinária,Ministério de Portos e Aeroportos/Agência Nacional de Transportes Aquaviários/Superintendência de Fiscalização e Coordenação das Unidades Regionais/Gerência de Apoio Técnico,2023-10-26,"DELIBERAÇÃO Nº 62, dE 12 de setembro de 2023",http://pesquisa.in.gov.br/imprensa/jsp/visualiza/index.jsp?data=26/10/2023&jornal=515&pagina=114,
941,Ordinária,Ministério de Portos e Aeroportos/Agência Nacional de Transportes Aquaviários/Superintendência de Fiscalização e Coordenação das Unidades Regionais/Gerência de Apoio Técnico,2023-10-26,"DELIBERAÇÃO Nº 118, dE 15 de setembro de 2023",http://pesquisa.in.gov.br/imprensa/jsp/visualiza/index.jsp?data=26/10/2023&jornal=515&pagina=115,
942,Ordinária,Ministério de Portos e Aeroportos/Agência Nacional de Transportes Aquaviários/Superintendência de Fiscalização e Coordenação das Unidades Regionais/Gerência Regional de Manaus,2023-10-26,"DELIBERAÇÃO Nº 63, dE 20 de julho de 2023",http://pesquisa.in.gov.br/imprensa/jsp/visualiza/index.jsp?data=26/10/2023&jornal=515&pagina=115,
943,Ordinária,Ministério de Portos e Aeroportos/Agência Nacional de Transportes Aquaviários/Superintendência de Fiscalização e Coordenação das Unidades Regionais/Gerência Regional de Manaus,2023-10-26,"DELIBERAÇÃO Nº 60, dE 6 de julho de 2023",http://pesquisa.in.gov.br/imprensa/jsp/visualiza/index.jsp?data=26/10/2023&jornal=515&pagina=115,
944,Ordinária,Ministério de Portos e Aeroportos/Agência Nacional de Transportes Aquaviários/Superintendência de Fiscalização e Coordenação das Unidades Regionais/Gerência de Apoio Técnico,2023-10-26,"DELIBERAÇÃO Nº 99, dE 12 de setembro de 2023",http://pesquisa.in.gov.br/imprensa/jsp/visualiza/index.jsp?data=26/10/2023&jornal=515&pagina=115,
945,Ordinária,Ministério de Portos e Aeroportos/Agência Nacional de Transportes Aquaviários/Superintendência de Fiscalização e Coordenação das Unidades Regionais/Gerência Regional de Manaus,2023-10-26,"DELIBERAÇÃO Nº 65, dE 14 de julho de 2023",http://pesquisa.in.gov.br/imprensa/jsp/visualiza/index.jsp?data=26/10/2023&jornal=515&pagina=115,
946,Ordinária,Ministério de Portos e Aeroportos/Agência Nacional de Transportes Aquaviários/Superintendência de Fiscalização e Coordenação das Unidades Regionais/Gerência Regional de Manaus,2023-10-26,"DELIBERAÇÃO Nº 66, dE 20 de julho de 2023",http://pesquisa.in.gov.br/imprensa/jsp/visualiza/index.jsp?data=26/10/2023&jornal=515&pagina=115,
947,Ordinária,Ministério da Previdência Social/Superintendência Nacional de Previdência Complementar/Diretoria de Licenciamento,2023-10-26,"Portaria Previc Nº 948, DE 24 DE outubro DE 2023",http://pesquisa.in.gov.br/imprensa/jsp/visualiza/index.jsp?data=26/10/2023&jornal=515&pagina=116,
948,Ordinária,Ministério dos Povos Indígenas/Fundação Nacional dos Povos Indígenas,2023-10-26,"PORTARIA FUNAI Nº 804, DE 24 DE OUTUBRO DE 2023",http://pesquisa.in.gov.br/imprensa/jsp/visualiza/index.jsp?data=26/10/2023&jornal=515&pagina=116,"Revoga a Portaria nº 476, de 16 de maio de 2016, que designa os gestores do Centro de Monitoramento Remoto (CMR)"
949,Ordinária,Ministério da Previdência Social/Conselho de Recursos da Previdência Social,2023-10-26,PAUTA DE JULGAMENTO,http://pesquisa.in.gov.br/imprensa/jsp/visualiza/index.jsp?data=26/10/2023&jornal=515&pagina=116,
950,Ordinária,Ministério da Previdência Social/Superintendência Nacional de Previdência Complementar/Diretoria de Licenciamento,2023-10-26,"Portaria Previc Nº 934, DE 19 DE outubro DE 2023",http://pesquisa.in.gov.br/imprensa/jsp/visualiza/index.jsp?data=26/10/2023&jornal=515&pagina=116,
951,Ordinária,Ministério da Previdência Social/Superintendência Nacional de Previdência Complementar/Coordenação-Geral de Apoio à Diretoria Colegiada,2023-10-26,DECISÃO DE 24 DE OUTUBRO DE 2023,http://pesquisa.in.gov.br/imprensa/jsp/visualiza/index.jsp?data=26/10/2023&jornal=515&pagina=116,
952,Ordinária,Ministério da Previdência Social/Instituto Nacional do Seguro Social,2023-10-26,"PORTARIA PRES/INSS Nº 1.625, DE 25 DE OUTUBRO DE 2023",http://pesquisa.in.gov.br/imprensa/jsp/visualiza/index.jsp?data=26/10/2023&jornal=515&pagina=116,"Altera a Portaria PRES/INSS nº 1.472 de 8 de agosto de 2022, que instituiu o Programa de Conformidade do INSS."
953,Ordinária,Ministério da Saúde/Gabinete da Ministra,2023-10-26,"PORTARIA GM/MS Nº 1.645, DE 23 DE OUTUBRO DE 2023",http://pesquisa.in.gov.br/imprensa/jsp/visualiza/index.jsp?data=26/10/2023&jornal=515&pagina=116,"Autoriza o Estado, Município ou Distrito Federal a receber recursos financeiros de capital destinados à aquisição de equipamentos e materiais permanentes para estabelecimentos de saúde."
954,Ordinária,Ministério da Previdência Social/Superintendência Nacional de Previdência Complementar/Diretoria de Licenciamento,2023-10-26,"Portaria Previc Nº 947, DE 23 DE outubro DE 2023",http://pesquisa.in.gov.br/imprensa/jsp/visualiza/index.jsp?data=26/10/2023&jornal=515&pagina=116,
955,Ordinária,Ministério da Previdência Social/Superintendência Nacional de Previdência Complementar/Diretoria de Licenciamento,2023-10-26,"Portaria Previc Nº 945, DE 23 DE outubro DE 2023",http://pesquisa.in.gov.br/imprensa/jsp/visualiza/index.jsp?data=26/10/2023&jornal=515&pagina=116,
956,Ordinária,Ministério da Previdência Social/Superintendência Nacional de Previdência Complementar/Diretoria de Licenciamento,2023-10-26,"Portaria Previc Nº 944, DE 23 DE outubro DE 2023",http://pesquisa.in.gov.br/imprensa/jsp/visualiza/index.jsp?data=26/10/2023&jornal=515&pagina=116,
957,Ordinária,Ministério da Saúde/Gabinete da Ministra,2023-10-26,"PORTARIA GM/MS Nº 1.647, DE 23 DE OUTUBRO DE 2023",http://pesquisa.in.gov.br/imprensa/jsp/visualiza/index.jsp?data=26/10/2023&jornal=515&pagina=117,"Autoriza o Estado, Município ou Distrito Federal a receber recursos financeiros de capital destinados à aquisição de equipamentos e materiais permanentes para estabelecimentos de saúde."
958,Ordinária,Ministério da Saúde/Gabinete da Ministra,2023-10-26,"PORTARIA GM/MS Nº 1.651, DE 23 DE OUTUBRO DE 2023",http://pesquisa.in.gov.br/imprensa/jsp/visualiza/index.jsp?data=26/10/2023&jornal=515&pagina=118,"Autoriza o Estado, Município ou Distrito Federal a receber recursos financeiros de capital destinados à aquisição de equipamentos e materiais permanentes para estabelecimentos de saúde."
959,Ordinária,Ministério da Saúde/Gabinete da Ministra,2023-10-26,"PORTARIA GM/MS Nº 1.658, DE 23 DE OUTUBRO DE 2023",http://pesquisa.in.gov.br/imprensa/jsp/visualiza/index.jsp?data=26/10/2023&jornal=515&pagina=118,"Autoriza o Estado, Município ou Distrito Federal a receber recursos referentes ao incremento temporário ao custeio dos serviços de Atenção Especializada à Saúde."
960,Ordinária,Ministério da Saúde/Secretaria de Atenção Especializada à Saúde,2023-10-26,"PORTARIA SAES/MS Nº 895, DE 24 DE OUTUBRO DE 2023",http://pesquisa.in.gov.br/imprensa/jsp/visualiza/index.jsp?data=26/10/2023&jornal=515&pagina=119,Concede autorização à estabelecimento e à equipe de saúde para retirada e transplante de células-tronco hematopoiéticas.
961,Ordinária,Ministério da Saúde/Secretaria de Atenção Especializada à Saúde,2023-10-26,"PORTARIA SAES/MS Nº 896, DE 24 DE OUTUBRO DE 2023",http://pesquisa.in.gov.br/imprensa/jsp/visualiza/index.jsp?data=26/10/2023&jornal=515&pagina=119,Concede autorização à estabelecimento e à equipes de saúde para retirada e transplante de tecidos.
962,Ordinária,Ministério da Saúde/Secretaria de Atenção Especializada à Saúde,2023-10-26,"PORTARIA SAES/MS Nº 897, DE 24 DE OUTUBRO DE 2023",http://pesquisa.in.gov.br/imprensa/jsp/visualiza/index.jsp?data=26/10/2023&jornal=515&pagina=120,Concede renovação de autorização à estabelecimentos e à equipes de saúde para retirada e transplante de órgãos e células-tronco hematopoiéticas.
963,Ordinária,Ministério da Saúde/Secretaria de Atenção Especializada à Saúde,2023-10-26,"PORTARIA SAES/MS Nº 898, DE 24 DE OUTUBRO DE 2023",http://pesquisa.in.gov.br/imprensa/jsp/visualiza/index.jsp?data=26/10/2023&jornal=515&pagina=120,"Concede renovação de autorização à estabelecimentos e à equipes de saúde para retirada e transplante de órgãos sólidos, tecidos e células-tronco hematopoiéticas."
964,Ordinária,Ministério da Saúde/Secretaria de Atenção Especializada à Saúde,2023-10-26,"PORTARIA SAES/MS Nº 899, DE 24 DE OUTUBRO DE 2023",http://pesquisa.in.gov.br/imprensa/jsp/visualiza/index.jsp?data=26/10/2023&jornal=515&pagina=121,Inclui membro em equipe de transplante.
965,Ordinária,Ministério da Saúde/Secretaria de Atenção Especializada à Saúde,2023-10-26,"PORTARIA SAES/MS Nº 900, DE 24 DE OUTUBRO DE 2023",http://pesquisa.in.gov.br/imprensa/jsp/visualiza/index.jsp?data=26/10/2023&jornal=515&pagina=122,Substitui responsável técnico de equipe de transplante.
966,Ordinária,Ministério da Saúde/Secretaria de Atenção Especializada à Saúde,2023-10-26,"PORTARIA SAES/MS Nº 901, DE 24 DE OUTUBRO DE 2023",http://pesquisa.in.gov.br/imprensa/jsp/visualiza/index.jsp?data=26/10/2023&jornal=515&pagina=122,"Defere a Renovação do CEBAS da Casa de Nossa Senhora Aparecida, com sede em São Mateus (ES)."
967,Ordinária,Ministério da Saúde/Agência Nacional de Vigilância Sanitária/Gerência-Geral de Recursos,2023-10-26,"ARESTO Nº 1.602, DE 25 DE OUTUBRO DE 2023",http://pesquisa.in.gov.br/imprensa/jsp/visualiza/index.jsp?data=26/10/2023&jornal=515&pagina=122,
968,Ordinária,Ministério da Saúde/Agência Nacional de Vigilância Sanitária,2023-10-26,"DESPACHO Nº 147, DE 25 DE OUTUBRO DE 2023",http://pesquisa.in.gov.br/imprensa/jsp/visualiza/index.jsp?data=26/10/2023&jornal=515&pagina=122,
969,Ordinária,Ministério da Saúde/Secretaria de Atenção Especializada à Saúde,2023-10-26,RETIFICAÇÃO,http://pesquisa.in.gov.br/imprensa/jsp/visualiza/index.jsp?data=26/10/2023&jornal=515&pagina=122,
970,Ordinária,Ministério da Saúde/Agência Nacional de Vigilância Sanitária/Diretoria Colegiada,2023-10-26,"DESPACHO N° 144, DE 25 DE OUTUBRO DE 2023",http://pesquisa.in.gov.br/imprensa/jsp/visualiza/index.jsp?data=26/10/2023&jornal=515&pagina=124,
971,Ordinária,Ministério da Saúde/Agência Nacional de Vigilância Sanitária/Diretoria Colegiada,2023-10-26,"DESPACHO N° 146, DE 25 DE OUTUBRO DE 2023",http://pesquisa.in.gov.br/imprensa/jsp/visualiza/index.jsp?data=26/10/2023&jornal=515&pagina=125,
972,Ordinária,Ministério da Saúde/Agência Nacional de Vigilância Sanitária/2ª Diretoria/Coordenação de Pesquisa Clínica em Medicamentos e Produtos Biológicos,2023-10-26,"RESOLUÇÃO-RE N° 4.060, DE 25 DE OUTUBRO DE 2023",http://pesquisa.in.gov.br/imprensa/jsp/visualiza/index.jsp?data=26/10/2023&jornal=515&pagina=125,
973,Ordinária,Ministério da Saúde/Agência Nacional de Vigilância Sanitária/2ª Diretoria/Coordenação de Pesquisa Clínica em Medicamentos e Produtos Biológicos,2023-10-26,"RESOLUÇÃO-RE N° 4.058, DE 25 DE OUTUBRO DE 2023",http://pesquisa.in.gov.br/imprensa/jsp/visualiza/index.jsp?data=26/10/2023&jornal=515&pagina=125,
974,Ordinária,Ministério da Saúde/Agência Nacional de Vigilância Sanitária/2ª Diretoria/Coordenação de Pesquisa Clínica em Medicamentos e Produtos Biológicos,2023-10-26,"RESOLUÇÃO-RE N° 4.059, DE 25 DE OUTUBRO DE 2023",http://pesquisa.in.gov.br/imprensa/jsp/visualiza/index.jsp?data=26/10/2023&jornal=515&pagina=125,
975,Ordinária,Ministério da Saúde/Agência Nacional de Vigilância Sanitária/Diretoria Colegiada,2023-10-26,"DESPACHO N° 145, DE 25 DE OUTUBRO DE 2023",http://pesquisa.in.gov.br/imprensa/jsp/visualiza/index.jsp?data=26/10/2023&jornal=515&pagina=125,
976,Ordinária,Ministério da Saúde/Agência Nacional de Vigilância Sanitária/4ª Diretoria/Gerência-Geral de Inspeção e Fiscalização Sanitária,2023-10-26,"RESOLUÇÃO-RE N° 4.041, DE 25 DE OUTUBRO DE 2023",http://pesquisa.in.gov.br/imprensa/jsp/visualiza/index.jsp?data=26/10/2023&jornal=515&pagina=126,
977,Ordinária,Ministério da Saúde/Agência Nacional de Vigilância Sanitária/4ª Diretoria/Gerência-Geral de Inspeção e Fiscalização Sanitária/Coordenação de Autorização de Funcionamento de Empresas,2023-10-26,"RESOLUÇÃO-RE Nº 4.044, DE 25 DE OUTUBRO DE 2023",http://pesquisa.in.gov.br/imprensa/jsp/visualiza/index.jsp?data=26/10/2023&jornal=515&pagina=126,
978,Ordinária,Ministério da Saúde/Agência Nacional de Vigilância Sanitária/4ª Diretoria/Gerência-Geral de Inspeção e Fiscalização Sanitária,2023-10-26,"RESOLUÇÃO-RE N° 4.040, DE 25 DE OUTUBRO DE 2023",http://pesquisa.in.gov.br/imprensa/jsp/visualiza/index.jsp?data=26/10/2023&jornal=515&pagina=126,
979,Ordinária,Ministério da Saúde/Agência Nacional de Vigilância Sanitária/2ª Diretoria/Coordenação de Pesquisa Clínica em Medicamentos e Produtos Biológicos,2023-10-26,"RESOLUÇÃO-RE N° 4.061, DE 25 DE OUTUBRO DE 2023",http://pesquisa.in.gov.br/imprensa/jsp/visualiza/index.jsp?data=26/10/2023&jornal=515&pagina=126,
980,Ordinária,Ministério da Saúde/Agência Nacional de Vigilância Sanitária/4ª Diretoria/Gerência-Geral de Inspeção e Fiscalização Sanitária,2023-10-26,"RESOLUÇÃO-RE N° 4.050, DE 25 DE OUTUBRO DE 2023",http://pesquisa.in.gov.br/imprensa/jsp/visualiza/index.jsp?data=26/10/2023&jornal=515&pagina=126,
981,Ordinária,Ministério da Saúde/Agência Nacional de Vigilância Sanitária/4ª Diretoria/Gerência-Geral de Inspeção e Fiscalização Sanitária/Coordenação de Autorização de Funcionamento de Empresas,2023-10-26,"RESOLUÇÃO-RE Nº 4.043, DE 25 DE OUTUBRO DE 2023",http://pesquisa.in.gov.br/imprensa/jsp/visualiza/index.jsp?data=26/10/2023&jornal=515&pagina=126,
982,Ordinária,Ministério da Saúde/Agência Nacional de Vigilância Sanitária/4ª Diretoria/Gerência-Geral de Inspeção e Fiscalização Sanitária,2023-10-26,"RESOLUÇÃO-RE Nº 4.051, DE 25 DE OUTUBRO DE 2023",http://pesquisa.in.gov.br/imprensa/jsp/visualiza/index.jsp?data=26/10/2023&jornal=515&pagina=126,
983,Ordinária,Ministério da Saúde/Agência Nacional de Vigilância Sanitária/4ª Diretoria/Gerência-Geral de Inspeção e Fiscalização Sanitária/Coordenação de Autorização de Funcionamento de Empresas,2023-10-26,"RESOLUÇÃO-RE N° 4.045, DE 25 DE OUTUBRO DE 2023",http://pesquisa.in.gov.br/imprensa/jsp/visualiza/index.jsp?data=26/10/2023&jornal=515&pagina=127,
984,Ordinária,Ministério da Saúde/Agência Nacional de Vigilância Sanitária/4ª Diretoria/Gerência-Geral de Inspeção e Fiscalização Sanitária/Coordenação de Autorização de Funcionamento de Empresas,2023-10-26,"RESOLUÇÃO-RE N° 4.046, DE 25 DE OUTUBRO DE 2023",http://pesquisa.in.gov.br/imprensa/jsp/visualiza/index.jsp?data=26/10/2023&jornal=515&pagina=132,
985,Ordinária,Ministério da Saúde/Agência Nacional de Vigilância Sanitária/4ª Diretoria/Gerência-Geral de Inspeção e Fiscalização Sanitária/Coordenação de Autorização de Funcionamento de Empresas,2023-10-26,"RESOLUÇÃO-RE N° 4.047, DE 25 DE OUTUBRO DE 2023",http://pesquisa.in.gov.br/imprensa/jsp/visualiza/index.jsp?data=26/10/2023&jornal=515&pagina=133,
986,Ordinária,Ministério da Saúde/Agência Nacional de Vigilância Sanitária/4ª Diretoria/Gerência-Geral de Inspeção e Fiscalização Sanitária/Coordenação de Autorização de Funcionamento de Empresas,2023-10-26,"RESOLUÇÃO-RE N° 4.048, DE 25 DE OUTUBRO DE 2023",http://pesquisa.in.gov.br/imprensa/jsp/visualiza/index.jsp?data=26/10/2023&jornal=515&pagina=134,
987,Ordinária,Ministério do Trabalho e Emprego/Secretaria de Inspeção do Trabalho/Departamento de Fiscalização do Trabalho/Coordenação-Geral de Recursos,2023-10-26,Despacho dE 25 de outubro de 2023,http://pesquisa.in.gov.br/imprensa/jsp/visualiza/index.jsp?data=26/10/2023&jornal=515&pagina=134,
988,Ordinária,Ministério da Saúde/Agência Nacional de Vigilância Sanitária/4ª Diretoria/Gerência-Geral de Inspeção e Fiscalização Sanitária/Coordenação de Autorização de Funcionamento de Empresas,2023-10-26,"RESOLUÇÃO-RE N° 4.049, DE 25 DE OUTUBRO DE 2023",http://pesquisa.in.gov.br/imprensa/jsp/visualiza/index.jsp?data=26/10/2023&jornal=515&pagina=134,
989,Ordinária,"Ministério do Trabalho e Emprego/Secretaria de Qualificação e Fomento à Geração de Emprego e Renda/Departamento de Políticas Públicas de Trabalho, Emprego e Renda",2023-10-26,DESPACHO de 24 de outubro de 2023,http://pesquisa.in.gov.br/imprensa/jsp/visualiza/index.jsp?data=26/10/2023&jornal=515&pagina=136,
990,Ordinária,Ministério dos Transportes/Agência Nacional de Transportes Terrestres/Superintendência de Serviços de Transporte Rodoviário de Passageiros,2023-10-26,"DECISÃO SUPAS Nº 744, DE 25 DE OUTUBRO DE 2023",http://pesquisa.in.gov.br/imprensa/jsp/visualiza/index.jsp?data=26/10/2023&jornal=515&pagina=137,
991,Ordinária,Ministério dos Transportes/Gabinete do Ministro,2023-10-26,"PORTARIA Nº 999, DE 19 DE OUTUBRO DE 2023",http://pesquisa.in.gov.br/imprensa/jsp/visualiza/index.jsp?data=26/10/2023&jornal=515&pagina=137,Aprova a incorporação ao Sistema Federal de Viação do segmento rodoviário estadual que especifica.
992,Ordinária,Ministério dos Transportes/Agência Nacional de Transportes Terrestres/Superintendência de Serviços de Transporte Rodoviário de Passageiros,2023-10-26,"DECISÃO SUPAS Nº 742, DE 24 DE OUTUBRO DE 2023",http://pesquisa.in.gov.br/imprensa/jsp/visualiza/index.jsp?data=26/10/2023&jornal=515&pagina=137,
993,Ordinária,Ministério da Agricultura e Pecuária/Secretaria Executiva/Superintendência de Agricultura e Pecuária do Estado do Mato Grosso,2024-03-20,"PORTARIA Nº 9, DE 18 DE MARÇO DE 2024",http://pesquisa.in.gov.br/imprensa/jsp/visualiza/index.jsp?data=20/03/2024&jornal=515&pagina=3,
994,Ordinária,Ministério da Agricultura e Pecuária/Secretaria Executiva/Superintendência de Agricultura e Pecuária do Estado do Mato Grosso,2024-03-20,"PORTARIA Nº 7, DE 15 DE MARÇO DE 2024",http://pesquisa.in.gov.br/imprensa/jsp/visualiza/index.jsp?data=20/03/2024&jornal=515&pagina=3,
995,Ordinária,"Ministério da Ciência, Tecnologia e Inovação/Secretaria de Políticas e Programas Estratégicos",2024-03-20,"PORTARIA SEPPE/MCTI Nº 7.979, DE 14 DE MARÇO DE 2024",http://pesquisa.in.gov.br/imprensa/jsp/visualiza/index.jsp?data=20/03/2024&jornal=515&pagina=4,"Renova a Rede Nacional de Métodos Alternativos ao Uso de Animais - RENAMA no âmbito do Ministério da Ciência, Tecnologia e Inovação."
996,Ordinária,"Ministério da Ciência, Tecnologia e Inovação/Conselho Nacional de Desenvolvimento Científico e Tecnológico/Diretoria de Cooperação Institucional, Internacional e Inovação",2024-03-20,DESPACHO de 18 de março de 2024,http://pesquisa.in.gov.br/imprensa/jsp/visualiza/index.jsp?data=20/03/2024&jornal=515&pagina=4,
997,Ordinária,Ministério das Comunicações/Secretaria de Comunicação Social Eletrônica/Departamento de Radiodifusão Privada,2024-03-20,Despacho Nº 148/2024,http://pesquisa.in.gov.br/imprensa/jsp/visualiza/index.jsp?data=20/03/2024&jornal=515&pagina=5,
998,Ordinária,Ministério das Comunicações/Secretaria de Comunicação Social Eletrônica/Departamento de Radiodifusão Privada,2024-03-20,Despacho Nº 147/2024,http://pesquisa.in.gov.br/imprensa/jsp/visualiza/index.jsp?data=20/03/2024&jornal=515&pagina=5,
999,Ordinária,"Ministério das Comunicações/Secretaria de Comunicação Social Eletrônica/Departamento de Radiodifusão Pública, Comunitária e Estatal/Coordenação-Geral de Engenharia de Radiodifusão Pública, Comunitária e Estatal",2024-03-20,"PORTARIA MCOM Nº 12.369, DE 19 DE MARÇO DE 2024",http://pesquisa.in.gov.br/imprensa/jsp/visualiza/index.jsp?data=20/03/2024&jornal=515&pagina=5,
