,tipo_edicao,orgao,data_publicacao,url_versao_certificada,ementa
0,Ordinária,Ministério da Educação/Universidade Federal Rural da Amazônia,2023-01-02,http://pesquisa.in.gov.br/imprensa/jsp/visualiza/index.jsp?data=02/01/2023&jornal=515&pagina=34,
1,Ordinária,Ministério da Educação/Instituto Benjamin Constant,2023-01-02,http://pesquisa.in.gov.br/imprensa/jsp/visualiza/index.jsp?data=02/01/2023&jornal=515&pagina=29,
2,Ordinária,Ministério da Infraestrutura/Agência Nacional de Transportes Terrestres/Superintendência de Serviços de Transporte Rodoviário de Passageiros,2023-01-02,http://pesquisa.in.gov.br/imprensa/jsp/visualiza/index.jsp?data=02/01/2023&jornal=515&pagina=50,
3,Ordinária,Ministério da Saúde/Agência Nacional de Vigilância Sanitária/4ª Diretoria/Gerência-Geral de Inspeção e Fiscalização Sanitária,2023-01-02,http://pesquisa.in.gov.br/imprensa/jsp/visualiza/index.jsp?data=02/01/2023&jornal=515&pagina=111,
4,Ordinária,Ministério da Economia/Secretaria Especial da Receita Federal do Brasil/Subsecretaria-Geral da Receita Federal do Brasil/Superintendência Regional da Receita Federal do Brasil 2ª Região Fiscal/Alfândega da Receita Federal do Brasil no Porto de Manaus,2023-01-02,http://pesquisa.in.gov.br/imprensa/jsp/visualiza/index.jsp?data=02/01/2023&jornal=515&pagina=26,Habilita a empresa mencionada ao procedimento simplificado de internação.
5,Ordinária,"Ministério da Saúde/Agência Nacional de Vigilância Sanitária/5ª Diretoria/Gerência-Geral de Portos, Aeroportos, Fronteiras e Recintos Alfandegados",2023-01-02,http://pesquisa.in.gov.br/imprensa/jsp/visualiza/index.jsp?data=02/01/2023&jornal=515&pagina=116,
6,Ordinária,Ministério da Saúde/Gabinete do Ministro,2023-01-02,http://pesquisa.in.gov.br/imprensa/jsp/visualiza/index.jsp?data=02/01/2023&jornal=515&pagina=73,"Renova a qualificação das Unidades Móveis, destinadas ao Serviço de Atendimento Móvel de Urgência (SAMU 192) e mantém os recursos do Bloco de Manutenção das Ações e Serviços Públicos de Saúde - Grupo de Atenção Especializada, incorporados ao limite financeiro de Média e Alta Complexidade (MAC), do Estado de Santa Catarina e Município de Palhoça."
7,Ordinária,Ministério da Saúde/Gabinete do Ministro,2023-01-02,http://pesquisa.in.gov.br/imprensa/jsp/visualiza/index.jsp?data=02/01/2023&jornal=515&pagina=82,"Renova a qualificação da Central de Regulação das Urgências (CRU) e das Unidades Móveis destinadas ao Serviço de Atendimento Móvel de Urgência (SAMU 192), deduz e altera os recursos do Bloco de Manutenção das Ações e Serviços Públicos de Saúde - Grupo de Atenção Especializada incorporados ao limite financeiro de Média e Alta Complexidade (MAC) do Estado do Rio Grande do Sul e Município de Caxias do Sul, especifica os valores da habilitação e qualificação e determina devolução de recursos."
8,Ordinária,Ministério da Infraestrutura/Agência Nacional de Aviação Civil/Superintendência de Infraestrutura Aeroportuária/Gerência de Certificação e Segurança Operacional,2023-01-02,http://pesquisa.in.gov.br/imprensa/jsp/visualiza/index.jsp?data=02/01/2023&jornal=515&pagina=38,
9,Ordinária,"Ministério da Saúde/Agência Nacional de Vigilância Sanitária/3ª Diretoria/Gerência de Produtos de Higiene, Perfumes, Cosméticos e Saneantes",2023-01-02,http://pesquisa.in.gov.br/imprensa/jsp/visualiza/index.jsp?data=02/01/2023&jornal=515&pagina=109,
10,Ordinária,Ministério da Infraestrutura/Agência Nacional de Aviação Civil/Superintendência de Infraestrutura Aeroportuária/Gerência de Certificação e Segurança Operacional,2023-01-02,http://pesquisa.in.gov.br/imprensa/jsp/visualiza/index.jsp?data=02/01/2023&jornal=515&pagina=38,
11,Ordinária,Ministério da Saúde/Agência Nacional de Vigilância Sanitária/4ª Diretoria/Gerência-Geral de Inspeção e Fiscalização Sanitária/Coordenação de Autorização de Funcionamento de Empresas,2023-01-02,http://pesquisa.in.gov.br/imprensa/jsp/visualiza/index.jsp?data=02/01/2023&jornal=515&pagina=115,
12,Ordinária,Ministério da Saúde/Gabinete do Ministro,2023-01-02,http://pesquisa.in.gov.br/imprensa/jsp/visualiza/index.jsp?data=02/01/2023&jornal=515&pagina=69,"Renova a qualificação da Central de Regulação das Urgências (CRU) e das Unidades Móveis destinadas ao Serviço de Atendimento Móvel de Urgência (SAMU 192), deduz e altera os recursos do Bloco de Manutenção das Ações e Serviços Públicos de Saúde - Grupo de Atenção Especializada incorporados ao limite financeiro de Média e Alta Complexidade (MAC) do Estado de Rondônia e Municípios, a título de incentivo e especifica os valores da Habilitação e Qualificação."
13,Ordinária,Ministério de Minas e Energia/Agência Nacional de Mineração/Gerência Regional da ANM no Estado de Mato Grosso do Sul,2023-01-02,http://pesquisa.in.gov.br/imprensa/jsp/visualiza/index.jsp?data=02/01/2023&jornal=515&pagina=57,
14,Ordinária,Ministério do Turismo/Gabinete do Ministro,2023-01-02,http://pesquisa.in.gov.br/imprensa/jsp/visualiza/index.jsp?data=02/01/2023&jornal=515&pagina=120,Aprova o Regimento Interno do Ministério do Turismo.
15,Ordinária,Ministério da Educação/Universidade Federal de Uberlândia,2023-01-02,http://pesquisa.in.gov.br/imprensa/jsp/visualiza/index.jsp?data=02/01/2023&jornal=515&pagina=35,
16,Ordinária,Ministério da Economia/Fundação Escola Nacional de Administração Pública,2023-01-02,http://pesquisa.in.gov.br/imprensa/jsp/visualiza/index.jsp?data=02/01/2023&jornal=515&pagina=27,
17,Ordinária,Ministério da Economia/Instituto de Pesquisa Econômica Aplicada,2023-01-02,http://pesquisa.in.gov.br/imprensa/jsp/visualiza/index.jsp?data=02/01/2023&jornal=515&pagina=28,"Permuta do Cargo Comissionado Executivo - CCE por Função Comissionada Executiva - FCE de mesmo nível e categoria da Estrutura Regimental e Quadro Demonstrativo dos Cargos em Comissão e das Funções de Confiança do Instituto de Pesquisa Econômica Aplicada - IPEA, aprovada pelo Decreto n° 11.194, de 08 de setembro de 2022."
18,Ordinária,Ministério da Saúde/Gabinete do Ministro,2023-01-02,http://pesquisa.in.gov.br/imprensa/jsp/visualiza/index.jsp?data=02/01/2023&jornal=515&pagina=69,"Renova a qualificação da Unidade de Pronto Atendimento (UPA 24h, Dr. Olavo Cavalcante Cardoso) e mantém os recursos do Bloco de Manutenção das Ações e Serviços Públicos de Saúde - Grupo de Atenção Especializada, incorporados ao limite financeiro de Média e Alta Complexidade (MAC), do Estado do Ceará e Município de Crateús."
19,Ordinária,Ministério da Saúde/Gabinete do Ministro,2023-01-02,http://pesquisa.in.gov.br/imprensa/jsp/visualiza/index.jsp?data=02/01/2023&jornal=515&pagina=89,
20,Ordinária,Ministério da Saúde/Gabinete do Ministro,2023-01-02,http://pesquisa.in.gov.br/imprensa/jsp/visualiza/index.jsp?data=02/01/2023&jornal=515&pagina=64,"Renova a qualificação da Unidade de Pronto Atendimento (UPA 24h, Barcarena) e mantém os recursos do Bloco de Manutenção das Ações e Serviços Públicos de Saúde - Grupo de Atenção Especializada, incorporados ao limite financeiro de Média e Alta Complexidade (MAC), do Estado do Pará e Município de Barcarena."
21,Ordinária,Ministério da Saúde/Agência Nacional de Vigilância Sanitária/4ª Diretoria/Gerência-Geral de Inspeção e Fiscalização Sanitária,2023-01-02,http://pesquisa.in.gov.br/imprensa/jsp/visualiza/index.jsp?data=02/01/2023&jornal=515&pagina=111,
22,Ordinária,Ministério da Saúde/Gabinete do Ministro,2023-01-02,http://pesquisa.in.gov.br/imprensa/jsp/visualiza/index.jsp?data=02/01/2023&jornal=515&pagina=64,"Renova a qualificação da Unidade de Pronto Atendimento (UPA 24h, Olavo Narakevitz) e mantém os recursos do Bloco de Manutenção das Ações e Serviços Públicos de Saúde - Grupo de Atenção Especializada, incorporados ao limite financeiro de Média e Alta Complexidade (MAC), do Estado de São Paulo e Município de Rio Claro."
23,Ordinária,Ministério da Infraestrutura/Agência Nacional de Aviação Civil/Superintendência de Infraestrutura Aeroportuária,2023-01-02,http://pesquisa.in.gov.br/imprensa/jsp/visualiza/index.jsp?data=02/01/2023&jornal=515&pagina=37,
24,Ordinária,Ministério da Educação/Gabinete do Ministro,2023-01-02,http://pesquisa.in.gov.br/imprensa/jsp/visualiza/index.jsp?data=02/01/2023&jornal=515&pagina=28,Publica listagem complementar dos atos normativos inferiores a decretos vigentes no âmbito do Ministério da Educação - MEC.
25,Ordinária,Ministério da Saúde/Agência Nacional de Saúde Suplementar,2023-01-02,http://pesquisa.in.gov.br/imprensa/jsp/visualiza/index.jsp?data=02/01/2023&jornal=515&pagina=92,Dispõe sobre a Nota Técnica de Registro de Produto.
26,Ordinária,Ministério de Minas e Energia/Secretaria de Planejamento e Desenvolvimento Energético,2023-01-02,http://pesquisa.in.gov.br/imprensa/jsp/visualiza/index.jsp?data=02/01/2023&jornal=515&pagina=56,
27,Ordinária,"Ministério de Minas e Energia/Agência Nacional do Petróleo, Gás Natural e Biocombustíveis/Diretoria I/Superintendência de Pesquisa e Desenvolvimento Tecnológico",2023-01-02,http://pesquisa.in.gov.br/imprensa/jsp/visualiza/index.jsp?data=02/01/2023&jornal=515&pagina=58,
28,Ordinária,Ministério da Economia/Secretaria Especial da Receita Federal do Brasil/Subsecretaria-Geral da Receita Federal do Brasil/Superintendência Regional da Receita Federal do Brasil 6ª Região Fiscal/Alfândega da Receita Federal do Brasil em Belo Horizonte,2023-01-02,http://pesquisa.in.gov.br/imprensa/jsp/visualiza/index.jsp?data=02/01/2023&jornal=515&pagina=26,Inclusão de interessados no Cadastro de Despachante Aduaneiro
29,Ordinária,Ministério da Saúde/Agência Nacional de Vigilância Sanitária/4ª Diretoria/Gerência-Geral de Inspeção e Fiscalização Sanitária,2023-01-02,http://pesquisa.in.gov.br/imprensa/jsp/visualiza/index.jsp?data=02/01/2023&jornal=515&pagina=111,
30,Ordinária,Ministério do Turismo/Secretaria Especial de Cultura/Secretaria Nacional de Fomento e Incentivo à Cultura,2023-01-02,http://pesquisa.in.gov.br/imprensa/jsp/visualiza/index.jsp?data=02/01/2023&jornal=515&pagina=145,
31,Ordinária,Ministério do Trabalho e Previdência/Secretaria de Trabalho/Subsecretaria de Relações do Trabalho/Coordenação-Geral de Registro Sindical,2023-01-02,http://pesquisa.in.gov.br/imprensa/jsp/visualiza/index.jsp?data=02/01/2023&jornal=515&pagina=118,
32,Ordinária,Ministério da Saúde/Gabinete do Ministro,2023-01-02,http://pesquisa.in.gov.br/imprensa/jsp/visualiza/index.jsp?data=02/01/2023&jornal=515&pagina=74,Renova a qualificação da Unidade de Suporte Básico (USB) destinada ao Serviço de Atendimento Móvel de Urgência (SAMU 192) e mantém os recursos do Bloco de Manutenção das Ações e Serviços Públicos de Saúde - Grupo de Atenção Especializada incorporados ao limite financeiro de Média e Alta Complexidade (MAC) do Estado de Pernambuco e Municípios.
33,Ordinária,Ministério da Saúde/Agência Nacional de Vigilância Sanitária/3ª Diretoria/Gerência-Geral de Toxicologia,2023-01-02,http://pesquisa.in.gov.br/imprensa/jsp/visualiza/index.jsp?data=02/01/2023&jornal=515&pagina=108,
34,Ordinária,Ministério das Comunicações/Agência Nacional de Telecomunicações/Superintendência de Outorga e Recursos à Prestação/Gerência de Outorga e Licenciamento de Estações,2023-01-02,http://pesquisa.in.gov.br/imprensa/jsp/visualiza/index.jsp?data=02/01/2023&jornal=515&pagina=18,
35,Ordinária,Ministério da Saúde/Gabinete do Ministro,2023-01-02,http://pesquisa.in.gov.br/imprensa/jsp/visualiza/index.jsp?data=02/01/2023&jornal=515&pagina=80,"Renova a qualificação da Unidade de Pronto Atendimento (UPA 24h) e mantém os recursos do Bloco de Manutenção das Ações e Serviços Públicos de Saúde - Grupo de Atenção Especializada, incorporados ao limite financeiro de Média e Alta Complexidade (MAC), do Estado de Rondônia e Município de Ariquemes."
36,Ordinária,Ministério da Infraestrutura/Agência Nacional de Aviação Civil/Superintendência de Regulação Econômica de Aeroportos,2023-01-02,http://pesquisa.in.gov.br/imprensa/jsp/visualiza/index.jsp?data=02/01/2023&jornal=515&pagina=38,"Estabelece os prazos e os modelos de documentos, aplicáveis às Concessionárias de Serviço Público de Infraestrutura Aeroportuária, para apresentação dos cadastros e dos resultados dos Indicadores de Qualidade de Serviço (IQS), do Plano de Qualidade de Serviço (PQS), do Relatório de Qualidade de Serviço (RQS), do Parecer de Auditoria Independente e do Relatório de controle e gestão do Sistema de Registro e Tratamento das Demandas Relacionado à Prestação do Serviço, em conformidade com o disposto nos Contratos de Concessão e na Resolução nº 372, de 15 de dezembro de 2015."
37,Ordinária,Ministério da Educação/Secretaria de Regulação e Supervisão da Educação Superior,2023-01-02,http://pesquisa.in.gov.br/imprensa/jsp/visualiza/index.jsp?data=02/01/2023&jornal=515&pagina=30,
38,Ordinária,Ministério da Saúde/Gabinete do Ministro,2023-01-02,http://pesquisa.in.gov.br/imprensa/jsp/visualiza/index.jsp?data=02/01/2023&jornal=515&pagina=68,"Renova a qualificação da Unidade de Pronto Atendimento (UPA 24h, Geisel) e mantém os recursos do Bloco de Manutenção das Ações e Serviços Públicos de Saúde - Grupo de Atenção Especializada, incorporados ao limite financeiro de Média e Alta Complexidade (MAC), do Estado de São Paulo e Município de Bauru."
39,Ordinária,Ministério da Saúde/Gabinete do Ministro,2023-01-02,http://pesquisa.in.gov.br/imprensa/jsp/visualiza/index.jsp?data=02/01/2023&jornal=515&pagina=79,"Renova a qualificação da Unidade de Suporte Básico (USB) destinadas ao Serviço de Atendimento Móvel de Urgência (SAMU 192) e mantém os recursos do Bloco de Manutenção das Ações e Serviços Públicos de Saúde - Grupo de Atenção Especializada, incorporados ao limite financeiro de Média e Alta Complexidade (MAC), do Estado de Santa Catarina e Município de Sombrio."
40,Ordinária,Ministério da Saúde/Agência Nacional de Vigilância Sanitária/4ª Diretoria/Gerência-Geral de Inspeção e Fiscalização Sanitária,2023-01-02,http://pesquisa.in.gov.br/imprensa/jsp/visualiza/index.jsp?data=02/01/2023&jornal=515&pagina=112,
41,Ordinária,Ministério do Turismo/Gabinete do Ministro,2023-01-02,http://pesquisa.in.gov.br/imprensa/jsp/visualiza/index.jsp?data=02/01/2023&jornal=515&pagina=120,"Altera a Instrução Normativa nº 2, de 29 de janeiro de 2021, que dispõe sobre normas internas do Ministério do Turismo a serem atendidas nas cessões de servidores disciplinadas no art. 93 da Lei nº 8.112, de 11 de dezembro de 1990, no Decreto nº 9.144, de 22 de agosto de 2017, e na Portaria nº 357, de 2 de setembro de 2019, da Secretaria Especial de Desburocratização, Gestão e Governo Digital do Ministério da Economia."
42,Ordinária,Ministério da Saúde/Agência Nacional de Vigilância Sanitária/3ª Diretoria/Gerência-Geral de Tecnologia de Produtos para Saúde,2023-01-02,http://pesquisa.in.gov.br/imprensa/jsp/visualiza/index.jsp?data=02/01/2023&jornal=515&pagina=104,
43,Ordinária,Ministério da Cidadania/Conselho Nacional do Esporte,2023-01-02,http://pesquisa.in.gov.br/imprensa/jsp/visualiza/index.jsp?data=02/01/2023&jornal=515&pagina=17,Aprova critérios para a concessão de Bolsa Atleta aos atletas das modalidades não Olímpicas e não Paralímpicas.
44,Ordinária,Ministério da Infraestrutura/Agência Nacional de Transportes Terrestres/Superintendência de Serviços de Transporte Rodoviário de Passageiros,2023-01-02,http://pesquisa.in.gov.br/imprensa/jsp/visualiza/index.jsp?data=02/01/2023&jornal=515&pagina=50,
45,Ordinária,Ministério da Infraestrutura/Agência Nacional de Aviação Civil/Superintendência de Infraestrutura Aeroportuária/Gerência de Certificação e Segurança Operacional,2023-01-02,http://pesquisa.in.gov.br/imprensa/jsp/visualiza/index.jsp?data=02/01/2023&jornal=515&pagina=38,
46,Ordinária,Ministério da Saúde/Gabinete do Ministro,2023-01-02,http://pesquisa.in.gov.br/imprensa/jsp/visualiza/index.jsp?data=02/01/2023&jornal=515&pagina=84,"Estabelece a suspensão temporária da transferência a Estados e Municípios, de recursos incluídos no Bloco de Atenção de Média e Alta Complexidade (MAC), destinados ao custeio de Equipes Multiprofissionais de Atenção Domiciliar e Equipes Multiprofissionais de Apoio (Programa Melhor em Casa)."
47,Ordinária,"Ministério da Ciência, Tecnologia e Inovações/Secretaria de Empreendedorismo e Inovação",2023-01-02,http://pesquisa.in.gov.br/imprensa/jsp/visualiza/index.jsp?data=02/01/2023&jornal=515&pagina=17,"Reconhece investimentos em atividades de pesquisa, desenvolvimento e inovação (PD&I) decorrentes de tecnologias desenvolvidas no País, de acordo com o Decreto nº 10.356, de 20 de maio de 2020, e a Portaria MCTI nº 4.514, de 2 de março de 2021, e reconhece a condição de bens e produtos desenvolvidos no País, de acordo com a Portaria MCT nº 950, de 12 de dezembro de 2006."
48,Ordinária,Ministério da Saúde/Agência Nacional de Vigilância Sanitária/3ª Diretoria/Gerência-Geral de Registro e Fiscalização de Produtos Fumígenos Derivados ou Não do Tabaco,2023-01-02,http://pesquisa.in.gov.br/imprensa/jsp/visualiza/index.jsp?data=02/01/2023&jornal=515&pagina=99,
49,Ordinária,Ministério da Justiça e Segurança Pública/Secretaria Nacional do Consumidor,2023-01-02,http://pesquisa.in.gov.br/imprensa/jsp/visualiza/index.jsp?data=02/01/2023&jornal=515&pagina=54,
50,Ordinária,Ministério da Educação/Universidade Federal Rural da Amazônia,2023-01-02,http://pesquisa.in.gov.br/imprensa/jsp/visualiza/index.jsp?data=02/01/2023&jornal=515&pagina=34,
51,Ordinária,Ministério da Saúde/Gabinete do Ministro,2023-01-02,http://pesquisa.in.gov.br/imprensa/jsp/visualiza/index.jsp?data=02/01/2023&jornal=515&pagina=76,"Renova a qualificação da Unidade de Pronto Atendimento (UPA 24h) e mantém os recursos do Bloco de Manutenção das Ações e Serviços Públicos de Saúde - Grupo de Atenção Especializada, incorporados ao limite financeiro de Média e Alta Complexidade (MAC), do Estado do Rio Grande do Sul e Município de Cachoeira do Sul."
52,Ordinária,Ministério da Educação/Instituto Nacional de Estudos e Pesquisas Educacionais Anísio Teixeira,2023-01-02,http://pesquisa.in.gov.br/imprensa/jsp/visualiza/index.jsp?data=02/01/2023&jornal=515&pagina=32,Dispõe sobre o macro cronograma do Estudo Internacional de Tendências em Matemática e Ciência - TIMSS 2023.
53,Ordinária,Ministério da Saúde/Gabinete do Ministro,2023-01-02,http://pesquisa.in.gov.br/imprensa/jsp/visualiza/index.jsp?data=02/01/2023&jornal=515&pagina=72,"Renova a qualificação das Unidades Móveis destinadas ao Serviço de Atendimento Móvel de Urgência (SAMU 192) e mantém os recursos do Bloco de Manutenção das Ações e Serviços Públicos de Saúde - Grupo de Atenção Especializada, incorporados ao limite financeiro de Média e Alta Complexidade (MAC), do Estado de Pernambuco e Município de Garanhuns."
54,Ordinária,Ministério da Saúde/Agência Nacional de Vigilância Sanitária/4ª Diretoria/Gerência-Geral de Inspeção e Fiscalização Sanitária,2023-01-02,http://pesquisa.in.gov.br/imprensa/jsp/visualiza/index.jsp?data=02/01/2023&jornal=515&pagina=110,
55,Ordinária,Ministério da Educação/Universidade Federal do Rio de Janeiro,2023-01-02,http://pesquisa.in.gov.br/imprensa/jsp/visualiza/index.jsp?data=02/01/2023&jornal=515&pagina=34,Delega competências ao Diretor do Hospital Universitário Clementino Fraga Filho.
56,Ordinária,Ministério da Infraestrutura/Agência Nacional de Aviação Civil,2023-01-02,http://pesquisa.in.gov.br/imprensa/jsp/visualiza/index.jsp?data=02/01/2023&jornal=515&pagina=37,
57,Ordinária,Ministério da Educação/Universidade Federal Rural da Amazônia,2023-01-02,http://pesquisa.in.gov.br/imprensa/jsp/visualiza/index.jsp?data=02/01/2023&jornal=515&pagina=34,
58,Ordinária,Ministério de Minas e Energia/Agência Nacional de Energia Elétrica/Superintendência de Fiscalização dos Serviços de Geração,2023-01-02,http://pesquisa.in.gov.br/imprensa/jsp/visualiza/index.jsp?data=02/01/2023&jornal=515&pagina=56,
59,Ordinária,Ministério da Educação/Universidade Federal Rural da Amazônia,2023-01-02,http://pesquisa.in.gov.br/imprensa/jsp/visualiza/index.jsp?data=02/01/2023&jornal=515&pagina=34,
60,Ordinária,Ministério da Infraestrutura/Secretaria Nacional de Trânsito,2023-01-02,http://pesquisa.in.gov.br/imprensa/jsp/visualiza/index.jsp?data=02/01/2023&jornal=515&pagina=36,
61,Ordinária,"Ministério da Ciência, Tecnologia e Inovações/Secretaria de Empreendedorismo e Inovação",2023-01-02,http://pesquisa.in.gov.br/imprensa/jsp/visualiza/index.jsp?data=02/01/2023&jornal=515&pagina=18,"Reconhece investimentos em atividades de pesquisa, desenvolvimento e inovação (PD&I) decorrentes de tecnologias desenvolvidas no País, de acordo com o Decreto nº 10.356, de 20 de maio de 2020, e a Portaria MCTI nº 4.514, de 2 de março de 2021, e reconhece a condição de bens e produtos desenvolvidos no País, de acordo com a Portaria MCT nº 950, de 12 de dezembro de 2006."
62,Ordinária,Ministério da Saúde/Agência Nacional de Vigilância Sanitária/4ª Diretoria/Gerência-Geral de Inspeção e Fiscalização Sanitária/Coordenação de Autorização de Funcionamento de Empresas,2023-01-02,http://pesquisa.in.gov.br/imprensa/jsp/visualiza/index.jsp?data=02/01/2023&jornal=515&pagina=113,
63,Ordinária,Ministério da Saúde/Secretaria de Atenção Especializada à Saúde,2023-01-02,http://pesquisa.in.gov.br/imprensa/jsp/visualiza/index.jsp?data=02/01/2023&jornal=515&pagina=90,"Indefere a Concessão do CEBAS da Associação Evangélica Tocantinense, com sede em Guaraí (TO)."
64,Ordinária,Ministério da Saúde/Gabinete do Ministro,2023-01-02,http://pesquisa.in.gov.br/imprensa/jsp/visualiza/index.jsp?data=02/01/2023&jornal=515&pagina=83,"Renova a qualificação da Central de Regulação das Urgências (CRU), Aeromédico e das Unidades Móveis destinadas ao Serviço de Atendimento Móvel de Urgência (SAMU 192) e mantém os recursos do Bloco de Manutenção das Ações e Serviços Públicos de Saúde - Grupo de Atenção Especializada, incorporados ao limite financeiro de Média e Alta Complexidade (MAC), do Estado do Paraná e Municípios."
65,Ordinária,Ministério do Trabalho e Previdência/Gabinete do Ministro,2023-01-02,http://pesquisa.in.gov.br/imprensa/jsp/visualiza/index.jsp?data=02/01/2023&jornal=515&pagina=118,
66,Ordinária,Ministério da Economia/Secretaria Especial da Receita Federal do Brasil/Subsecretaria-Geral da Receita Federal do Brasil/Superintendência Regional da Receita Federal do Brasil 6ª Região Fiscal/Alfândega da Receita Federal do Brasil em Belo Horizonte,2023-01-02,http://pesquisa.in.gov.br/imprensa/jsp/visualiza/index.jsp?data=02/01/2023&jornal=515&pagina=26,Inclusão de interessados no Cadastro de Ajudante de Despachante Aduaneiro
67,Ordinária,Ministério das Comunicações/Agência Nacional de Telecomunicações/Superintendência de Outorga e Recursos à Prestação/Gerência de Outorga e Licenciamento de Estações,2023-01-02,http://pesquisa.in.gov.br/imprensa/jsp/visualiza/index.jsp?data=02/01/2023&jornal=515&pagina=18,
68,Ordinária,Ministério do Turismo/Agência Nacional do Cinema/Superintendência de Fomento,2023-01-02,http://pesquisa.in.gov.br/imprensa/jsp/visualiza/index.jsp?data=02/01/2023&jornal=515&pagina=145,
69,Ordinária,Ministério de Minas e Energia/Agência Nacional de Mineração/Gerência Regional da ANM no Estado do Espírito Santo,2023-01-02,http://pesquisa.in.gov.br/imprensa/jsp/visualiza/index.jsp?data=02/01/2023&jornal=515&pagina=57,
70,Ordinária,Ministério da Saúde/Gabinete do Ministro,2023-01-02,http://pesquisa.in.gov.br/imprensa/jsp/visualiza/index.jsp?data=02/01/2023&jornal=515&pagina=73,"Renova a qualificação da Central de Regulação das Urgências (CRU) e das Unidades Móveis destinadas ao Serviço de Atendimento Móvel de Urgência (SAMU 192) e mantém os recursos do Bloco de Manutenção das Ações e Serviços Públicos de Saúde - Grupo de Atenção Especializada, incorporados ao limite financeiro de Média e Alta Complexidade (MAC), do Estado de São Paulo e Município de Franca."
71,Ordinária,Ministério da Educação/Instituto Nacional de Estudos e Pesquisas Educacionais Anísio Teixeira,2023-01-02,http://pesquisa.in.gov.br/imprensa/jsp/visualiza/index.jsp?data=02/01/2023&jornal=515&pagina=33,"Dispõe sobre o cronograma de divulgação dos Indicadores produzidos pela Diretoria de Avaliação da Educação Superior para o exercício de 2023, no âmbito do Instituto Nacional de Estudos e Pesquisas Educacionais Anísio Teixeira - Inep."
72,Ordinária,"Ministério da Ciência, Tecnologia e Inovações/Secretaria de Empreendedorismo e Inovação",2023-01-02,http://pesquisa.in.gov.br/imprensa/jsp/visualiza/index.jsp?data=02/01/2023&jornal=515&pagina=18,"Reconhece investimentos em atividades de pesquisa, desenvolvimento e inovação (PD&I) decorrentes de tecnologias desenvolvidas no País, de acordo com o Decreto nº 10.356, de 20 de maio de 2020, e a Portaria MCTI nº 4.514, de 2 de março de 2021, e reconhece a condição de bens e produtos desenvolvidos no País, de acordo com a Portaria MCT nº 950, de 12 de dezembro de 2006."
73,Ordinária,Ministério da Saúde/Gabinete do Ministro,2023-01-02,http://pesquisa.in.gov.br/imprensa/jsp/visualiza/index.jsp?data=02/01/2023&jornal=515&pagina=89,
74,Ordinária,Ministério da Saúde/Gabinete do Ministro,2023-01-02,http://pesquisa.in.gov.br/imprensa/jsp/visualiza/index.jsp?data=02/01/2023&jornal=515&pagina=72,"Renova a qualificação das Unidades Móveis destinadas ao Serviço de Atendimento Móvel de Urgência (SAMU 192) e mantém os recursos do Bloco de Manutenção das Ações e Serviços Públicos de Saúde - Grupo de Atenção Especializada, incorporados ao limite financeiro de Média e Alta Complexidade (MAC), do Estado de São Paulo e Municípios."
75,Ordinária,Ministério da Saúde/Gabinete do Ministro,2023-01-02,http://pesquisa.in.gov.br/imprensa/jsp/visualiza/index.jsp?data=02/01/2023&jornal=515&pagina=68,"Renova a qualificação das Unidades Móveis, destinadas ao Serviço de Atendimento Móvel de Urgência (SAMU 192) e mantém os recursos do Bloco de Manutenção das Ações e Serviços Públicos de Saúde - Grupo de Atenção Especializada, incorporados ao limite financeiro de Média e Alta Complexidade (MAC), do Estado de São Paulo e Municípios."
76,Ordinária,Ministério de Minas e Energia/Agência Nacional de Energia Elétrica/Superintendência de Concessões e Autorizações de Geração,2023-01-02,http://pesquisa.in.gov.br/imprensa/jsp/visualiza/index.jsp?data=02/01/2023&jornal=515&pagina=56,
77,Ordinária,Ministério da Infraestrutura/Agência Nacional de Aviação Civil/Superintendência de Infraestrutura Aeroportuária/Gerência de Certificação e Segurança Operacional,2023-01-02,http://pesquisa.in.gov.br/imprensa/jsp/visualiza/index.jsp?data=02/01/2023&jornal=515&pagina=38,
78,Ordinária,Ministério do Turismo/Secretaria Especial de Cultura/Secretaria Nacional de Fomento e Incentivo à Cultura,2023-01-02,http://pesquisa.in.gov.br/imprensa/jsp/visualiza/index.jsp?data=02/01/2023&jornal=515&pagina=145,
79,Ordinária,Ministério do Desenvolvimento Regional/Agência Nacional de Águas e Saneamento Básico/Superintendência de Regulação de Usos de Recursos Hídricos,2023-01-02,http://pesquisa.in.gov.br/imprensa/jsp/visualiza/index.jsp?data=02/01/2023&jornal=515&pagina=20,
80,Ordinária,Ministério da Economia/Secretaria Especial da Receita Federal do Brasil/Subsecretaria-Geral da Receita Federal do Brasil/Superintendência Regional da Receita Federal do Brasil 8ª Região Fiscal/Delegacia da Receita Federal do Brasil em Campinas,2023-01-02,http://pesquisa.in.gov.br/imprensa/jsp/visualiza/index.jsp?data=02/01/2023&jornal=515&pagina=26,Delega competência no âmbito da Delegacia da Receita Federal do Brasil em Campinas.
81,Ordinária,Ministério da Economia/Secretaria Especial do Tesouro e Orçamento/Secretaria do Tesouro Nacional,2023-01-02,http://pesquisa.in.gov.br/imprensa/jsp/visualiza/index.jsp?data=02/01/2023&jornal=515&pagina=27,
82,Ordinária,Ministério da Saúde/Gabinete do Ministro,2023-01-02,http://pesquisa.in.gov.br/imprensa/jsp/visualiza/index.jsp?data=02/01/2023&jornal=515&pagina=85,"Desabilita e cancela a qualificação da Central de Regulação das Urgências (CRU) Vitória (Estadual), atualiza o vínculo das Unidades Móveis, habilita e qualifica a Central de Regulação das Urgências (CRU) Serra (Estadual), destinadas ao Serviço de Atendimento Móvel de Urgência - SAMU 192, mantém recurso de incentivo financeiro de Média e Alta Complexidade (MAC) e especifica a composição do incentivo da habilitação e qualificação do Estado do Espírito Santo."
83,Ordinária,Ministério da Saúde/Secretaria de Atenção Especializada à Saúde,2023-01-02,http://pesquisa.in.gov.br/imprensa/jsp/visualiza/index.jsp?data=02/01/2023&jornal=515&pagina=89,"Indefere a Concessão do CEBAS da Associação Voluntária de Bombeiros Misto de Parobé, com sede em Parobé (RS)."
84,Ordinária,Ministério de Minas e Energia/Agência Nacional de Energia Elétrica/Superintendência de Concessões e Autorizações de Geração,2023-01-02,http://pesquisa.in.gov.br/imprensa/jsp/visualiza/index.jsp?data=02/01/2023&jornal=515&pagina=56,
85,Ordinária,Ministério da Saúde/Agência Nacional de Vigilância Sanitária/3ª Diretoria/Gerência-Geral de Registro e Fiscalização de Produtos Fumígenos Derivados ou Não do Tabaco,2023-01-02,http://pesquisa.in.gov.br/imprensa/jsp/visualiza/index.jsp?data=02/01/2023&jornal=515&pagina=99,
86,Ordinária,Ministério da Educação/Instituto Nacional de Estudos e Pesquisas Educacionais Anísio Teixeira,2023-01-02,http://pesquisa.in.gov.br/imprensa/jsp/visualiza/index.jsp?data=02/01/2023&jornal=515&pagina=32,Dispõe sobre o macro cronograma do Exame Nacional de Revalidação de Diplomas Médicos Expedidos por Instituição de Educação Superior
87,Ordinária,Ministério de Minas e Energia/Agência Nacional de Energia Elétrica/Superintendência de Fiscalização dos Serviços de Geração,2023-01-02,http://pesquisa.in.gov.br/imprensa/jsp/visualiza/index.jsp?data=02/01/2023&jornal=515&pagina=56,
88,Ordinária,Ministério da Saúde/Gabinete do Ministro,2023-01-02,http://pesquisa.in.gov.br/imprensa/jsp/visualiza/index.jsp?data=02/01/2023&jornal=515&pagina=81,"Renova a qualificação da Unidade de Pronto Atendimento (UPA 24h, Dr. Mauro Abrantes Sobrinho) e mantém os recursos do Bloco de Manutenção das Ações e Serviços Públicos de Saúde - Grupo de Atenção Especializada, incorporados ao limite financeiro de Média e Alta Complexidade (MAC), do Estado da Paraíba e Município de Sousa."
89,Ordinária,Ministério da Saúde/Secretaria de Atenção Especializada à Saúde,2023-01-02,http://pesquisa.in.gov.br/imprensa/jsp/visualiza/index.jsp?data=02/01/2023&jornal=515&pagina=90,Inclui membros em equipe de transplante.
90,Ordinária,Ministério da Infraestrutura/Agência Nacional de Transportes Aquaviários,2023-01-02,http://pesquisa.in.gov.br/imprensa/jsp/visualiza/index.jsp?data=02/01/2023&jornal=515&pagina=50,
91,Ordinária,Ministério da Infraestrutura/Agência Nacional de Transportes Terrestres/Superintendência de Serviços de Transporte Rodoviário de Passageiros,2023-01-02,http://pesquisa.in.gov.br/imprensa/jsp/visualiza/index.jsp?data=02/01/2023&jornal=515&pagina=51,
92,Ordinária,Ministério da Saúde/Agência Nacional de Vigilância Sanitária/2ª Diretoria/Gerência-Geral de Alimentos,2023-01-02,http://pesquisa.in.gov.br/imprensa/jsp/visualiza/index.jsp?data=02/01/2023&jornal=515&pagina=96,
93,Ordinária,Ministério da Saúde/Agência Nacional de Vigilância Sanitária/4ª Diretoria/Gerência-Geral de Inspeção e Fiscalização Sanitária/Coordenação de Autorização de Funcionamento de Empresas,2023-01-02,http://pesquisa.in.gov.br/imprensa/jsp/visualiza/index.jsp?data=02/01/2023&jornal=515&pagina=112,
94,Ordinária,Ministério da Saúde/Agência Nacional de Vigilância Sanitária/2ª Diretoria/Gerência-Geral de Medicamentos,2023-01-02,http://pesquisa.in.gov.br/imprensa/jsp/visualiza/index.jsp?data=02/01/2023&jornal=515&pagina=98,
95,Ordinária,Ministério da Saúde/Agência Nacional de Vigilância Sanitária/3ª Diretoria/Gerência-Geral de Tecnologia de Produtos para Saúde,2023-01-02,http://pesquisa.in.gov.br/imprensa/jsp/visualiza/index.jsp?data=02/01/2023&jornal=515&pagina=108,
96,Ordinária,Ministério do Desenvolvimento Regional/Superintendência do Desenvolvimento do Nordeste,2023-01-02,http://pesquisa.in.gov.br/imprensa/jsp/visualiza/index.jsp?data=02/01/2023&jornal=515&pagina=20,"Designa o Diretor Nacional, o Coordenador e o Ordenador de Despesas do Projeto BRA/17/019, firmado entre a Superintendência do Desenvolvimento do Nordeste - SUDENE, o Programa das Nações Unidas para o Desenvolvimento - PNUD e a Agência Brasileira de Cooperação do Ministério das Relações Exteriores, que visa fortalecer a SUDENE para a implementação de processos e projetos de desenvolvimento regional no Nordeste e no Norte dos Estados de Minas Gerais e Espírito Santo, promovendo o desenvolvimento inclusivo e ambientalmente sustentável."
97,Ordinária,Ministério de Minas e Energia/Agência Nacional de Energia Elétrica/Superintendência de Concessões e Autorizações de Geração,2023-01-02,http://pesquisa.in.gov.br/imprensa/jsp/visualiza/index.jsp?data=02/01/2023&jornal=515&pagina=56,
98,Ordinária,"Ministério da Saúde/Agência Nacional de Vigilância Sanitária/5ª Diretoria/Gerência-Geral de Portos, Aeroportos, Fronteiras e Recintos Alfandegados",2023-01-02,http://pesquisa.in.gov.br/imprensa/jsp/visualiza/index.jsp?data=02/01/2023&jornal=515&pagina=117,
99,Ordinária,"Ministério da Agricultura, Pecuária e Abastecimento/Secretaria de Aquicultura e Pesca",2023-01-02,http://pesquisa.in.gov.br/imprensa/jsp/visualiza/index.jsp?data=02/01/2023&jornal=515&pagina=15,"Tornar sem efeito, por determinação judicial, a suspensão da Licença de Pescador Profissional Artesanal de José Ribamar da Silva, CPF: 964.***.***-20, RGP: PA-P0****50-8, prevista na Portaria nº 303, de 16 de julho de 2021, da Secretaria de Aquicultura e Pesca do Ministério da Agricultura, Pecuária e Abastecimento."
100,Ordinária,Ministério da Saúde/Gabinete do Ministro,2023-01-02,http://pesquisa.in.gov.br/imprensa/jsp/visualiza/index.jsp?data=02/01/2023&jornal=515&pagina=65,"Renova a qualificação da Central de Regulação das Urgências (CRU) e das Unidades Móveis destinadas ao Serviço de Atendimento Móvel de Urgência (SAMU 192) e mantém os recursos do Bloco de Manutenção das Ações e Serviços Públicos de Saúde - Grupo de Atenção Especializada, incorporados ao limite financeiro de Média e Alta Complexidade (MAC), do Estado de Minas Gerais."
101,Ordinária,Ministério da Saúde/Agência Nacional de Vigilância Sanitária/2ª Diretoria/Gerência-Geral de Medicamentos,2023-01-02,http://pesquisa.in.gov.br/imprensa/jsp/visualiza/index.jsp?data=02/01/2023&jornal=515&pagina=96,
102,Ordinária,Ministério da Saúde/Gabinete do Ministro,2023-01-02,http://pesquisa.in.gov.br/imprensa/jsp/visualiza/index.jsp?data=02/01/2023&jornal=515&pagina=71,"Renova a qualificação da Unidade de Pronto Atendimento (UPA 24h Cajuru) e mantém os recursos do Bloco de Manutenção das Ações e Serviços Públicos de Saúde - Grupo de Atenção Especializada, incorporados ao limite financeiro de Média e Alta Complexidade (MAC), do Estado do Paraná e Município de Curitiba."
103,Ordinária,Ministério da Saúde/Agência Nacional de Vigilância Sanitária/2ª Diretoria/Gerência-Geral de Alimentos,2023-01-02,http://pesquisa.in.gov.br/imprensa/jsp/visualiza/index.jsp?data=02/01/2023&jornal=515&pagina=95,
104,Ordinária,Ministério da Saúde/Agência Nacional de Vigilância Sanitária/4ª Diretoria/Gerência-Geral de Inspeção e Fiscalização Sanitária,2023-01-02,http://pesquisa.in.gov.br/imprensa/jsp/visualiza/index.jsp?data=02/01/2023&jornal=515&pagina=110,
105,Ordinária,Ministério das Comunicações/Agência Nacional de Telecomunicações/Superintendência de Fiscalização/Gerência Regional nos Estados do Paraná e Santa Catarina,2023-01-02,http://pesquisa.in.gov.br/imprensa/jsp/visualiza/index.jsp?data=02/01/2023&jornal=515&pagina=18,
106,Ordinária,Ministério da Saúde/Gabinete do Ministro,2023-01-02,http://pesquisa.in.gov.br/imprensa/jsp/visualiza/index.jsp?data=02/01/2023&jornal=515&pagina=67,"Renova a qualificação da Unidade de Pronto Atendimento (UPA 24h, Dra. Marize Reis Stefanini) e mantém os recursos do Bloco de Manutenção das Ações e Serviços Públicos de Saúde - Grupo de Atenção Especializada, incorporados ao limite financeiro de Média e Alta Complexidade (MAC), do Estado de São Paulo e Município de Fernandópolis."
107,Ordinária,Ministério da Infraestrutura/Secretaria Nacional de Trânsito,2023-01-02,http://pesquisa.in.gov.br/imprensa/jsp/visualiza/index.jsp?data=02/01/2023&jornal=515&pagina=37,
108,Ordinária,Ministério da Saúde/Agência Nacional de Vigilância Sanitária/3ª Diretoria/Gerência-Geral de Tecnologia de Produtos para Saúde,2023-01-02,http://pesquisa.in.gov.br/imprensa/jsp/visualiza/index.jsp?data=02/01/2023&jornal=515&pagina=102,
109,Ordinária,Ministério da Infraestrutura/Agência Nacional de Transportes Terrestres/Superintendência de Infraestrutura Rodoviária,2023-01-02,http://pesquisa.in.gov.br/imprensa/jsp/visualiza/index.jsp?data=02/01/2023&jornal=515&pagina=51,"Autoriza a implantação de equipamentos de monitoramento na rodovia BR-101/ES, sob concessão à Eco101 Concessionária de Rodovias S.A. - ECO101 - Interessado: Consórcio Pedras Verdes"
110,Ordinária,"Ministério da Saúde/Agência Nacional de Vigilância Sanitária/2ª Diretoria/Gerência-Geral de Produtos Biológicos, Radiofármacos, Sangue, Tecidos, Células, Órgãos e Prod de Terapias Avan",2023-01-02,http://pesquisa.in.gov.br/imprensa/jsp/visualiza/index.jsp?data=02/01/2023&jornal=515&pagina=99,
111,Ordinária,"Ministério da Agricultura, Pecuária e Abastecimento/Secretaria de Aquicultura e Pesca",2023-01-02,http://pesquisa.in.gov.br/imprensa/jsp/visualiza/index.jsp?data=02/01/2023&jornal=515&pagina=1,"Estabelece as Modalidades de Pesca, as Modalidades de Pesca Complementares e as normas gerais para embarcações de pesca brasileiras para o uso sustentável dos recursos pesqueiros."
112,Ordinária,Ministério da Economia/Secretaria Especial da Receita Federal do Brasil/Subsecretaria-Geral da Receita Federal do Brasil/Superintendência Regional da Receita Federal do Brasil 6ª Região Fiscal/Alfândega da Receita Federal do Brasil em Belo Horizonte,2023-01-02,http://pesquisa.in.gov.br/imprensa/jsp/visualiza/index.jsp?data=02/01/2023&jornal=515&pagina=26,Inclusão de interessados no Cadastro de Ajudante de Despachante Aduaneiro
113,Ordinária,Ministério da Saúde/Gabinete do Ministro,2023-01-02,http://pesquisa.in.gov.br/imprensa/jsp/visualiza/index.jsp?data=02/01/2023&jornal=515&pagina=80,"Renova a qualificação da Unidade de Pronto Atendimento (UPA 24h, Campo dos Alemães) e mantém os recursos do Bloco de Manutenção das Ações e Serviços Públicos de Saúde - Grupo de Atenção Especializada, incorporados ao limite financeiro de Média e Alta Complexidade (MAC), do Estado de São Paulo e Município de São José dos Campos."
114,Ordinária,Ministério da Saúde/Gabinete do Ministro,2023-01-02,http://pesquisa.in.gov.br/imprensa/jsp/visualiza/index.jsp?data=02/01/2023&jornal=515&pagina=71,"Renova a qualificação da Central de Regulação das Urgências (CRU) e de Unidades Móveis, destinadas ao Serviço de Atendimento Móvel de Urgência (SAMU 192) e mantém os recursos do Bloco de Manutenção das Ações e Serviços Públicos de Saúde - Grupo de Atenção Especializada, incorporados ao limite financeiro de Média e Alta Complexidade (MAC), do Estado da Bahia, Municípios de Porto Seguro e Eunápolis."
115,Ordinária,Ministério da Saúde/Gabinete do Ministro,2023-01-02,http://pesquisa.in.gov.br/imprensa/jsp/visualiza/index.jsp?data=02/01/2023&jornal=515&pagina=82,Desabilita Centro de Reabilitação Auditiva na Média Complexidade e habilita Centro de Reabilitação Auditiva na Alta Complexidade.
116,Ordinária,Ministério da Saúde/Gabinete do Ministro,2023-01-02,http://pesquisa.in.gov.br/imprensa/jsp/visualiza/index.jsp?data=02/01/2023&jornal=515&pagina=81,"Renova a qualificação das Unidades Móveis, destinadas ao Serviço de Atendimento Móvel de Urgência (SAMU 192) e mantém os recursos do Bloco de Manutenção das Ações e Serviços Públicos de Saúde - Grupo de Atenção Especializada, incorporados ao limite financeiro de Média e Alta Complexidade (MAC), do Estado do Paraná e Municípios."
117,Ordinária,Ministério da Saúde/Agência Nacional de Vigilância Sanitária/3ª Diretoria/Gerência-Geral de Toxicologia,2023-01-02,http://pesquisa.in.gov.br/imprensa/jsp/visualiza/index.jsp?data=02/01/2023&jornal=515&pagina=109,
118,Ordinária,Ministério da Justiça e Segurança Pública,2023-01-02,http://pesquisa.in.gov.br/imprensa/jsp/visualiza/index.jsp?data=02/01/2023&jornal=515&pagina=52,"Dispõe sobre os procedimentos, prazos e valores relativos aos serviços de reprodução, emissão de certidão e autenticação de documentos custodiados pelo Arquivo Nacional"
119,Ordinária,Ministério da Infraestrutura/Agência Nacional de Transportes Terrestres/Superintendência de Serviços de Transporte Rodoviário de Passageiros,2023-01-02,http://pesquisa.in.gov.br/imprensa/jsp/visualiza/index.jsp?data=02/01/2023&jornal=515&pagina=50,
120,Ordinária,Ministério da Saúde/Gabinete do Ministro,2023-01-02,http://pesquisa.in.gov.br/imprensa/jsp/visualiza/index.jsp?data=02/01/2023&jornal=515&pagina=76,"Renova a qualificação e especifica a composição do incentivo da Unidade de Suporte Básico (USB) do Serviço de Atendimento Móvel de Urgência (SAMU 192), e mantém os recursos do Bloco de Manutenção das Ações e Serviços Públicos de Saúde - Grupo de Atenção Especializada incorporados ao limite financeiro de Média e Alta Complexidade (MAC) do Estado do Piauí e Município de Oeiras."
121,Ordinária,Ministério da Infraestrutura/Departamento Nacional de Infraestrutura de Transportes/Diretoria de Planejamento e Pesquisa,2023-01-02,http://pesquisa.in.gov.br/imprensa/jsp/visualiza/index.jsp?data=02/01/2023&jornal=515&pagina=51,
122,Ordinária,Ministério da Educação/Instituto Nacional de Estudos e Pesquisas Educacionais Anísio Teixeira,2023-01-02,http://pesquisa.in.gov.br/imprensa/jsp/visualiza/index.jsp?data=02/01/2023&jornal=515&pagina=33,"Dispõe sobre os períodos para coleta de dados e as datas para publicação e divulgação dos indicadores de cálculo das metas do Plano Nacional de Educação - PNE, no exercício de 2023, sob a responsabilidade do Instituto Nacional de Estudos e Pesquisas Educacionais Anísio Teixeira"
123,Ordinária,Ministério da Saúde/Gabinete do Ministro,2023-01-02,http://pesquisa.in.gov.br/imprensa/jsp/visualiza/index.jsp?data=02/01/2023&jornal=515&pagina=88,"Renova a qualificação da Unidade de Pronto Atendimento (UPA 24h, Pentecoste) e mantém os recursos do Bloco de Manutenção das Ações e Serviços Públicos de Saúde - Grupo de Atenção Especializada, incorporados ao limite financeiro de Média e Alta Complexidade (MAC), do Estado do Ceará e Município de Pentecoste (CE)."
124,Ordinária,Ministério da Saúde/Gabinete do Ministro,2023-01-02,http://pesquisa.in.gov.br/imprensa/jsp/visualiza/index.jsp?data=02/01/2023&jornal=515&pagina=87,"Renova a qualificação da Unidade de Suporte Básico (USB) destinada ao Serviço de Atendimento Móvel de Urgência (SAMU 192), mantém os recursos do Bloco de Manutenção das Ações e Serviços Públicos de Saúde - Grupo de Atenção Especializada incorporados ao limite financeiro de Média e Alta Complexidade (MAC) do Estado do Paraná e Município de Quitandinha e especifica os valores da habilitação e qualificação."
125,Ordinária,Ministério da Infraestrutura/Secretaria Nacional de Trânsito,2023-01-02,http://pesquisa.in.gov.br/imprensa/jsp/visualiza/index.jsp?data=02/01/2023&jornal=515&pagina=36,Institui o processo para designação de Organismo de Certificação Designado (OCD) para a execução de serviços de certificação de conformidade de identificação e segurança de veículos junto à Secretaria Nacional de Trânsito (SENATRAN).
126,Ordinária,Ministério da Cidadania/Gabinete do Ministro,2023-01-02,http://pesquisa.in.gov.br/imprensa/jsp/visualiza/index.jsp?data=02/01/2023&jornal=515&pagina=17,Instituir o PROGRAMA NÚCLEO DE ESPORTE DE BASE PARA O ALTO RENDIMENTO - NEBAR no âmbito do Ministério da Cidadania e tornar pública a aprovação da Diretriz do PROGRAMA NEBAR.
127,Ordinária,Ministério do Meio Ambiente/Gabinete do Ministro,2023-01-02,http://pesquisa.in.gov.br/imprensa/jsp/visualiza/index.jsp?data=02/01/2023&jornal=515&pagina=55,
128,Ordinária,Ministério da Infraestrutura/Agência Nacional de Transportes Aquaviários/Superintendência de Fiscalização e Coordenação das Unidades Regionais/Gerência Regional de Belém,2023-01-02,http://pesquisa.in.gov.br/imprensa/jsp/visualiza/index.jsp?data=02/01/2023&jornal=515&pagina=50,
129,Ordinária,Ministério da Saúde/Secretaria de Atenção Especializada à Saúde,2023-01-02,http://pesquisa.in.gov.br/imprensa/jsp/visualiza/index.jsp?data=02/01/2023&jornal=515&pagina=90,"Defere, em grau de Reconsideração, a Renovação do CEBAS da Associação Beneficente Síria, com sede em São Paulo (SP)."
130,Ordinária,Ministério da Economia/Gabinete do Ministro,2023-01-02,http://pesquisa.in.gov.br/imprensa/jsp/visualiza/index.jsp?data=02/01/2023&jornal=515&pagina=21,"Define os códigos da Classificação Nacional de Atividades Econômicas - CNAE abrangidos pelo disposto no art. 4º da Lei nº 14.148, de 3 de maio de 2021."
131,Ordinária,Ministério da Infraestrutura/Agência Nacional de Transportes Terrestres/Superintendência de Serviços de Transporte Rodoviário de Passageiros,2023-01-02,http://pesquisa.in.gov.br/imprensa/jsp/visualiza/index.jsp?data=02/01/2023&jornal=515&pagina=51,
132,Ordinária,Ministério da Economia/Secretaria Especial da Receita Federal do Brasil/Subsecretaria-Geral da Receita Federal do Brasil/Superintendência Regional da Receita Federal do Brasil 2ª Região Fiscal/Alfândega da Receita Federal do Brasil no Porto de Manaus,2023-01-02,http://pesquisa.in.gov.br/imprensa/jsp/visualiza/index.jsp?data=02/01/2023&jornal=515&pagina=25,Habilita a empresa mencionada ao procedimento simplificado de internação.
133,Ordinária,"Ministério da Economia/Instituto Nacional de Metrologia, Qualidade e Tecnologia/Diretoria de Metrologia Legal",2023-01-02,http://pesquisa.in.gov.br/imprensa/jsp/visualiza/index.jsp?data=02/01/2023&jornal=515&pagina=27,
134,Ordinária,Ministério do Turismo/Fundação Biblioteca Nacional,2023-01-02,http://pesquisa.in.gov.br/imprensa/jsp/visualiza/index.jsp?data=02/01/2023&jornal=515&pagina=146,
135,Ordinária,Ministério da Saúde/Gabinete do Ministro,2023-01-02,http://pesquisa.in.gov.br/imprensa/jsp/visualiza/index.jsp?data=02/01/2023&jornal=515&pagina=88,"Habilita o AISI Hospital de Clínicas de Itajubá como Unidade de Atenção Especializada em Oftalmologia e estabelece recurso do Bloco de Manutenção das Ações e Serviços Públicos de Saúde - Grupo de Atenção Especializada, a ser incorporado ao limite financeiro de Média e Alta Complexidade - MAC do Estado de Minas Gerais e Município de Itajubá."
136,Ordinária,Ministério da Saúde/Gabinete do Ministro,2023-01-02,http://pesquisa.in.gov.br/imprensa/jsp/visualiza/index.jsp?data=02/01/2023&jornal=515&pagina=84,"Renova a qualificação da Unidade de Pronto Atendimento (UPA 24h, Autran Nunes) e mantém os recursos do Bloco de Manutenção das Ações e Serviços Públicos de Saúde - Grupo de Atenção Especializada, incorporados ao limite financeiro de Média e Alta Complexidade (MAC), do Estado do Ceará e Município de Fortaleza."
137,Ordinária,Ministério da Infraestrutura/Agência Nacional de Aviação Civil/Superintendência de Pessoal da Aviação Civil/Gerência de Certificação de Pessoal/Coordenadoria de Certificação Médica Aeronáutica,2023-01-02,http://pesquisa.in.gov.br/imprensa/jsp/visualiza/index.jsp?data=02/01/2023&jornal=515&pagina=50,
138,Ordinária,Ministério da Saúde/Fundação Nacional de Saúde,2023-01-02,http://pesquisa.in.gov.br/imprensa/jsp/visualiza/index.jsp?data=02/01/2023&jornal=515&pagina=118,Aprova a atualização do Plano de Comunicação Institucional da Fundação Nacional de Saúde - PCI-Funasa - para a versão 1.4.
139,Ordinária,Ministério de Minas e Energia/Agência Nacional de Mineração/Superintendência de Segurança de Barragens de Mineração/Coordenação de Planejamento e Gestão de Barragens de Mineração- Eixo Central/MG,2023-01-02,http://pesquisa.in.gov.br/imprensa/jsp/visualiza/index.jsp?data=02/01/2023&jornal=515&pagina=58,
140,Ordinária,Ministério da Saúde/Secretaria de Atenção Especializada à Saúde,2023-01-02,http://pesquisa.in.gov.br/imprensa/jsp/visualiza/index.jsp?data=02/01/2023&jornal=515&pagina=90,"Indefere a Concessão do CEBAS do Lithocenter Hospital Dia, com sede em Salvador (BA)."
141,Ordinária,Ministério do Trabalho e Previdência/Secretaria de Trabalho/Subsecretaria de Relações do Trabalho/Coordenação-Geral de Registro Sindical,2023-01-02,http://pesquisa.in.gov.br/imprensa/jsp/visualiza/index.jsp?data=02/01/2023&jornal=515&pagina=119,
142,Ordinária,Ministério das Comunicações/Agência Nacional de Telecomunicações/Superintendência de Outorga e Recursos à Prestação/Gerência de Outorga e Licenciamento de Estações,2023-01-02,http://pesquisa.in.gov.br/imprensa/jsp/visualiza/index.jsp?data=02/01/2023&jornal=515&pagina=18,
143,Ordinária,Ministério da Educação/Secretaria de Regulação e Supervisão da Educação Superior,2023-01-02,http://pesquisa.in.gov.br/imprensa/jsp/visualiza/index.jsp?data=02/01/2023&jornal=515&pagina=31,
144,Ordinária,Ministério da Saúde/Gabinete do Ministro,2023-01-02,http://pesquisa.in.gov.br/imprensa/jsp/visualiza/index.jsp?data=02/01/2023&jornal=515&pagina=89,
145,Ordinária,Ministério da Saúde/Gabinete do Ministro,2023-01-02,http://pesquisa.in.gov.br/imprensa/jsp/visualiza/index.jsp?data=02/01/2023&jornal=515&pagina=63,"Renova a qualificação da Unidade de Pronto Atendimento (UPA 24h, Vassoural) e mantém os recursos do Bloco de Manutenção das Ações e Serviços Públicos de Saúde - Grupo de Atenção Especializada, incorporados ao limite financeiro de Média e Alta Complexidade (MAC), do Estado de Pernambuco e Município de Caruaru."
146,Ordinária,Ministério do Turismo/Gabinete do Ministro,2023-01-02,http://pesquisa.in.gov.br/imprensa/jsp/visualiza/index.jsp?data=02/01/2023&jornal=515&pagina=145,"Dispõe sobre competência para realizar atos de gestão no âmbito do Ministério do Turismo e entidades a ele vinculadas, e dá outras providências."
147,Ordinária,Ministério da Educação/Instituto Nacional de Estudos e Pesquisas Educacionais Anísio Teixeira,2023-01-02,http://pesquisa.in.gov.br/imprensa/jsp/visualiza/index.jsp?data=02/01/2023&jornal=515&pagina=32,Dispõe sobre o macro cronograma do Certificado de Proficiência em Língua Portuguesa para Estrangeiros - Celpe-Bras 2023.
148,Ordinária,Ministério de Minas e Energia/Agência Nacional de Mineração/Gerência Regional da ANM no Estado do Amapá,2023-01-02,http://pesquisa.in.gov.br/imprensa/jsp/visualiza/index.jsp?data=02/01/2023&jornal=515&pagina=57,
149,Ordinária,Ministério do Trabalho e Previdência/Superintendência Nacional de Previdência Complementar/Diretoria de Licenciamento,2023-01-02,http://pesquisa.in.gov.br/imprensa/jsp/visualiza/index.jsp?data=02/01/2023&jornal=515&pagina=119,
150,Ordinária,Ministério da Economia/Secretaria Especial da Receita Federal do Brasil/Subsecretaria-Geral da Receita Federal do Brasil/Superintendência Regional da Receita Federal do Brasil 2ª Região Fiscal/Alfândega da Receita Federal do Brasil no Porto de Manaus,2023-01-02,http://pesquisa.in.gov.br/imprensa/jsp/visualiza/index.jsp?data=02/01/2023&jornal=515&pagina=26,Habilita a empresa mencionada ao procedimento simplificado de internação.
151,Ordinária,Ministério do Desenvolvimento Regional/Secretaria Nacional de Proteção e Defesa Civil,2023-01-02,http://pesquisa.in.gov.br/imprensa/jsp/visualiza/index.jsp?data=02/01/2023&jornal=515&pagina=19,"Autoriza a transferência de recursos ao Município de Juranda - PR, para a execução de ações de Defesa Civil."
152,Ordinária,Ministério da Saúde/Gabinete do Ministro,2023-01-02,http://pesquisa.in.gov.br/imprensa/jsp/visualiza/index.jsp?data=02/01/2023&jornal=515&pagina=78,"Renova a qualificação da Unidade de Pronto Atendimento (UPA 24h, Dr. Luis Atílio Losi Viana) e mantém os recursos do Bloco de Manutenção das Ações e Serviços Públicos de Saúde - Grupo de Atenção Especializada, incorporados ao limite financeiro de Média e Alta Complexidade (MAC), do Estado de São Paulo e Município de Ribeirão Preto."
153,Ordinária,Ministério das Comunicações/Agência Nacional de Telecomunicações/Superintendência de Outorga e Recursos à Prestação/Gerência de Outorga e Licenciamento de Estações,2023-01-02,http://pesquisa.in.gov.br/imprensa/jsp/visualiza/index.jsp?data=02/01/2023&jornal=515&pagina=19,
154,Ordinária,Ministério da Saúde/Agência Nacional de Vigilância Sanitária/4ª Diretoria/Gerência de Laboratórios de Saúde Pública,2023-01-02,http://pesquisa.in.gov.br/imprensa/jsp/visualiza/index.jsp?data=02/01/2023&jornal=515&pagina=116,
155,Ordinária,Ministério da Educação/Instituto Nacional de Estudos e Pesquisas Educacionais Anísio Teixeira,2023-01-02,http://pesquisa.in.gov.br/imprensa/jsp/visualiza/index.jsp?data=02/01/2023&jornal=515&pagina=32,"Dispõe sobre o cronograma de divulgação dos Indicadores produzidos pela Diretoria de Estatísticas Educacionais para o exercício de 2023, no âmbito do Instituto Nacional de Estudos e Pesquisas Educacionais Anísio Teixeira - Inep."
156,Ordinária,"Ministério da Agricultura, Pecuária e Abastecimento/Secretaria Executiva/Superintendência Federal de Agricultura, Pecuária e Abastecimento de Santa Catarina",2023-01-02,http://pesquisa.in.gov.br/imprensa/jsp/visualiza/index.jsp?data=02/01/2023&jornal=515&pagina=1,
157,Ordinária,Ministério de Minas e Energia/Agência Nacional de Energia Elétrica/Superintendência de Regulação dos Serviços de Geração,2023-01-02,http://pesquisa.in.gov.br/imprensa/jsp/visualiza/index.jsp?data=02/01/2023&jornal=515&pagina=56,
158,Ordinária,Ministério de Minas e Energia/Agência Nacional de Mineração/Gerência Regional da ANM no Estado de Mato Grosso do Sul,2023-01-02,http://pesquisa.in.gov.br/imprensa/jsp/visualiza/index.jsp?data=02/01/2023&jornal=515&pagina=57,
159,Ordinária,"Ministério da Mulher, da Família e dos Direitos Humanos",2023-01-02,http://pesquisa.in.gov.br/imprensa/jsp/visualiza/index.jsp?data=02/01/2023&jornal=515&pagina=59,Dispõe sobre o Regimento Interno do Conselho Nacional Conselho Nacional dos Direitos da Mulher - CNDM
160,Ordinária,Ministério das Comunicações/Agência Nacional de Telecomunicações/Superintendência de Outorga e Recursos à Prestação/Gerência de Outorga e Licenciamento de Estações,2023-01-02,http://pesquisa.in.gov.br/imprensa/jsp/visualiza/index.jsp?data=02/01/2023&jornal=515&pagina=19,
161,Ordinária,Ministério da Saúde/Gabinete do Ministro,2023-01-02,http://pesquisa.in.gov.br/imprensa/jsp/visualiza/index.jsp?data=02/01/2023&jornal=515&pagina=63,"Renova a qualificação da Unidade de Pronto Atendimento (UPA 24h, Praia do Futuro) e mantém os recursos do Bloco de Manutenção das Ações e Serviços Públicos de Saúde - Grupo de Atenção Especializada, incorporados ao limite financeiro de Média e Alta Complexidade (MAC), do Estado do Ceará e Município de Fortaleza."
162,Ordinária,Ministério da Infraestrutura/Agência Nacional de Transportes Terrestres/Superintendência de Serviços de Transporte Rodoviário de Passageiros,2023-01-02,http://pesquisa.in.gov.br/imprensa/jsp/visualiza/index.jsp?data=02/01/2023&jornal=515&pagina=51,
163,Ordinária,"Ministério da Agricultura, Pecuária e Abastecimento/Secretaria de Defesa Agropecuária",2023-01-02,http://pesquisa.in.gov.br/imprensa/jsp/visualiza/index.jsp?data=02/01/2023&jornal=515&pagina=15,Solicita subsídios para fomentar a discussão sobre a proposta de regulamentação de controles aplicados à rastreabilidade na cadeia produtiva das carnes de bovinos e de búfalos no Brasil.
164,Ordinária,Ministério da Economia/Secretaria Especial do Programa de Parcerias de Investimentos,2023-01-02,http://pesquisa.in.gov.br/imprensa/jsp/visualiza/index.jsp?data=02/01/2023&jornal=515&pagina=24,
165,Ordinária,Ministério do Desenvolvimento Regional/Agência Nacional de Águas e Saneamento Básico/Superintendência de Regulação de Usos de Recursos Hídricos,2023-01-02,http://pesquisa.in.gov.br/imprensa/jsp/visualiza/index.jsp?data=02/01/2023&jornal=515&pagina=20,
166,Ordinária,"Ministério de Minas e Energia/Agência Nacional do Petróleo, Gás Natural e Biocombustíveis/Diretoria I/Superintendência de Distribuição e Logística",2023-01-02,http://pesquisa.in.gov.br/imprensa/jsp/visualiza/index.jsp?data=02/01/2023&jornal=515&pagina=58,
167,Ordinária,Ministério da Saúde/Gabinete do Ministro,2023-01-02,http://pesquisa.in.gov.br/imprensa/jsp/visualiza/index.jsp?data=02/01/2023&jornal=515&pagina=66,"Renova a qualificação da Central de Regulação das Urgências (CRU) e das Unidades Móveis destinadas ao Serviço de Atendimento Móvel de Urgência (SAMU 192), mantém os recursos do Bloco de Manutenção das Ações e Serviços Públicos de Saúde - Grupo de Atenção Especializada incorporados ao limite financeiro de Média e Alta Complexidade (MAC) do estado do Rio de Janeiro e municípios e especifica os valores da habilitação e qualificação."
168,Ordinária,Ministério da Justiça e Segurança Pública/Conselho Administrativo de Defesa Econômica/Superintendência-Geral,2023-01-02,http://pesquisa.in.gov.br/imprensa/jsp/visualiza/index.jsp?data=02/01/2023&jornal=515&pagina=55,
169,Ordinária,Ministério de Minas e Energia/Secretaria de Planejamento e Desenvolvimento Energético,2023-01-02,http://pesquisa.in.gov.br/imprensa/jsp/visualiza/index.jsp?data=02/01/2023&jornal=515&pagina=56,
170,Ordinária,Ministério da Saúde/Agência Nacional de Vigilância Sanitária/4ª Diretoria/Gerência-Geral de Inspeção e Fiscalização Sanitária,2023-01-02,http://pesquisa.in.gov.br/imprensa/jsp/visualiza/index.jsp?data=02/01/2023&jornal=515&pagina=112,
171,Ordinária,"Ministério da Saúde/Agência Nacional de Vigilância Sanitária/5ª Diretoria/Gerência-Geral de Portos, Aeroportos, Fronteiras e Recintos Alfandegados",2023-01-02,http://pesquisa.in.gov.br/imprensa/jsp/visualiza/index.jsp?data=02/01/2023&jornal=515&pagina=116,
172,Ordinária,Ministério da Saúde/Gabinete do Ministro,2023-01-02,http://pesquisa.in.gov.br/imprensa/jsp/visualiza/index.jsp?data=02/01/2023&jornal=515&pagina=74,"Renova a qualificação da Unidade de Pronto Atendimento (UPA 24h, Unidade de Pronto Atendimento da Jurema) e mantém os recursos do Bloco de Manutenção das Ações e Serviços Públicos de Saúde - Grupo de Atenção Especializada, incorporados ao limite financeiro de Média e Alta Complexidade (MAC), do Estado do Ceará e Município de Caucaia."
173,Ordinária,Ministério do Desenvolvimento Regional/Gabinete do Ministro,2023-01-02,http://pesquisa.in.gov.br/imprensa/jsp/visualiza/index.jsp?data=02/01/2023&jornal=515&pagina=19,"Divulga o resultado do processo de seleção de propostas de operação de crédito do Programa de Atendimento Habitacional através do Poder Público - Pró-Moradia, operado com recursos do Fundo de Garantia do Tempo de Serviço (FGTS), exercício 2022."
174,Ordinária,Ministério das Comunicações/Agência Nacional de Telecomunicações/Superintendência de Fiscalização/Gerência Regional no Estado de São Paulo,2023-01-02,http://pesquisa.in.gov.br/imprensa/jsp/visualiza/index.jsp?data=02/01/2023&jornal=515&pagina=18,
175,Ordinária,Ministério da Economia/Conselho Administrativo de Recursos Fiscais/2ª Seção/3ª Câmara/1ª Turma Ordinária,2023-01-02,http://pesquisa.in.gov.br/imprensa/jsp/visualiza/index.jsp?data=02/01/2023&jornal=515&pagina=23,
176,Ordinária,Ministério da Economia/Secretaria Especial da Receita Federal do Brasil/Subsecretaria-Geral da Receita Federal do Brasil/Superintendência Regional da Receita Federal do Brasil 2ª Região Fiscal/Alfândega da Receita Federal do Brasil no Porto de Manaus,2023-01-02,http://pesquisa.in.gov.br/imprensa/jsp/visualiza/index.jsp?data=02/01/2023&jornal=515&pagina=25,Habilita a empresa mencionada ao procedimento simplificado de internação.
177,Ordinária,Ministério de Minas e Energia/Agência Nacional de Energia Elétrica/Superintendência de Regulação dos Serviços de Distribuição,2023-01-02,http://pesquisa.in.gov.br/imprensa/jsp/visualiza/index.jsp?data=02/01/2023&jornal=515&pagina=56,
178,Ordinária,Ministério da Justiça e Segurança Pública/Gabinete do Ministro,2023-01-02,http://pesquisa.in.gov.br/imprensa/jsp/visualiza/index.jsp?data=02/01/2023&jornal=515&pagina=52,
179,Ordinária,Ministério de Minas e Energia/Agência Nacional de Mineração/Gerência Regional da ANM no Estado do Rio Grande do Norte,2023-01-02,http://pesquisa.in.gov.br/imprensa/jsp/visualiza/index.jsp?data=02/01/2023&jornal=515&pagina=58,
180,Ordinária,Ministério da Infraestrutura/Agência Nacional de Transportes Terrestres,2023-01-02,http://pesquisa.in.gov.br/imprensa/jsp/visualiza/index.jsp?data=02/01/2023&jornal=515&pagina=50,
181,Ordinária,Ministério da Saúde/Agência Nacional de Vigilância Sanitária/4ª Diretoria/Gerência-Geral de Inspeção e Fiscalização Sanitária/Coordenação de Autorização de Funcionamento de Empresas,2023-01-02,http://pesquisa.in.gov.br/imprensa/jsp/visualiza/index.jsp?data=02/01/2023&jornal=515&pagina=116,
182,Ordinária,Ministério da Saúde/Agência Nacional de Saúde Suplementar,2023-01-02,http://pesquisa.in.gov.br/imprensa/jsp/visualiza/index.jsp?data=02/01/2023&jornal=515&pagina=94,Dispõe sobre a garantia de atendimento dos beneficiários de plano privado de assistência à saúde.
183,Ordinária,Ministério da Economia/Secretaria Especial da Receita Federal do Brasil/Subsecretaria-Geral da Receita Federal do Brasil/Superintendência Regional da Receita Federal do Brasil 2ª Região Fiscal/Alfândega da Receita Federal do Brasil no Porto de Manaus,2023-01-02,http://pesquisa.in.gov.br/imprensa/jsp/visualiza/index.jsp?data=02/01/2023&jornal=515&pagina=26,Habilita a empresa mencionada ao procedimento simplificado de internação.
184,Ordinária,Ministério da Saúde/Agência Nacional de Vigilância Sanitária/4ª Diretoria/Gerência-Geral de Inspeção e Fiscalização Sanitária,2023-01-02,http://pesquisa.in.gov.br/imprensa/jsp/visualiza/index.jsp?data=02/01/2023&jornal=515&pagina=111,
185,Ordinária,Ministério da Saúde/Agência Nacional de Vigilância Sanitária/4ª Diretoria/Gerência-Geral de Inspeção e Fiscalização Sanitária/Coordenação de Autorização de Funcionamento de Empresas,2023-01-02,http://pesquisa.in.gov.br/imprensa/jsp/visualiza/index.jsp?data=02/01/2023&jornal=515&pagina=112,
186,Ordinária,Ministério da Infraestrutura/Agência Nacional de Transportes Aquaviários/Superintendência de Fiscalização e Coordenação das Unidades Regionais/Gerência de Apoio Técnico,2023-01-02,http://pesquisa.in.gov.br/imprensa/jsp/visualiza/index.jsp?data=02/01/2023&jornal=515&pagina=50,
187,Ordinária,Ministério da Saúde/Gabinete do Ministro,2023-01-02,http://pesquisa.in.gov.br/imprensa/jsp/visualiza/index.jsp?data=02/01/2023&jornal=515&pagina=87,"Renova a qualificação da Unidade de Pronto Atendimento (UPA 24h Itaperi) e mantém os recursos do Bloco de Manutenção das Ações e Serviços Públicos de Saúde - Grupo de Atenção Especializada, incorporados ao limite financeiro de Média e Alta Complexidade (MAC), do Estado do Ceará e Município de Fortaleza."
188,Ordinária,"Ministério da Saúde/Agência Nacional de Vigilância Sanitária/5ª Diretoria/Gerência-Geral de Portos, Aeroportos, Fronteiras e Recintos Alfandegados",2023-01-02,http://pesquisa.in.gov.br/imprensa/jsp/visualiza/index.jsp?data=02/01/2023&jornal=515&pagina=116,
189,Ordinária,Ministério da Educação/Secretaria de Regulação e Supervisão da Educação Superior,2023-01-02,http://pesquisa.in.gov.br/imprensa/jsp/visualiza/index.jsp?data=02/01/2023&jornal=515&pagina=29,
190,Ordinária,"Ministério das Comunicações/Agência Nacional de Telecomunicações/Superintendência de Fiscalização/Gerência Regional nos Estados do Pará, Maranhão e Amapá",2023-01-02,http://pesquisa.in.gov.br/imprensa/jsp/visualiza/index.jsp?data=02/01/2023&jornal=515&pagina=18,
191,Ordinária,Ministério da Saúde/Gabinete do Ministro,2023-01-02,http://pesquisa.in.gov.br/imprensa/jsp/visualiza/index.jsp?data=02/01/2023&jornal=515&pagina=79,"Renova a qualificação da Unidade de Pronto Atendimento (UPA 24h) e mantém os recursos do Bloco de Manutenção das Ações e Serviços Públicos de Saúde - Grupo de Atenção Especializada, incorporados ao limite financeiro de Média e Alta Complexidade (MAC), do Estado de Alagoas e Município de Coruripe."
192,Ordinária,Ministério de Minas e Energia/Agência Nacional de Mineração/Gerência Regional da ANM no Estado do Espírito Santo,2023-01-02,http://pesquisa.in.gov.br/imprensa/jsp/visualiza/index.jsp?data=02/01/2023&jornal=515&pagina=58,
193,Ordinária,Ministério de Minas e Energia/Agência Nacional de Mineração/Gerência Regional da ANM no Estado do Ceará,2023-01-02,http://pesquisa.in.gov.br/imprensa/jsp/visualiza/index.jsp?data=02/01/2023&jornal=515&pagina=57,
194,Ordinária,Ministério da Economia/Comissão de Valores Mobiliários/Superintendência-Geral/Superintendência de Normas Contábeis e de Auditoria,2023-01-02,http://pesquisa.in.gov.br/imprensa/jsp/visualiza/index.jsp?data=02/01/2023&jornal=515&pagina=27,
195,Ordinária,Ministério das Comunicações/Agência Nacional de Telecomunicações/Superintendência de Fiscalização/Gerência Regional nos Estados do Paraná e Santa Catarina,2023-01-02,http://pesquisa.in.gov.br/imprensa/jsp/visualiza/index.jsp?data=02/01/2023&jornal=515&pagina=18,
196,Ordinária,"Ministério da Ciência, Tecnologia e Inovações/Conselho Nacional de Controle de Experimentação Animal",2023-01-02,http://pesquisa.in.gov.br/imprensa/jsp/visualiza/index.jsp?data=02/01/2023&jornal=515&pagina=17,
197,Ordinária,Ministério da Economia/Secretaria Especial da Receita Federal do Brasil/Subsecretaria-Geral da Receita Federal do Brasil/Superintendência Regional da Receita Federal do Brasil 2ª Região Fiscal/Alfândega da Receita Federal do Brasil no Porto de Manaus,2023-01-02,http://pesquisa.in.gov.br/imprensa/jsp/visualiza/index.jsp?data=02/01/2023&jornal=515&pagina=25,Habilita a empresa mencionada ao procedimento simplificado de internação.
198,Ordinária,Ministério da Economia/Secretaria Especial da Receita Federal do Brasil/Subsecretaria-Geral da Receita Federal do Brasil/Superintendência Regional da Receita Federal do Brasil 2ª Região Fiscal/Alfândega da Receita Federal do Brasil no Porto de Manaus,2023-01-02,http://pesquisa.in.gov.br/imprensa/jsp/visualiza/index.jsp?data=02/01/2023&jornal=515&pagina=26,Habilita a empresa mencionada ao procedimento simplificado de internação.
199,Ordinária,Ministério das Comunicações/Agência Nacional de Telecomunicações/Superintendência de Outorga e Recursos à Prestação/Gerência de Outorga e Licenciamento de Estações,2023-01-02,http://pesquisa.in.gov.br/imprensa/jsp/visualiza/index.jsp?data=02/01/2023&jornal=515&pagina=19,
200,Ordinária,Ministério da Saúde/Agência Nacional de Saúde Suplementar,2023-01-02,http://pesquisa.in.gov.br/imprensa/jsp/visualiza/index.jsp?data=02/01/2023&jornal=515&pagina=90,"Dispõe sobre o Sistema de Cadastro de Planos Privados de Assistência à Saúde comercializados anteriormente à data de vigência da Lei nº 9.656, de 3 de junho de 1998."
201,Ordinária,Ministério da Saúde/Agência Nacional de Vigilância Sanitária/4ª Diretoria/Gerência-Geral de Inspeção e Fiscalização Sanitária,2023-01-02,http://pesquisa.in.gov.br/imprensa/jsp/visualiza/index.jsp?data=02/01/2023&jornal=515&pagina=111,
202,Ordinária,Ministério da Justiça e Segurança Pública/Secretaria Nacional de Justiça,2023-01-02,http://pesquisa.in.gov.br/imprensa/jsp/visualiza/index.jsp?data=02/01/2023&jornal=515&pagina=55,"Revoga a Portaria SENAJUS/MJSP Nº 49, de 19 de julho de 2022, que subdelega competências no âmbito da Secretaria Nacional de Justiça do Ministério da Justiça e Segurança Pública - Unidade Gestora Executora UG 200143"
203,Ordinária,Ministério de Minas e Energia/Agência Nacional de Mineração/Superintendência de Outorga de Títulos Minerários,2023-01-02,http://pesquisa.in.gov.br/imprensa/jsp/visualiza/index.jsp?data=02/01/2023&jornal=515&pagina=58,
204,Ordinária,Ministério da Saúde/Gabinete do Ministro,2023-01-02,http://pesquisa.in.gov.br/imprensa/jsp/visualiza/index.jsp?data=02/01/2023&jornal=515&pagina=88,"Desabilita leitos de Unidades de Terapia Intensiva - UTI Adulto Tipo II e estabelece a dedução de recurso do Bloco de Manutenção das Ações e Serviços Públicos de Saúde - Grupo de Atenção Especializada, incorporado ao limite financeiro de Média e Alta Complexidade - MAC do Distrito Federal."
205,Ordinária,Ministério de Minas e Energia/Agência Nacional de Mineração/Gerência Regional da ANM no Estado do Amapá,2023-01-02,http://pesquisa.in.gov.br/imprensa/jsp/visualiza/index.jsp?data=02/01/2023&jornal=515&pagina=57,
206,Ordinária,Ministério de Minas e Energia/Agência Nacional de Energia Elétrica/Superintendência de Gestão Tarifária,2023-01-02,http://pesquisa.in.gov.br/imprensa/jsp/visualiza/index.jsp?data=02/01/2023&jornal=515&pagina=56,
207,Ordinária,Ministério de Minas e Energia/Agência Nacional de Mineração/Gerência Regional da ANM no Estado de Mato Grosso do Sul,2023-01-02,http://pesquisa.in.gov.br/imprensa/jsp/visualiza/index.jsp?data=02/01/2023&jornal=515&pagina=56,
208,Ordinária,Ministério da Saúde/Gabinete do Ministro,2023-01-02,http://pesquisa.in.gov.br/imprensa/jsp/visualiza/index.jsp?data=02/01/2023&jornal=515&pagina=80,"Renova a qualificação da Unidade de Pronto Atendimento (UPA 24h, Veneza) e mantém os recursos do Bloco de Manutenção das Ações e Serviços Públicos de Saúde - Grupo de Atenção Especializada, incorporados ao limite financeiro de Média e Alta Complexidade (MAC), do Estado do Paraná e Município de Cascavel."
209,Ordinária,Ministério do Turismo/Secretaria Especial de Cultura/Secretaria Nacional de Fomento e Incentivo à Cultura,2023-01-02,http://pesquisa.in.gov.br/imprensa/jsp/visualiza/index.jsp?data=02/01/2023&jornal=515&pagina=145,
210,Ordinária,Ministério da Saúde/Secretaria de Atenção Especializada à Saúde,2023-01-02,http://pesquisa.in.gov.br/imprensa/jsp/visualiza/index.jsp?data=02/01/2023&jornal=515&pagina=90,"Indefere a Concessão do CEBAS do Núcleo de Voluntários de Caratinga no Combate ao Câncer, com sede em Caratinga (MG)."
211,Ordinária,Ministério da Justiça e Segurança Pública/Secretaria Nacional do Consumidor,2023-01-02,http://pesquisa.in.gov.br/imprensa/jsp/visualiza/index.jsp?data=02/01/2023&jornal=515&pagina=55,
212,Ordinária,Ministério da Saúde/Gabinete do Ministro,2023-01-02,http://pesquisa.in.gov.br/imprensa/jsp/visualiza/index.jsp?data=02/01/2023&jornal=515&pagina=78,"Renova a qualificação da Unidade de Pronto Atendimento (UPA 24h, Inoã Maricá 24h) e mantém os recursos do Bloco de Manutenção das Ações e Serviços Públicos de Saúde - Grupo de Atenção Especializada, incorporados ao limite financeiro de Média e Alta Complexidade (MAC), do Estado do Rio de Janeiro e Município de Maricá."
213,Ordinária,Ministério da Saúde/Gabinete do Ministro,2023-01-02,http://pesquisa.in.gov.br/imprensa/jsp/visualiza/index.jsp?data=02/01/2023&jornal=515&pagina=76,"Renova a qualificação da Unidade de Pronto Atendimento (UPA 24h, Olímpia) e mantém os recursos do Bloco de Manutenção das Ações e Serviços Públicos de Saúde - Grupo de Atenção Especializada, incorporados ao limite financeiro de Média e Alta Complexidade (MAC), do Estado de São Paulo e Município de Olímpia."
214,Ordinária,Ministério da Justiça e Segurança Pública/Conselho Administrativo de Defesa Econômica/Superintendência-Geral,2023-01-02,http://pesquisa.in.gov.br/imprensa/jsp/visualiza/index.jsp?data=02/01/2023&jornal=515&pagina=55,
215,Ordinária,Ministério de Minas e Energia/Agência Nacional de Mineração/Gerência Regional da ANM no Estado de Mato Grosso do Sul,2023-01-02,http://pesquisa.in.gov.br/imprensa/jsp/visualiza/index.jsp?data=02/01/2023&jornal=515&pagina=57,
216,Ordinária,Ministério da Saúde/Gabinete do Ministro,2023-01-02,http://pesquisa.in.gov.br/imprensa/jsp/visualiza/index.jsp?data=02/01/2023&jornal=515&pagina=82,
217,Ordinária,Ministério de Minas e Energia/Agência Nacional de Mineração/Superintendência de Outorga de Títulos Minerários,2023-01-02,http://pesquisa.in.gov.br/imprensa/jsp/visualiza/index.jsp?data=02/01/2023&jornal=515&pagina=58,
218,Ordinária,Ministério da Saúde/Agência Nacional de Vigilância Sanitária/2ª Diretoria/Gerência-Geral de Alimentos,2023-01-02,http://pesquisa.in.gov.br/imprensa/jsp/visualiza/index.jsp?data=02/01/2023&jornal=515&pagina=96,
219,Ordinária,Ministério da Educação/Instituto Nacional de Estudos e Pesquisas Educacionais Anísio Teixeira,2023-01-02,http://pesquisa.in.gov.br/imprensa/jsp/visualiza/index.jsp?data=02/01/2023&jornal=515&pagina=33,Define o cronograma de atividades do Censo Escolar da Educação Básica 2023.
220,Ordinária,Ministério de Minas e Energia/Agência Nacional de Mineração/Gerência Regional da ANM no Estado de Mato Grosso do Sul,2023-01-02,http://pesquisa.in.gov.br/imprensa/jsp/visualiza/index.jsp?data=02/01/2023&jornal=515&pagina=57,
221,Ordinária,Ministério da Saúde/Gabinete do Ministro,2023-01-02,http://pesquisa.in.gov.br/imprensa/jsp/visualiza/index.jsp?data=02/01/2023&jornal=515&pagina=66,"Renova a qualificação das Unidades Móveis destinadas ao Serviço de Atendimento Móvel de Urgência (SAMU 192), mantém os recursos do Bloco de Manutenção das Ações e Serviços Públicos de Saúde - Grupo de Atenção Especializada incorporados ao limite financeiro de Média e Alta Complexidade (MAC) do estado da Paraíba e municípios, a título de incentivo e especifica os valores da habilitação e qualificação."
222,Ordinária,Ministério da Saúde/Gabinete do Ministro,2023-01-02,http://pesquisa.in.gov.br/imprensa/jsp/visualiza/index.jsp?data=02/01/2023&jornal=515&pagina=64,"Renova a qualificação da Unidade de Pronto Atendimento (UPA 24h, Parque Burle) e mantém os recursos do Bloco de Manutenção das Ações e Serviços Públicos de Saúde - Grupo de Atenção Especializada, incorporados ao limite financeiro de Média e Alta Complexidade (MAC), do Estado do Rio de Janeiro e Município de Cabo Frio."
223,Ordinária,Ministério da Saúde/Agência Nacional de Vigilância Sanitária/4ª Diretoria/Gerência-Geral de Inspeção e Fiscalização Sanitária,2023-01-02,http://pesquisa.in.gov.br/imprensa/jsp/visualiza/index.jsp?data=02/01/2023&jornal=515&pagina=110,
224,Ordinária,"Ministério da Ciência, Tecnologia e Inovações/Conselho Nacional de Desenvolvimento Científico e Tecnológico",2023-01-02,http://pesquisa.in.gov.br/imprensa/jsp/visualiza/index.jsp?data=02/01/2023&jornal=515&pagina=18,
225,Ordinária,Ministério das Comunicações/Agência Nacional de Telecomunicações/Superintendência de Outorga e Recursos à Prestação/Gerência de Outorga e Licenciamento de Estações,2023-01-02,http://pesquisa.in.gov.br/imprensa/jsp/visualiza/index.jsp?data=02/01/2023&jornal=515&pagina=19,
226,Ordinária,Ministério da Saúde/Gabinete do Ministro,2023-01-02,http://pesquisa.in.gov.br/imprensa/jsp/visualiza/index.jsp?data=02/01/2023&jornal=515&pagina=78,"Renova a qualificação da Unidade de Pronto Atendimento (UPA 24h, San Marino) e mantém os recursos do Bloco de Manutenção das Ações e Serviços Públicos de Saúde - Grupo de Atenção Especializada, incorporados ao limite financeiro de Média e Alta Complexidade (MAC), do Estado de São Paulo e Município de Taubaté."
227,Ordinária,Ministério da Educação/Fundação Coordenação de Aperfeiçoamento de Pessoal de Nível Superior,2023-01-02,http://pesquisa.in.gov.br/imprensa/jsp/visualiza/index.jsp?data=02/01/2023&jornal=515&pagina=35,"Acolhe, nos termos do Parecer CNE/CP nº 14, de 5 de julho de 2022, aprovado por unanimidade, a utilização do processo híbrido de ensino e aprendizagem pelos programas de pós-graduação stricto sensu no Brasil."
228,Ordinária,Ministério da Saúde/Gabinete do Ministro,2023-01-02,http://pesquisa.in.gov.br/imprensa/jsp/visualiza/index.jsp?data=02/01/2023&jornal=515&pagina=68,"Renova a qualificação da Unidade de Pronto Atendimento (UPA 24h, Areal) e mantém os recursos do Bloco de Manutenção das Ações e Serviços Públicos de Saúde - Grupo de Atenção Especializada, incorporados ao limite financeiro de Média e Alta Complexidade (MAC), do Estado do Rio Grande do Sul e Município de Pelotas."
229,Ordinária,Ministério do Desenvolvimento Regional/Agência Nacional de Águas e Saneamento Básico/Superintendência de Regulação de Usos de Recursos Hídricos,2023-01-02,http://pesquisa.in.gov.br/imprensa/jsp/visualiza/index.jsp?data=02/01/2023&jornal=515&pagina=20,
230,Ordinária,Ministério da Saúde/Gabinete do Ministro,2023-01-02,http://pesquisa.in.gov.br/imprensa/jsp/visualiza/index.jsp?data=02/01/2023&jornal=515&pagina=77,"Renova a qualificação das Unidades Móveis destinadas ao Serviço de Atendimento Móvel de Urgência (SAMU 192) e mantém os recursos do Bloco de Manutenção das Ações e Serviços Públicos de Saúde - Grupo de Atenção Especializada, incorporados ao limite financeiro de Média e Alta Complexidade (MAC), do Estado de Mato Grosso do Sul e Município de Campo Grande."
231,Ordinária,Ministério da Economia/Gabinete do Ministro,2023-01-02,http://pesquisa.in.gov.br/imprensa/jsp/visualiza/index.jsp?data=02/01/2023&jornal=515&pagina=21,"Estabelece diretrizes e parâmetros de governança para estruturar as áreas de auditoria interna, corregedoria, ouvidoria, conformidade e gestão de riscos das empresas estatais federais."
232,Ordinária,Ministério da Educação/Secretaria de Regulação e Supervisão da Educação Superior,2023-01-02,http://pesquisa.in.gov.br/imprensa/jsp/visualiza/index.jsp?data=02/01/2023&jornal=515&pagina=29,
233,Ordinária,Ministério da Saúde/Gabinete do Ministro,2023-01-02,http://pesquisa.in.gov.br/imprensa/jsp/visualiza/index.jsp?data=02/01/2023&jornal=515&pagina=65,"Renova a qualificação das Unidades Móveis destinadas ao Serviço de Atendimento Móvel de Urgência (SAMU 192) e mantém os recursos do Bloco de Manutenção das Ações e Serviços Públicos de Saúde - Grupo de Atenção Especializada, incorporados ao limite financeiro de Média e Alta Complexidade (MAC), do estado do Piauí e município de São Raimundo Nonato."
234,Ordinária,Ministério da Infraestrutura/Agência Nacional de Aviação Civil/Superintendência de Infraestrutura Aeroportuária/Gerência de Certificação e Segurança Operacional,2023-01-02,http://pesquisa.in.gov.br/imprensa/jsp/visualiza/index.jsp?data=02/01/2023&jornal=515&pagina=38,
235,Ordinária,Ministério da Educação/Instituto Nacional de Estudos e Pesquisas Educacionais Anísio Teixeira,2023-01-02,http://pesquisa.in.gov.br/imprensa/jsp/visualiza/index.jsp?data=02/01/2023&jornal=515&pagina=32,Dispõe sobre o macro cronograma do Sistema de Avaliação da Educação Básica - Saeb 2023.
236,Ordinária,Ministério da Saúde/Agência Nacional de Vigilância Sanitária/3ª Diretoria/Gerência-Geral de Toxicologia,2023-01-02,http://pesquisa.in.gov.br/imprensa/jsp/visualiza/index.jsp?data=02/01/2023&jornal=515&pagina=109,
237,Ordinária,"Ministério da Saúde/Agência Nacional de Vigilância Sanitária/5ª Diretoria/Gerência-Geral de Portos, Aeroportos, Fronteiras e Recintos Alfandegados",2023-01-02,http://pesquisa.in.gov.br/imprensa/jsp/visualiza/index.jsp?data=02/01/2023&jornal=515&pagina=116,
238,Ordinária,Ministério da Economia/Gabinete do Ministro,2023-01-02,http://pesquisa.in.gov.br/imprensa/jsp/visualiza/index.jsp?data=02/01/2023&jornal=515&pagina=21,"Altera a Portaria nº 6.225, de 14 de julho de 2022, do Ministério da Economia, que fixa valores para a concessão de suprimento de fundos para atendimento de despesas de pronto pagamento referentes aos trabalhos do Censo Demográfico 2022."
239,Ordinária,Ministério da Justiça e Segurança Pública/Secretaria Nacional de Justiça/Departamento de Recuperação de Ativos e Cooperação Jurídica Internacional,2023-01-02,http://pesquisa.in.gov.br/imprensa/jsp/visualiza/index.jsp?data=02/01/2023&jornal=515&pagina=55,"Dispõe sobre a renovação do credenciamento do organismo estrangeiro ""AFN - Azione Per Famiglie Nuove"" para atuar em matéria de adoção internacional no Brasil."
240,Ordinária,Ministério da Saúde/Gabinete do Ministro,2023-01-02,http://pesquisa.in.gov.br/imprensa/jsp/visualiza/index.jsp?data=02/01/2023&jornal=515&pagina=62,
241,Ordinária,Ministério da Economia/Gabinete do Ministro,2023-01-02,http://pesquisa.in.gov.br/imprensa/jsp/visualiza/index.jsp?data=02/01/2023&jornal=515&pagina=22,"Dispõe sobre orientações às empresas estatais federais sobre planejamento, execução, controle e avaliação das contratações de bens e serviços em geral."
242,Ordinária,Ministério da Infraestrutura/Agência Nacional de Aviação Civil/Superintendência de Infraestrutura Aeroportuária/Gerência de Certificação e Segurança Operacional,2023-01-02,http://pesquisa.in.gov.br/imprensa/jsp/visualiza/index.jsp?data=02/01/2023&jornal=515&pagina=38,
243,Ordinária,Ministério da Infraestrutura/Gabinete do Ministro,2023-01-02,http://pesquisa.in.gov.br/imprensa/jsp/visualiza/index.jsp?data=02/01/2023&jornal=515&pagina=35,"Institui a Agenda Regulatória da Secretaria Nacional de Trânsito (SENATRAN) para o biênio 2023-2024, com o objetivo de indicar temas de cunho regulatório a serem estudados no período."
244,Ordinária,Ministério de Minas e Energia/Secretaria de Planejamento e Desenvolvimento Energético,2023-01-02,http://pesquisa.in.gov.br/imprensa/jsp/visualiza/index.jsp?data=02/01/2023&jornal=515&pagina=56,
245,Ordinária,Ministério do Desenvolvimento Regional/Departamento Nacional de Obras Contra as Secas,2023-01-02,http://pesquisa.in.gov.br/imprensa/jsp/visualiza/index.jsp?data=02/01/2023&jornal=515&pagina=20,"Altera a denominação, a categoria, o tipo de unidade e realoca Função Comissionada Executiva."
246,Ordinária,"Ministério da Saúde/Agência Nacional de Vigilância Sanitária/2ª Diretoria/Gerência-Geral de Produtos Biológicos, Radiofármacos, Sangue, Tecidos, Células, Órgãos e Prod de Terapias Avan",2023-01-02,http://pesquisa.in.gov.br/imprensa/jsp/visualiza/index.jsp?data=02/01/2023&jornal=515&pagina=98,
247,Ordinária,Ministério da Educação/Instituto Nacional de Estudos e Pesquisas Educacionais Anísio Teixeira,2023-01-02,http://pesquisa.in.gov.br/imprensa/jsp/visualiza/index.jsp?data=02/01/2023&jornal=515&pagina=32,"Dispõe sobre o macro cronograma do Exame Nacional do Ensino Médio - Enem 2023: Regular impresso e digital, Pessoas Privadas de Liberdade (PPL) e Reaplicação do Enem Regular."
248,Ordinária,Ministério da Cidadania/Gabinete do Ministro,2023-01-02,http://pesquisa.in.gov.br/imprensa/jsp/visualiza/index.jsp?data=02/01/2023&jornal=515&pagina=17,"Altera a Portaria nº 754, de 31 de março de 2022, e dá outras providências."
249,Ordinária,"Ministério da Agricultura, Pecuária e Abastecimento/Secretaria de Defesa Agropecuária",2023-01-02,http://pesquisa.in.gov.br/imprensa/jsp/visualiza/index.jsp?data=02/01/2023&jornal=515&pagina=15,"Submete à Consulta Pública a proposta de Portaria Conjunta MAPA, Ibama e Anvisa, que dispõe sobre os procedimentos a serem adotados para distribuição dos processos pendentes de registro de produtos técnicos equivalentes, pré-misturas e produtos formulados de agrotóxicos e afins, para fins de atendimento ao art. 3º do Decreto nº 10.833, de 07 de outubro de 2021. | Estabelece procedimentos específicos para distribuição dos processos pendentes de registro de produtos técnicos equivalentes, pré-misturas e produtos formulados de agrotóxicos e afins, para fins de atendimento ao art. 3° do decreto n° 10.833, de 07 de outubro de 2021."
250,Ordinária,Ministério do Desenvolvimento Regional/Secretaria Nacional de Proteção e Defesa Civil,2023-01-02,http://pesquisa.in.gov.br/imprensa/jsp/visualiza/index.jsp?data=02/01/2023&jornal=515&pagina=20,
251,Ordinária,"Ministério da Economia/Secretaria Especial de Desburocratização, Gestão e Governo Digital/Secretaria de Gestão",2023-01-02,http://pesquisa.in.gov.br/imprensa/jsp/visualiza/index.jsp?data=02/01/2023&jornal=515&pagina=23,"Dispõe sobre os procedimentos de seleção de imóveis para locação no âmbito da Administração Pública federal direta, autárquica e fundacional."
252,Ordinária,Ministério de Minas e Energia/Agência Nacional de Mineração/Gerência Regional da ANM no Estado de Minas Gerais,2023-01-02,http://pesquisa.in.gov.br/imprensa/jsp/visualiza/index.jsp?data=02/01/2023&jornal=515&pagina=57,
253,Ordinária,Ministério da Educação/Instituto Nacional de Estudos e Pesquisas Educacionais Anísio Teixeira,2023-01-02,http://pesquisa.in.gov.br/imprensa/jsp/visualiza/index.jsp?data=02/01/2023&jornal=515&pagina=31,Dispõe sobre o macro cronograma do Exame Nacional de Certificação de Competências de Jovens e Adultos - Encceja 2023: Regular; Pessoas Privadas de Liberdade (PPL) e Reaplicação do Encceja Regular; Exterior e Exterior PPL
254,Ordinária,Ministério da Saúde/Secretaria de Atenção Especializada à Saúde,2023-01-02,http://pesquisa.in.gov.br/imprensa/jsp/visualiza/index.jsp?data=02/01/2023&jornal=515&pagina=89,"Indefere a Concessão do CEBAS da Associação Metamorfose, com sede em Niterói (RJ)."
255,Ordinária,Ministério da Saúde/Secretaria Executiva,2023-01-02,http://pesquisa.in.gov.br/imprensa/jsp/visualiza/index.jsp?data=02/01/2023&jornal=515&pagina=89,Reprova projeto no âmbito do Programa Nacional de Apoio à Atenção da Saúde da Pessoa com Deficiência (Pronas/PCD).
256,Ordinária,Ministério da Saúde/Agência Nacional de Vigilância Sanitária/4ª Diretoria/Gerência-Geral de Inspeção e Fiscalização Sanitária,2023-01-02,http://pesquisa.in.gov.br/imprensa/jsp/visualiza/index.jsp?data=02/01/2023&jornal=515&pagina=112,
257,Ordinária,Ministério de Minas e Energia/Agência Nacional de Mineração/Gerência Regional da ANM no Estado do Rio Grande do Norte,2023-01-02,http://pesquisa.in.gov.br/imprensa/jsp/visualiza/index.jsp?data=02/01/2023&jornal=515&pagina=58,
258,Ordinária,Ministério da Saúde/Gabinete do Ministro,2023-01-02,http://pesquisa.in.gov.br/imprensa/jsp/visualiza/index.jsp?data=02/01/2023&jornal=515&pagina=63,"Renova a qualificação da Unidade de Pronto Atendimento (UPA 24h, Salustiano Costa) e mantém os recursos do Bloco de Manutenção das Ações e Serviços Públicos de Saúde - Grupo de Atenção Especializada, incorporados ao limite financeiro de Média e Alta Complexidade (MAC), do Estado do Ceará e Município de São Benedito."
259,Ordinária,Ministério da Saúde/Agência Nacional de Vigilância Sanitária/4ª Diretoria/Gerência-Geral de Inspeção e Fiscalização Sanitária/Coordenação de Autorização de Funcionamento de Empresas,2023-01-02,http://pesquisa.in.gov.br/imprensa/jsp/visualiza/index.jsp?data=02/01/2023&jornal=515&pagina=113,
260,Ordinária,Ministério da Economia/Secretaria Especial da Receita Federal do Brasil/Subsecretaria-Geral da Receita Federal do Brasil/Superintendência Regional da Receita Federal do Brasil 2ª Região Fiscal/Alfândega da Receita Federal do Brasil no Porto de Manaus,2023-01-02,http://pesquisa.in.gov.br/imprensa/jsp/visualiza/index.jsp?data=02/01/2023&jornal=515&pagina=26,Habilita a empresa mencionada ao procedimento simplificado de internação.
261,Ordinária,Ministério da Saúde/Agência Nacional de Vigilância Sanitária/4ª Diretoria/Gerência-Geral de Inspeção e Fiscalização Sanitária,2023-01-02,http://pesquisa.in.gov.br/imprensa/jsp/visualiza/index.jsp?data=02/01/2023&jornal=515&pagina=111,
262,Ordinária,Ministério da Infraestrutura/Agência Nacional de Aviação Civil/Superintendência de Infraestrutura Aeroportuária/Gerência de Certificação e Segurança Operacional,2023-01-02,http://pesquisa.in.gov.br/imprensa/jsp/visualiza/index.jsp?data=02/01/2023&jornal=515&pagina=38,
263,Ordinária,Ministério da Economia/Secretaria Especial da Receita Federal do Brasil/Subsecretaria-Geral da Receita Federal do Brasil/Superintendência Regional da Receita Federal do Brasil 9ª Região Fiscal,2023-01-02,http://pesquisa.in.gov.br/imprensa/jsp/visualiza/index.jsp?data=02/01/2023&jornal=515&pagina=26,Prorrogação do prazo de vigência do alfandegamento concedido a instalações portuárias marítimas localizadas dentro do Porto Organizado de Paranaguá.
264,Ordinária,"Ministério da Ciência, Tecnologia e Inovações/Secretaria de Empreendedorismo e Inovação",2023-01-02,http://pesquisa.in.gov.br/imprensa/jsp/visualiza/index.jsp?data=02/01/2023&jornal=515&pagina=17,"Reconhece investimentos em atividades de pesquisa, desenvolvimento e inovação (PD&I) decorrentes de tecnologias desenvolvidas no País, de acordo com o Decreto nº 10.356, de 20 de maio de 2020, e a Portaria MCTI nº 4.514, de 2 de março de 2021, e reconhece a condição de bens e produtos desenvolvidos no País, de acordo com a Portaria MCT nº 950, de 12 de dezembro de 2006."
265,Ordinária,Ministério da Saúde/Secretaria de Atenção Especializada à Saúde,2023-01-02,http://pesquisa.in.gov.br/imprensa/jsp/visualiza/index.jsp?data=02/01/2023&jornal=515&pagina=90,"Torna sem efeito a publicação, por duplicidade, da Portaria SAES/MS nº 884, de 29 de novembro de 2022, no Diário Oficial da União (DOU) nº 242, de 26 de dezembro de 2022, seção 1, página 121."
266,Ordinária,Ministério da Saúde/Secretaria de Atenção Especializada à Saúde,2023-01-02,http://pesquisa.in.gov.br/imprensa/jsp/visualiza/index.jsp?data=02/01/2023&jornal=515&pagina=89,"Indefere a Concessão do CEBAS do Centro de Apoio ao Cidadão, com sede em Serra (ES)."
267,Ordinária,Ministério das Comunicações/Gabinete do Ministro,2023-01-02,http://pesquisa.in.gov.br/imprensa/jsp/visualiza/index.jsp?data=02/01/2023&jornal=515&pagina=18,
268,Ordinária,Ministério da Saúde/Agência Nacional de Vigilância Sanitária/3ª Diretoria/Gerência-Geral de Tecnologia de Produtos para Saúde,2023-01-02,http://pesquisa.in.gov.br/imprensa/jsp/visualiza/index.jsp?data=02/01/2023&jornal=515&pagina=106,
269,Ordinária,Ministério do Desenvolvimento Regional/Agência Nacional de Águas e Saneamento Básico/Superintendência de Regulação de Usos de Recursos Hídricos,2023-01-02,http://pesquisa.in.gov.br/imprensa/jsp/visualiza/index.jsp?data=02/01/2023&jornal=515&pagina=20,
270,Ordinária,Ministério da Justiça e Segurança Pública/Gabinete do Ministro,2023-01-02,http://pesquisa.in.gov.br/imprensa/jsp/visualiza/index.jsp?data=02/01/2023&jornal=515&pagina=52,"Dispõe sobre o emprego da Força Nacional de Segurança Pública no interior do Palácio da Justiça, Bloco T, Edifício Sede e Anexos I e II, em Brasília - DF."
271,Ordinária,Ministério da Economia/Secretaria Especial da Receita Federal do Brasil,2023-01-02,http://pesquisa.in.gov.br/imprensa/jsp/visualiza/index.jsp?data=02/01/2023&jornal=515&pagina=24,"Dispõe sobre a retenção, encaminhamento e entrega de drogas ilícitas no âmbito da Secretaria Especial da Receita Federal do Brasil."
272,Ordinária,Ministério da Educação/Instituto Nacional de Estudos e Pesquisas Educacionais Anísio Teixeira,2023-01-02,http://pesquisa.in.gov.br/imprensa/jsp/visualiza/index.jsp?data=02/01/2023&jornal=515&pagina=32,Dispõe sobre o macro cronograma do Exame Nacional de Desempenho dos Estudantes - Enade 2023.
273,Ordinária,Ministério da Saúde/Gabinete do Ministro,2023-01-02,http://pesquisa.in.gov.br/imprensa/jsp/visualiza/index.jsp?data=02/01/2023&jornal=515&pagina=69,"Renova a qualificação da Unidade de Pronto Atendimento (UPA 24, Dr. José Póvoa Mendes) e mantém os recursos do Bloco de Manutenção das Ações e Serviços Públicos de Saúde - Grupo de Atenção Especializada, incorporados ao limite financeiro de Média e Alta Complexidade (MAC), do Estado de Goiás e Município de Rio Verde"
274,Ordinária,Ministério da Saúde/Agência Nacional de Vigilância Sanitária/3ª Diretoria/Gerência-Geral de Tecnologia de Produtos para Saúde,2023-01-02,http://pesquisa.in.gov.br/imprensa/jsp/visualiza/index.jsp?data=02/01/2023&jornal=515&pagina=99,
275,Ordinária,Ministério da Infraestrutura/Agência Nacional de Transportes Terrestres/Superintendência de Serviços de Transporte Rodoviário de Passageiros,2023-01-02,http://pesquisa.in.gov.br/imprensa/jsp/visualiza/index.jsp?data=02/01/2023&jornal=515&pagina=51,
276,Ordinária,"Ministério da Ciência, Tecnologia e Inovações/Secretaria de Empreendedorismo e Inovação",2023-01-02,http://pesquisa.in.gov.br/imprensa/jsp/visualiza/index.jsp?data=02/01/2023&jornal=515&pagina=18,"Reconhece investimentos em atividades de pesquisa, desenvolvimento e inovação (PD&I) decorrentes de tecnologias desenvolvidas no País, de acordo com o Decreto nº 10.356, de 20 de maio de 2020, e a Portaria MCTI nº 4.514, de 2 de março de 2021, e reconhece a condição de bens e produtos desenvolvidos no País, de acordo com a Portaria MCT nº 950, de 12 de dezembro de 2006."
277,Ordinária,Ministério da Saúde/Agência Nacional de Vigilância Sanitária/4ª Diretoria/Gerência-Geral de Inspeção e Fiscalização Sanitária,2023-01-02,http://pesquisa.in.gov.br/imprensa/jsp/visualiza/index.jsp?data=02/01/2023&jornal=515&pagina=111,
278,Ordinária,Ministério de Minas e Energia/Agência Nacional de Mineração/Superintendência de Outorga de Títulos Minerários,2023-01-02,http://pesquisa.in.gov.br/imprensa/jsp/visualiza/index.jsp?data=02/01/2023&jornal=515&pagina=58,
279,Ordinária,Ministério da Educação/Universidade Federal Rural da Amazônia,2023-01-02,http://pesquisa.in.gov.br/imprensa/jsp/visualiza/index.jsp?data=02/01/2023&jornal=515&pagina=34,
280,Ordinária,Ministério da Saúde/Agência Nacional de Vigilância Sanitária/3ª Diretoria/Gerência-Geral de Tecnologia de Produtos para Saúde,2023-01-02,http://pesquisa.in.gov.br/imprensa/jsp/visualiza/index.jsp?data=02/01/2023&jornal=515&pagina=104,
281,Ordinária,"Ministério de Minas e Energia/Agência Nacional do Petróleo, Gás Natural e Biocombustíveis/Diretoria I/Superintendência de Distribuição e Logística",2023-01-03,http://pesquisa.in.gov.br/imprensa/jsp/visualiza/index.jsp?data=03/01/2023&jornal=515&pagina=211,
282,Ordinária,Ministério da Fazenda/Secretaria Especial de Produtividade e Competitividade,2023-01-03,http://pesquisa.in.gov.br/imprensa/jsp/visualiza/index.jsp?data=03/01/2023&jornal=515&pagina=9,"Altera o Processo Produtivo Básico para ""PRODUTOS PRODUZIDOS, PREDOMINANTEMENTE, COM MATÉRIAS-PRIMAS DA AMAZÔNIA OCIDENTAL E/OU AMAPÁ DE ORIGEM: AGRÍCOLA, PECUÁRIA, AVÍCOLA, PÍSCEA, APÍCOLA, MINERAL E EXTRATIVA VEGETAL""."
283,Ordinária,"Ministério de Minas e Energia/Agência Nacional do Petróleo, Gás Natural e Biocombustíveis/Diretoria I/Superintendência de Distribuição e Logística",2023-01-03,http://pesquisa.in.gov.br/imprensa/jsp/visualiza/index.jsp?data=03/01/2023&jornal=515&pagina=211,
284,Ordinária,Ministério da Fazenda/Secretaria Especial da Receita Federal do Brasil/Subsecretaria-Geral da Receita Federal do Brasil/Superintendência Regional da Receita Federal do Brasil 4ª Região Fiscal/Delegacia da Receita Federal do Brasil em Natal,2023-01-03,http://pesquisa.in.gov.br/imprensa/jsp/visualiza/index.jsp?data=03/01/2023&jornal=515&pagina=9,"Habilitar a Pessoa Jurídica que menciona a operar no regime de redução do IRPJ, inclusive adicionais não restituíveis, calculados com base no Lucro da Exploração."
285,Ordinária,Ministério das Comunicações/Agência Nacional de Telecomunicações/Superintendência de Radiofrequência e Fiscalização/Gerência-Geral de Fiscalização/Escritório Regional no Estado da Bahia,2023-01-03,http://pesquisa.in.gov.br/imprensa/jsp/visualiza/index.jsp?data=03/01/2023&jornal=515&pagina=2,
286,Ordinária,Ministério da Agricultura e Pecuária/Secretaria de Aquicultura e Pesca,2023-01-03,http://pesquisa.in.gov.br/imprensa/jsp/visualiza/index.jsp?data=03/01/2023&jornal=515&pagina=1,
287,Ordinária,Ministério das Comunicações/Agência Nacional de Telecomunicações/Conselho Diretor,2023-01-03,http://pesquisa.in.gov.br/imprensa/jsp/visualiza/index.jsp?data=03/01/2023&jornal=515&pagina=2,
288,Ordinária,Ministério da Fazenda/Conselho Administrativo de Recursos Fiscais/2ª Seção/1ª Turma Extraordinária,2023-01-03,http://pesquisa.in.gov.br/imprensa/jsp/visualiza/index.jsp?data=03/01/2023&jornal=515&pagina=3,
289,Ordinária,Ministério do Meio Ambiente e Mudança do Clima/Instituto Chico Mendes de Conservação da Biodiversidade,2023-01-03,http://pesquisa.in.gov.br/imprensa/jsp/visualiza/index.jsp?data=03/01/2023&jornal=515&pagina=150,Altera o Plano de Manejo da Plano de Manejo da APA de Fernando de Noronha - Rocas - São Pedro e São Paulo. (Processo n° 02070.007159/2020-17)
290,Ordinária,Ministério da Fazenda/Secretaria Especial da Receita Federal do Brasil/Subsecretaria-Geral da Receita Federal do Brasil/Superintendência Regional da Receita Federal do Brasil 7ª Região Fiscal/Delegacia da Receita Federal do Brasil em Vitória,2023-01-03,http://pesquisa.in.gov.br/imprensa/jsp/visualiza/index.jsp?data=03/01/2023&jornal=515&pagina=9,Cancela Registro Especial para estabelecimento Importador de bebidas alcoólicas.
291,Ordinária,"Ministério da Fazenda/Superintendência de Seguros Privados/Diretoria Técnica 1/Coordenação-Geral de Regimes Especiais, Autorizações e Julgamentos",2023-01-03,http://pesquisa.in.gov.br/imprensa/jsp/visualiza/index.jsp?data=03/01/2023&jornal=515&pagina=11,
292,Ordinária,Ministério dos Transportes/Agência Nacional de Aviação Civil/Superintendência de Padrões Operacionais,2023-01-03,http://pesquisa.in.gov.br/imprensa/jsp/visualiza/index.jsp?data=03/01/2023&jornal=515&pagina=138,
293,Ordinária,Ministério da Justiça e Segurança Pública/Secretaria Nacional de Justiça/Departamento de Migrações/Coordenação-Geral de Política Migratória/Coordenação de Processos Migratórios,2023-01-03,http://pesquisa.in.gov.br/imprensa/jsp/visualiza/index.jsp?data=03/01/2023&jornal=515&pagina=146,
294,Ordinária,Ministério dos Transportes/Agência Nacional de Aviação Civil/Superintendência de Padrões Operacionais,2023-01-03,http://pesquisa.in.gov.br/imprensa/jsp/visualiza/index.jsp?data=03/01/2023&jornal=515&pagina=138,
295,Ordinária,Ministério da Educação/Gabinete do Ministro,2023-01-03,http://pesquisa.in.gov.br/imprensa/jsp/visualiza/index.jsp?data=03/01/2023&jornal=515&pagina=131,
296,Ordinária,Ministério dos Transportes/Agência Nacional de Aviação Civil/Superintendência de Padrões Operacionais,2023-01-03,http://pesquisa.in.gov.br/imprensa/jsp/visualiza/index.jsp?data=03/01/2023&jornal=515&pagina=138,
297,Ordinária,Ministério dos Transportes/Agência Nacional de Aviação Civil/Superintendência de Padrões Operacionais,2023-01-03,http://pesquisa.in.gov.br/imprensa/jsp/visualiza/index.jsp?data=03/01/2023&jornal=515&pagina=137,
298,Ordinária,Ministério dos Transportes/Agência Nacional de Transportes Aquaviários/Superintendência de Fiscalização e Coordenação das Unidades Regionais/Gerência de Apoio Técnico,2023-01-03,http://pesquisa.in.gov.br/imprensa/jsp/visualiza/index.jsp?data=03/01/2023&jornal=515&pagina=138,
299,Ordinária,Ministério da Fazenda/Secretaria Especial da Receita Federal do Brasil/Subsecretaria-Geral da Receita Federal do Brasil/Superintendência Regional da Receita Federal do Brasil 4ª Região Fiscal/Alfândega da Receita Federal do Brasil em Recife,2023-01-03,http://pesquisa.in.gov.br/imprensa/jsp/visualiza/index.jsp?data=03/01/2023&jornal=515&pagina=9,Inclusão no Registro de Ajudantes de Despachantes Aduaneiros.
300,Ordinária,Ministério da Justiça e Segurança Pública/Secretaria Nacional de Justiça/Departamento de Migrações/Coordenação-Geral de Política Migratória,2023-01-03,http://pesquisa.in.gov.br/imprensa/jsp/visualiza/index.jsp?data=03/01/2023&jornal=515&pagina=145,
301,Ordinária,Ministério do Meio Ambiente e Mudança do Clima/Instituto Brasileiro do Meio Ambiente e dos Recursos Naturais Renováveis,2023-01-03,http://pesquisa.in.gov.br/imprensa/jsp/visualiza/index.jsp?data=03/01/2023&jornal=515&pagina=149,"Estabelece critérios e procedimentos para exportação, com fins comerciais, de produtos e subprodutos madeireiros das espécies constantes dos Anexos da Convenção sobre o Comércio Internacional das Espécies da Flora e Fauna Selvagens em Perigo de Extinção - Cites, dos gêneros Handroanthus spp, Tabebuia spp, Roseodendrum spp, Dipteryx spp, Cedrela spp e da espécie Swietenia macrophylla."
302,Ordinária,"Ministério da Agricultura e Pecuária/Secretaria Executiva/Superintendência Federal de Agricultura, Pecuária e Abastecimento de São Paulo",2023-01-03,http://pesquisa.in.gov.br/imprensa/jsp/visualiza/index.jsp?data=03/01/2023&jornal=515&pagina=1,
303,Ordinária,Ministério da Fazenda/Secretaria Especial da Receita Federal do Brasil/Subsecretaria-Geral da Receita Federal do Brasil/Superintendência Regional da Receita Federal do Brasil 8ª Região Fiscal/Delegacia de Fiscalização de Comércio Exterior da Receita Federal do Brasil em São Paulo,2023-01-03,http://pesquisa.in.gov.br/imprensa/jsp/visualiza/index.jsp?data=03/01/2023&jornal=515&pagina=10,Concede habilitação no Regime Especial de Entreposto Industrial sob Controle Informatizado do Sistema Público de Escrituração Digital (Recof-Sped) à pessoa jurídica que especifica.
304,Ordinária,Ministério da Educação/Gabinete do Ministro,2023-01-03,http://pesquisa.in.gov.br/imprensa/jsp/visualiza/index.jsp?data=03/01/2023&jornal=515&pagina=131,"Revoga a Portaria nº 1.061, de 31 de dezembro de 2022."
305,Ordinária,Ministério da Saúde/Gabinete do Ministro,2023-01-03,http://pesquisa.in.gov.br/imprensa/jsp/visualiza/index.jsp?data=03/01/2023&jornal=515&pagina=245,"Habilita o Estado, Município ou Distrito Federal a receber recursos financeiros de capital destinados à execução de obras de construção Unidade Básica de Saúde."
306,Ordinária,Ministério de Minas e Energia/Agência Nacional de Energia Elétrica/Superintendência de Regulação Econômica e Estudos do Mercado,2023-01-03,http://pesquisa.in.gov.br/imprensa/jsp/visualiza/index.jsp?data=03/01/2023&jornal=515&pagina=207,
307,Ordinária,"Ministério da Agricultura e Pecuária/Secretaria Executiva/Superintendência Federal de Agricultura, Pecuária e Abastecimento de São Paulo",2023-01-03,http://pesquisa.in.gov.br/imprensa/jsp/visualiza/index.jsp?data=03/01/2023&jornal=515&pagina=1,
308,Ordinária,"Ministério das Comunicações/Agência Nacional de Telecomunicações/Superintendência de Fiscalização/Gerência Regional nos Estados do Amazonas, Acre, Rondônia e Roraima",2023-01-03,http://pesquisa.in.gov.br/imprensa/jsp/visualiza/index.jsp?data=03/01/2023&jornal=515&pagina=2,
309,Ordinária,Ministério da Fazenda/Conselho Administrativo de Recursos Fiscais/2ª Seção/3ª Turma Extraordinária,2023-01-03,http://pesquisa.in.gov.br/imprensa/jsp/visualiza/index.jsp?data=03/01/2023&jornal=515&pagina=5,
310,Ordinária,Ministério da Educação/Gabinete do Ministro,2023-01-03,http://pesquisa.in.gov.br/imprensa/jsp/visualiza/index.jsp?data=03/01/2023&jornal=515&pagina=12,"Estabelece as estimativas, os valores, as aplicações e os cronogramas de desembolso das complementações da União ao Fundo de Manutenção e Desenvolvimento da Educação Básica e de Valorização dos Profissionais da Educação para o exercício de 2023, nas modalidades Valor Anual por Aluno - VAAF, Valor Anual Total por Aluno - VAAT e Valor Anual por Aluno decorrente da complementação VAAR - VAAR."
311,Ordinária,"Ministério da Fazenda/Superintendência de Seguros Privados/Diretoria Técnica 1/Coordenação-Geral de Regimes Especiais, Autorizações e Julgamentos",2023-01-03,http://pesquisa.in.gov.br/imprensa/jsp/visualiza/index.jsp?data=03/01/2023&jornal=515&pagina=11,
312,Ordinária,Ministério da Fazenda/Secretaria Especial do Tesouro e Orçamento,2023-01-03,http://pesquisa.in.gov.br/imprensa/jsp/visualiza/index.jsp?data=03/01/2023&jornal=515&pagina=10,"Altera parcialmente grupos de natureza de despesa no âmbito do mesmo subtítulo, constantes da Lei Orçamentária vigente, nos Ministérios da Saúde e da Cidadania, no valor de R$ 33.000.000,00."
313,Ordinária,Ministério da Fazenda/Comissão de Valores Mobiliários/Superintendência-Geral/Superintendência de Supervisão de Investidores Institucionais/Gerência de Acompanhamento de Investidores Institucionais,2023-01-03,http://pesquisa.in.gov.br/imprensa/jsp/visualiza/index.jsp?data=03/01/2023&jornal=515&pagina=11,
314,Ordinária,"Ministério da Educação/Instituto Federal de Educação, Ciência e Tecnologia do Espírito Santo/Campus Ibatiba",2023-01-03,http://pesquisa.in.gov.br/imprensa/jsp/visualiza/index.jsp?data=03/01/2023&jornal=515&pagina=137,
315,Ordinária,Ministério dos Transportes/Agência Nacional de Aviação Civil/Superintendência de Padrões Operacionais,2023-01-03,http://pesquisa.in.gov.br/imprensa/jsp/visualiza/index.jsp?data=03/01/2023&jornal=515&pagina=137,
316,Ordinária,Ministério dos Transportes/Agência Nacional de Aviação Civil/Superintendência de Padrões Operacionais/Gerência de Certificação de Aeronavegabilidade Continuada/Gerência Técnica de Certificação de Organizações de Manutenção,2023-01-03,http://pesquisa.in.gov.br/imprensa/jsp/visualiza/index.jsp?data=03/01/2023&jornal=515&pagina=138,
317,Ordinária,Ministério dos Transportes/Agência Nacional de Transportes Aquaviários/Superintendência de Fiscalização e Coordenação das Unidades Regionais/Gerência de Apoio Técnico,2023-01-03,http://pesquisa.in.gov.br/imprensa/jsp/visualiza/index.jsp?data=03/01/2023&jornal=515&pagina=138,
318,Ordinária,Ministério dos Transportes/Agência Nacional de Aviação Civil/Superintendência de Regulação Econômica de Aeroportos,2023-01-03,http://pesquisa.in.gov.br/imprensa/jsp/visualiza/index.jsp?data=03/01/2023&jornal=515&pagina=138,
319,Ordinária,Ministério dos Transportes/Agência Nacional de Transportes Terrestres/Superintendência de Infraestrutura Rodoviária,2023-01-03,http://pesquisa.in.gov.br/imprensa/jsp/visualiza/index.jsp?data=03/01/2023&jornal=515&pagina=139,"Declara de utilidade pública áreas para as obras de implantação de interseção em desnível no km 275+980m da BR-050/GO, administrada pela Eco050 - Concessionária de Rodovias S.A."
320,Ordinária,Ministério da Justiça e Segurança Pública/Arquivo Nacional,2023-01-03,http://pesquisa.in.gov.br/imprensa/jsp/visualiza/index.jsp?data=03/01/2023&jornal=515&pagina=140,"Altera o art. 7º da Portaria AN nº 100, de 6 de dezembro de 2022."
321,Ordinária,Ministério do Meio Ambiente e Mudança do Clima/Instituto Chico Mendes de Conservação da Biodiversidade,2023-01-03,http://pesquisa.in.gov.br/imprensa/jsp/visualiza/index.jsp?data=03/01/2023&jornal=515&pagina=150,Aprova a tabela nacional de anilhamento de aves silvestres em cativeiro. (Processo nº 02061.000912/2017-49).
322,Ordinária,Ministério do Meio Ambiente e Mudança do Clima/Instituto Chico Mendes de Conservação da Biodiversidade,2023-01-03,http://pesquisa.in.gov.br/imprensa/jsp/visualiza/index.jsp?data=03/01/2023&jornal=515&pagina=150,"Modifica a composição do Conselho Deliberativo da Reserva Extrativista Gurupá-Melgaço, no estado do Pará (Processo nº 02122.000658/2021-01)."
323,Ordinária,Ministério dos Transportes/Agência Nacional de Transportes Aquaviários/Superintendência de Fiscalização e Coordenação das Unidades Regionais/Gerência de Apoio Técnico,2023-01-03,http://pesquisa.in.gov.br/imprensa/jsp/visualiza/index.jsp?data=03/01/2023&jornal=515&pagina=139,
324,Ordinária,Ministério de Minas e Energia/Agência Nacional de Energia Elétrica,2023-01-03,http://pesquisa.in.gov.br/imprensa/jsp/visualiza/index.jsp?data=03/01/2023&jornal=515&pagina=151,"Altera as Resoluções Normativas nº 876, de 10 de março de 2004 e nº 905, de 8 de dezembro de 2020, para estabelecer tratamento regulatório para o ilhamento de subestações de Rede Básica."
325,Ordinária,Ministério dos Transportes/Agência Nacional de Aviação Civil/Superintendência de Padrões Operacionais,2023-01-03,http://pesquisa.in.gov.br/imprensa/jsp/visualiza/index.jsp?data=03/01/2023&jornal=515&pagina=137,
326,Ordinária,Ministério da Saúde/Gabinete do Ministro,2023-01-03,http://pesquisa.in.gov.br/imprensa/jsp/visualiza/index.jsp?data=03/01/2023&jornal=515&pagina=216,"Define regras para transposição e transferência dos saldos financeiros remanescentes de exercícios anteriores a 2018, constantes nos Fundos Estaduais, Distrital e Municipais de Saúde, provenientes de repasses do Ministério da Saúde e dá outras providências."
327,Ordinária,Ministério de Minas e Energia/Agência Nacional de Mineração/Superintendência de Outorga de Títulos Minerários,2023-01-03,http://pesquisa.in.gov.br/imprensa/jsp/visualiza/index.jsp?data=03/01/2023&jornal=515&pagina=209,
328,Ordinária,Ministério da Saúde/Gabinete do Ministro,2023-01-03,http://pesquisa.in.gov.br/imprensa/jsp/visualiza/index.jsp?data=03/01/2023&jornal=515&pagina=214,"Estabelece recurso do Bloco de Manutenção das Ações e Serviços Públicos de Saúde - Grupo de Atenção Especializada, a ser incorporado ao limite financeiro de Média e Alta Complexidade - MAC do Estado do Ceará e Município de Pacatuba."
329,Ordinária,Ministério dos Transportes/Agência Nacional de Transportes Aquaviários/Superintendência de Fiscalização e Coordenação das Unidades Regionais/Gerência de Apoio Técnico,2023-01-03,http://pesquisa.in.gov.br/imprensa/jsp/visualiza/index.jsp?data=03/01/2023&jornal=515&pagina=138,
330,Ordinária,Ministério da Saúde/Gabinete do Ministro,2023-01-03,http://pesquisa.in.gov.br/imprensa/jsp/visualiza/index.jsp?data=03/01/2023&jornal=515&pagina=216,"Estabelece recurso do Bloco de Manutenção das Ações e Serviços Públicos de Saúde - Grupo de Atenção Especializada, a ser incorporado ao limite financeiro de Média e Alta Complexidade - MAC do Estado de Alagoas e Município de Maceió."
331,Ordinária,Ministério de Minas e Energia/Agência Nacional de Mineração/Superintendência de Outorga de Títulos Minerários,2023-01-03,http://pesquisa.in.gov.br/imprensa/jsp/visualiza/index.jsp?data=03/01/2023&jornal=515&pagina=209,
332,Ordinária,Ministério de Minas e Energia/Agência Nacional de Mineração/Gerência Regional da ANM no Estado de Minas Gerais,2023-01-03,http://pesquisa.in.gov.br/imprensa/jsp/visualiza/index.jsp?data=03/01/2023&jornal=515&pagina=208,
333,Ordinária,Ministério de Minas e Energia/Agência Nacional de Mineração/Superintendência de Outorga de Títulos Minerários,2023-01-03,http://pesquisa.in.gov.br/imprensa/jsp/visualiza/index.jsp?data=03/01/2023&jornal=515&pagina=209,
334,Ordinária,Ministério de Minas e Energia/Agência Nacional de Mineração/Superintendência de Outorga de Títulos Minerários,2023-01-03,http://pesquisa.in.gov.br/imprensa/jsp/visualiza/index.jsp?data=03/01/2023&jornal=515&pagina=209,
335,Ordinária,Ministério de Minas e Energia/Agência Nacional de Mineração/Superintendência de Outorga de Títulos Minerários,2023-01-03,http://pesquisa.in.gov.br/imprensa/jsp/visualiza/index.jsp?data=03/01/2023&jornal=515&pagina=209,
336,Ordinária,Ministério dos Transportes/Agência Nacional de Aviação Civil/Superintendência de Padrões Operacionais,2023-01-03,http://pesquisa.in.gov.br/imprensa/jsp/visualiza/index.jsp?data=03/01/2023&jornal=515&pagina=138,
337,Ordinária,Ministério dos Transportes/Agência Nacional de Aviação Civil/Superintendência de Infraestrutura Aeroportuária/Gerência de Certificação e Segurança Operacional,2023-01-03,http://pesquisa.in.gov.br/imprensa/jsp/visualiza/index.jsp?data=03/01/2023&jornal=515&pagina=137,
338,Ordinária,"Ministério da Fazenda/Superintendência de Seguros Privados/Diretoria Técnica 1/Coordenação-Geral de Regimes Especiais, Autorizações e Julgamentos",2023-01-03,http://pesquisa.in.gov.br/imprensa/jsp/visualiza/index.jsp?data=03/01/2023&jornal=515&pagina=11,
339,Ordinária,Ministério da Justiça e Segurança Pública/Secretaria Nacional de Justiça/Departamento de Migrações/Coordenação-Geral de Política Migratória/Coordenação de Processos Migratórios,2023-01-03,http://pesquisa.in.gov.br/imprensa/jsp/visualiza/index.jsp?data=03/01/2023&jornal=515&pagina=146,
340,Ordinária,Ministério da Educação/Universidade Federal do Espírito Santo/Pró-Reitoria de Gestão de Pessoas,2023-01-03,http://pesquisa.in.gov.br/imprensa/jsp/visualiza/index.jsp?data=03/01/2023&jornal=515&pagina=137,
341,Ordinária,Ministério da Fazenda/Conselho Administrativo de Recursos Fiscais/2ª Seção/2ª Câmara/2ª Turma Extraordinária,2023-01-03,http://pesquisa.in.gov.br/imprensa/jsp/visualiza/index.jsp?data=03/01/2023&jornal=515&pagina=7,
342,Ordinária,"Ministério da Ciência, Tecnologia e Inovação/Gabinete do Ministro",2023-01-03,http://pesquisa.in.gov.br/imprensa/jsp/visualiza/index.jsp?data=03/01/2023&jornal=515&pagina=1,"Realoca Cargo Comissionado Executivo - CCE dentro do quadro demonstrativo de cargos em comissão e de funções de confiança do Ministério da Ciência, Tecnologia e Inovações."
343,Ordinária,Ministério da Fazenda/Secretaria Especial da Receita Federal do Brasil/Subsecretaria-Geral da Receita Federal do Brasil/Superintendência Regional da Receita Federal do Brasil 8ª Região Fiscal/Delegacia da Receita Federal do Brasil em São José dos Campos,2023-01-03,http://pesquisa.in.gov.br/imprensa/jsp/visualiza/index.jsp?data=03/01/2023&jornal=515&pagina=10,Anula certidões de regularidade fiscal
344,Ordinária,"Ministério da Fazenda/Superintendência de Seguros Privados/Diretoria Técnica 1/Coordenação-Geral de Regimes Especiais, Autorizações e Julgamentos",2023-01-03,http://pesquisa.in.gov.br/imprensa/jsp/visualiza/index.jsp?data=03/01/2023&jornal=515&pagina=11,
345,Ordinária,Ministério da Justiça e Segurança Pública/Secretaria Nacional de Justiça/Departamento de Promoção de Políticas de Justiça/Coordenação de Política de Classificação Indicativa,2023-01-03,http://pesquisa.in.gov.br/imprensa/jsp/visualiza/index.jsp?data=03/01/2023&jornal=515&pagina=148,
346,Ordinária,"Ministério de Minas e Energia/Agência Nacional do Petróleo, Gás Natural e Biocombustíveis/Diretoria I/Superintendência de Distribuição e Logística",2023-01-03,http://pesquisa.in.gov.br/imprensa/jsp/visualiza/index.jsp?data=03/01/2023&jornal=515&pagina=212,
347,Ordinária,"Ministério de Minas e Energia/Agência Nacional do Petróleo, Gás Natural e Biocombustíveis/Diretoria I/Superintendência de Distribuição e Logística",2023-01-03,http://pesquisa.in.gov.br/imprensa/jsp/visualiza/index.jsp?data=03/01/2023&jornal=515&pagina=210,
348,Ordinária,Ministério dos Transportes/Agência Nacional de Aviação Civil/Superintendência de Infraestrutura Aeroportuária/Gerência de Certificação e Segurança Operacional,2023-01-03,http://pesquisa.in.gov.br/imprensa/jsp/visualiza/index.jsp?data=03/01/2023&jornal=515&pagina=137,
349,Ordinária,Ministério de Minas e Energia/Agência Nacional de Mineração/Superintendência de Outorga de Títulos Minerários,2023-01-03,http://pesquisa.in.gov.br/imprensa/jsp/visualiza/index.jsp?data=03/01/2023&jornal=515&pagina=210,
350,Ordinária,"Ministério da Fazenda/Superintendência de Seguros Privados/Diretoria Técnica 1/Coordenação-Geral de Regimes Especiais, Autorizações e Julgamentos",2023-01-03,http://pesquisa.in.gov.br/imprensa/jsp/visualiza/index.jsp?data=03/01/2023&jornal=515&pagina=11,
351,Ordinária,Ministério da Fazenda/Secretaria Especial da Receita Federal do Brasil/Subsecretaria-Geral da Receita Federal do Brasil/Superintendência Regional da Receita Federal do Brasil 9ª Região Fiscal/Alfândega da Receita Federal do Brasil em Curitiba,2023-01-03,http://pesquisa.in.gov.br/imprensa/jsp/visualiza/index.jsp?data=03/01/2023&jornal=515&pagina=10,Certifica como Operador Econômico Autorizado a pessoa jurídica que especifica.
352,Ordinária,Ministério dos Transportes/Agência Nacional de Aviação Civil,2023-01-03,http://pesquisa.in.gov.br/imprensa/jsp/visualiza/index.jsp?data=03/01/2023&jornal=515&pagina=137,
353,Ordinária,"Ministério de Minas e Energia/Agência Nacional do Petróleo, Gás Natural e Biocombustíveis/Diretoria I/Superintendência de Distribuição e Logística",2023-01-03,http://pesquisa.in.gov.br/imprensa/jsp/visualiza/index.jsp?data=03/01/2023&jornal=515&pagina=212,
354,Ordinária,"Ministério de Minas e Energia/Agência Nacional do Petróleo, Gás Natural e Biocombustíveis/Diretoria I/Superintendência de Distribuição e Logística",2023-01-03,http://pesquisa.in.gov.br/imprensa/jsp/visualiza/index.jsp?data=03/01/2023&jornal=515&pagina=212,
355,Ordinária,"Ministério de Minas e Energia/Agência Nacional do Petróleo, Gás Natural e Biocombustíveis/Diretoria I/Superintendência de Distribuição e Logística",2023-01-03,http://pesquisa.in.gov.br/imprensa/jsp/visualiza/index.jsp?data=03/01/2023&jornal=515&pagina=210,
356,Ordinária,Ministério de Minas e Energia/Agência Nacional de Mineração/Superintendência de Outorga de Títulos Minerários,2023-01-03,http://pesquisa.in.gov.br/imprensa/jsp/visualiza/index.jsp?data=03/01/2023&jornal=515&pagina=210,
357,Ordinária,Ministério do Trabalho e Emprego/Secretaria de Trabalho/Subsecretaria de Relações do Trabalho/Coordenação-Geral de Registro Sindical,2023-01-03,http://pesquisa.in.gov.br/imprensa/jsp/visualiza/index.jsp?data=03/01/2023&jornal=515&pagina=246,
358,Ordinária,Ministério da Saúde/Gabinete do Ministro,2023-01-03,http://pesquisa.in.gov.br/imprensa/jsp/visualiza/index.jsp?data=03/01/2023&jornal=515&pagina=215,Habilita em caráter excepcional e temporário os Municípios descritos no anexo para recebimento de parcela única de recursos destinados à aquisição de equipamentos para Informatização dos Centros de Atenção Psicossocial infanto-juvenis (CAPSi).
359,Ordinária,Ministério da Justiça e Segurança Pública/Secretaria Nacional de Justiça/Departamento de Migrações/Coordenação-Geral de Imigração Laboral,2023-01-03,http://pesquisa.in.gov.br/imprensa/jsp/visualiza/index.jsp?data=03/01/2023&jornal=515&pagina=140,
360,Ordinária,Ministério da Saúde/Gabinete do Ministro,2023-01-03,http://pesquisa.in.gov.br/imprensa/jsp/visualiza/index.jsp?data=03/01/2023&jornal=515&pagina=215,"Estabelece recurso do Bloco de Manutenção das Ações e Serviços Públicos de Saúde - Grupo de Atenção Especializada, a ser incorporado ao limite financeiro de Média e Alta Complexidade - MAC do Estado do Ceará e Município de Caucaia."
361,Ordinária,Ministério dos Direitos Humanos e da Cidadania/Conselho Nacional dos Direitos da Criança e do Adolescente,2023-01-03,http://pesquisa.in.gov.br/imprensa/jsp/visualiza/index.jsp?data=03/01/2023&jornal=515&pagina=212,Estabelece diretrizes e parâmetros de atendimento socioeducativo às adolescentes privadas de liberdade no Sistema Nacional de Atendimento Socioeducativo (SINASE).
362,Ordinária,Ministério da Justiça e Segurança Pública/Secretaria Nacional de Justiça/Departamento de Migrações/Coordenação-Geral de Política Migratória/Coordenação de Processos Migratórios,2023-01-03,http://pesquisa.in.gov.br/imprensa/jsp/visualiza/index.jsp?data=03/01/2023&jornal=515&pagina=146,
363,Ordinária,Ministério da Educação/Instituto Nacional de Estudos e Pesquisas Educacionais Anísio Teixeira,2023-01-03,http://pesquisa.in.gov.br/imprensa/jsp/visualiza/index.jsp?data=03/01/2023&jornal=515&pagina=137,"Dispõe sobre o cronograma de divulgação dos produtos e indicadores produzidos pela Diretoria de Estatísticas Educacionais para o exercício de 2023, no âmbito do Instituto Nacional de Estudos e Pesquisas Educacionais Anísio Teixeira - Inep."
364,Ordinária,Ministério da Saúde/Agência Nacional de Vigilância Sanitária/Diretoria Colegiada,2023-01-03,http://pesquisa.in.gov.br/imprensa/jsp/visualiza/index.jsp?data=03/01/2023&jornal=515&pagina=246,
365,Ordinária,Ministério de Minas e Energia/Agência Nacional de Mineração/Superintendência de Segurança de Barragens de Mineração/Coordenação de Planejamento e Gestão de Barragens de Mineração - Eixo Norte,2023-01-03,http://pesquisa.in.gov.br/imprensa/jsp/visualiza/index.jsp?data=03/01/2023&jornal=515&pagina=210,
366,Ordinária,Ministério de Minas e Energia/Agência Nacional de Mineração/Superintendência de Outorga de Títulos Minerários,2023-01-03,http://pesquisa.in.gov.br/imprensa/jsp/visualiza/index.jsp?data=03/01/2023&jornal=515&pagina=209,
367,Ordinária,Ministério da Justiça e Segurança Pública/Conselho Administrativo de Defesa Econômica,2023-01-03,http://pesquisa.in.gov.br/imprensa/jsp/visualiza/index.jsp?data=03/01/2023&jornal=515&pagina=148,
368,Ordinária,"Ministério de Minas e Energia/Agência Nacional do Petróleo, Gás Natural e Biocombustíveis/Diretoria I/Superintendência de Distribuição e Logística",2023-01-03,http://pesquisa.in.gov.br/imprensa/jsp/visualiza/index.jsp?data=03/01/2023&jornal=515&pagina=211,
369,Ordinária,"Ministério da Fazenda/Superintendência de Seguros Privados/Diretoria Técnica 1/Coordenação-Geral de Regimes Especiais, Autorizações e Julgamentos",2023-01-03,http://pesquisa.in.gov.br/imprensa/jsp/visualiza/index.jsp?data=03/01/2023&jornal=515&pagina=11,
370,Ordinária,Ministério de Minas e Energia/Agência Nacional de Mineração/Superintendência de Outorga de Títulos Minerários,2023-01-03,http://pesquisa.in.gov.br/imprensa/jsp/visualiza/index.jsp?data=03/01/2023&jornal=515&pagina=209,
371,Ordinária,Ministério do Meio Ambiente e Mudança do Clima/Instituto Brasileiro do Meio Ambiente e dos Recursos Naturais Renováveis,2023-01-03,http://pesquisa.in.gov.br/imprensa/jsp/visualiza/index.jsp?data=03/01/2023&jornal=515&pagina=149,"Institui Grupo de Trabalho (GT) com objetivo de estabelecer metodologia e técnicas de levantamento de dados e produção da informação e reporte de resultados do indicador de Regeneração, Recuperação e Reposição Ambiental para fins de aferição da Meta Institucional Global do Ibama, fixada na Portaria do Ministério do Meio Ambiente nº 168, de 24 de junho de 2022."
372,Ordinária,Ministério Público da União/Ministério Público do Distrito Federal e Territórios/Procuradoria-Geral de Justiça/Conselho Superior,2023-01-03,http://pesquisa.in.gov.br/imprensa/jsp/visualiza/index.jsp?data=03/01/2023&jornal=515&pagina=247,Torna definitiva a criação da 2ª Promotoria de Justiça do Tribunal do Júri e de Delitos de Trânsito de Sobradinho e dá outras providências.
373,Ordinária,Ministério de Minas e Energia/Agência Nacional de Mineração/Gerência Regional da ANM no Estado de Minas Gerais,2023-01-03,http://pesquisa.in.gov.br/imprensa/jsp/visualiza/index.jsp?data=03/01/2023&jornal=515&pagina=208,
374,Ordinária,"Ministério de Minas e Energia/Agência Nacional do Petróleo, Gás Natural e Biocombustíveis/Diretoria I/Superintendência de Distribuição e Logística",2023-01-03,http://pesquisa.in.gov.br/imprensa/jsp/visualiza/index.jsp?data=03/01/2023&jornal=515&pagina=211,
375,Ordinária,"Ministério de Minas e Energia/Agência Nacional do Petróleo, Gás Natural e Biocombustíveis/Diretoria I/Superintendência de Distribuição e Logística",2023-01-03,http://pesquisa.in.gov.br/imprensa/jsp/visualiza/index.jsp?data=03/01/2023&jornal=515&pagina=210,
376,Ordinária,"Ministério de Minas e Energia/Agência Nacional do Petróleo, Gás Natural e Biocombustíveis/Diretoria I/Superintendência de Distribuição e Logística",2023-01-03,http://pesquisa.in.gov.br/imprensa/jsp/visualiza/index.jsp?data=03/01/2023&jornal=515&pagina=210,
377,Ordinária,Ministério de Minas e Energia/Agência Nacional de Mineração/Superintendência de Outorga de Títulos Minerários,2023-01-03,http://pesquisa.in.gov.br/imprensa/jsp/visualiza/index.jsp?data=03/01/2023&jornal=515&pagina=210,
378,Ordinária,"Ministério de Minas e Energia/Agência Nacional do Petróleo, Gás Natural e Biocombustíveis/Diretoria I/Superintendência de Distribuição e Logística",2023-01-03,http://pesquisa.in.gov.br/imprensa/jsp/visualiza/index.jsp?data=03/01/2023&jornal=515&pagina=211,
379,Ordinária,"Ministério de Minas e Energia/Agência Nacional do Petróleo, Gás Natural e Biocombustíveis/Diretoria I/Superintendência de Distribuição e Logística",2023-01-03,http://pesquisa.in.gov.br/imprensa/jsp/visualiza/index.jsp?data=03/01/2023&jornal=515&pagina=211,
380,Ordinária,Ministério da Saúde/Gabinete do Ministro,2023-01-03,http://pesquisa.in.gov.br/imprensa/jsp/visualiza/index.jsp?data=03/01/2023&jornal=515&pagina=215,"Estabelece recurso do Bloco de Manutenção das Ações e Serviços Públicos de Saúde - Grupo de Atenção Especializada, a ser incorporado ao limite financeiro de Média e Alta Complexidade - MAC do Estado do Rio de Janeiro e Município de Magé."
381,Ordinária,Ministério do Trabalho e Emprego/Secretaria de Trabalho/Subsecretaria de Relações do Trabalho/Coordenação-Geral de Registro Sindical,2023-01-03,http://pesquisa.in.gov.br/imprensa/jsp/visualiza/index.jsp?data=03/01/2023&jornal=515&pagina=246,
382,Ordinária,Ministério da Saúde/Gabinete do Ministro,2023-01-03,http://pesquisa.in.gov.br/imprensa/jsp/visualiza/index.jsp?data=03/01/2023&jornal=515&pagina=245,"Altera a Portaria GM/MS Nº 1.083, de 11 de maio de 2022, que estabelece os critérios e procedimentos a serem adotados para a celebração e execução dos Termos de Execução Descentralizada (TED) no âmbito do Ministério da Saúde."
383,Ordinária,"Ministério de Minas e Energia/Agência Nacional do Petróleo, Gás Natural e Biocombustíveis/Diretoria I/Superintendência de Distribuição e Logística",2023-01-03,http://pesquisa.in.gov.br/imprensa/jsp/visualiza/index.jsp?data=03/01/2023&jornal=515&pagina=210,
384,Ordinária,Ministério de Minas e Energia/Agência Nacional de Mineração/Superintendência de Outorga de Títulos Minerários,2023-01-03,http://pesquisa.in.gov.br/imprensa/jsp/visualiza/index.jsp?data=03/01/2023&jornal=515&pagina=209,
385,Ordinária,Ministério de Minas e Energia/Agência Nacional de Mineração/Superintendência de Outorga de Títulos Minerários,2023-01-03,http://pesquisa.in.gov.br/imprensa/jsp/visualiza/index.jsp?data=03/01/2023&jornal=515&pagina=209,
386,Ordinária,Ministério de Minas e Energia/Agência Nacional de Energia Elétrica/Superintendência de Fiscalização dos Serviços de Geração,2023-01-03,http://pesquisa.in.gov.br/imprensa/jsp/visualiza/index.jsp?data=03/01/2023&jornal=515&pagina=207,
387,Ordinária,"Ministério de Minas e Energia/Agência Nacional do Petróleo, Gás Natural e Biocombustíveis/Diretoria I/Superintendência de Distribuição e Logística",2023-01-03,http://pesquisa.in.gov.br/imprensa/jsp/visualiza/index.jsp?data=03/01/2023&jornal=515&pagina=211,
388,Ordinária,Ministério da Integração e Desenvolvimento Regional/Secretaria Nacional de Proteção e Defesa Civil,2023-01-03,http://pesquisa.in.gov.br/imprensa/jsp/visualiza/index.jsp?data=03/01/2023&jornal=515&pagina=3,"Autoriza o empenho e a transferência de recursos ao Município de São João Batista - SC, para execução de ações de Defesa Civil."
389,Ordinária,Ministério de Minas e Energia/Agência Nacional de Mineração/Superintendência de Outorga de Títulos Minerários,2023-01-03,http://pesquisa.in.gov.br/imprensa/jsp/visualiza/index.jsp?data=03/01/2023&jornal=515&pagina=209,
390,Ordinária,Ministério das Comunicações/Agência Nacional de Telecomunicações/Superintendência de Fiscalização/Gerência Regional nos Estados do Paraná e Santa Catarina,2023-01-03,http://pesquisa.in.gov.br/imprensa/jsp/visualiza/index.jsp?data=03/01/2023&jornal=515&pagina=2,
391,Ordinária,Ministério do Meio Ambiente e Mudança do Clima/Instituto Chico Mendes de Conservação da Biodiversidade,2023-01-03,http://pesquisa.in.gov.br/imprensa/jsp/visualiza/index.jsp?data=03/01/2023&jornal=515&pagina=150,"Modifica a composição do Conselho Deliberativo da Reserva Extrativista Alto Juruá, no estado do Acre (Processo nº 02119.000771/2022-19)."
392,Ordinária,Ministério de Minas e Energia/Agência Nacional de Mineração/Superintendência de Outorga de Títulos Minerários,2023-01-03,http://pesquisa.in.gov.br/imprensa/jsp/visualiza/index.jsp?data=03/01/2023&jornal=515&pagina=209,
393,Ordinária,Ministério das Comunicações/Agência Nacional de Telecomunicações/Superintendência de Fiscalização/Gerência Regional no Estado de Minas Gerais,2023-01-03,http://pesquisa.in.gov.br/imprensa/jsp/visualiza/index.jsp?data=03/01/2023&jornal=515&pagina=2,
394,Ordinária,Ministério dos Transportes/Agência Nacional de Aviação Civil/Superintendência de Padrões Operacionais,2023-01-03,http://pesquisa.in.gov.br/imprensa/jsp/visualiza/index.jsp?data=03/01/2023&jornal=515&pagina=138,
395,Ordinária,Ministério de Minas e Energia/Agência Nacional de Mineração/Superintendência de Outorga de Títulos Minerários,2023-01-03,http://pesquisa.in.gov.br/imprensa/jsp/visualiza/index.jsp?data=03/01/2023&jornal=515&pagina=209,
396,Ordinária,Ministério dos Transportes/Agência Nacional de Aviação Civil/Superintendência de Padrões Operacionais,2023-01-03,http://pesquisa.in.gov.br/imprensa/jsp/visualiza/index.jsp?data=03/01/2023&jornal=515&pagina=138,
397,Ordinária,"Ministério da Fazenda/Superintendência de Seguros Privados/Diretoria Técnica 1/Coordenação-Geral de Regimes Especiais, Autorizações e Julgamentos",2023-01-03,http://pesquisa.in.gov.br/imprensa/jsp/visualiza/index.jsp?data=03/01/2023&jornal=515&pagina=11,
398,Ordinária,Ministério de Minas e Energia/Agência Nacional de Mineração/Superintendência de Outorga de Títulos Minerários,2023-01-03,http://pesquisa.in.gov.br/imprensa/jsp/visualiza/index.jsp?data=03/01/2023&jornal=515&pagina=209,
399,Ordinária,Ministério de Minas e Energia/Agência Nacional de Mineração/Superintendência de Outorga de Títulos Minerários,2023-01-03,http://pesquisa.in.gov.br/imprensa/jsp/visualiza/index.jsp?data=03/01/2023&jornal=515&pagina=209,
400,Ordinária,Ministério da Educação/Secretaria de Educação Básica,2023-01-03,http://pesquisa.in.gov.br/imprensa/jsp/visualiza/index.jsp?data=03/01/2023&jornal=515&pagina=131,"Retifica o anexo da Portaria n. 153, de 29 de dezembro de 2022, que autoriza o Fundo Nacional de Desenvolvimento da Educação (FNDE) a realizar a transferência de recursos financeiros aos municípios e ao Distrito Federal para a manutenção de novas matrículas em novas turmas de educação infantil, conforme a Resolução CD/FNDE nº 16, de 16 de maio de 2013."
401,Ordinária,Ministério de Minas e Energia/Agência Nacional de Mineração/Gerência Regional da ANM no Estado de Minas Gerais,2023-01-03,http://pesquisa.in.gov.br/imprensa/jsp/visualiza/index.jsp?data=03/01/2023&jornal=515&pagina=208,
402,Ordinária,Ministério de Minas e Energia/Agência Nacional de Energia Elétrica/Superintendência de Gestão Tarifária,2023-01-03,http://pesquisa.in.gov.br/imprensa/jsp/visualiza/index.jsp?data=03/01/2023&jornal=515&pagina=207,
403,Ordinária,Ministério de Minas e Energia/Agência Nacional de Mineração/Gerência Regional da ANM no Estado de Minas Gerais,2023-01-03,http://pesquisa.in.gov.br/imprensa/jsp/visualiza/index.jsp?data=03/01/2023&jornal=515&pagina=208,
404,Ordinária,Ministério de Minas e Energia/Agência Nacional de Energia Elétrica,2023-01-03,http://pesquisa.in.gov.br/imprensa/jsp/visualiza/index.jsp?data=03/01/2023&jornal=515&pagina=207,
405,Ordinária,Ministério dos Transportes/Agência Nacional de Transportes Terrestres/Superintendência de Infraestrutura Rodoviária,2023-01-03,http://pesquisa.in.gov.br/imprensa/jsp/visualiza/index.jsp?data=03/01/2023&jornal=515&pagina=140,"Autoriza a implantação de acesso na rodovia BR-101/ES, sob concessão à Eco101 Concessionária de Rodovias S.A. - ECO101 - Interessado: Vitória Caminhões LTDA."
406,Ordinária,Ministério da Justiça e Segurança Pública/Conselho Administrativo de Defesa Econômica/Superintendência-Geral,2023-01-03,http://pesquisa.in.gov.br/imprensa/jsp/visualiza/index.jsp?data=03/01/2023&jornal=515&pagina=149,
407,Ordinária,Ministério de Minas e Energia/Agência Nacional de Energia Elétrica,2023-01-03,http://pesquisa.in.gov.br/imprensa/jsp/visualiza/index.jsp?data=03/01/2023&jornal=515&pagina=207,
408,Ordinária,Ministério da Educação/Fundo Nacional de Desenvolvimento da Educação,2023-01-03,http://pesquisa.in.gov.br/imprensa/jsp/visualiza/index.jsp?data=03/01/2023&jornal=515&pagina=136,"Divulga o Resultado Final do Concurso ''Brasil 200 Anos de Independência: Lendo nossa história, escrevendo nosso futuro"", no âmbito do Programa Nacional do Livro e do Material Didático, conforme Edital de Convocação nº 02/2022 - CGPLI."
409,Ordinária,Ministério de Minas e Energia/Agência Nacional de Energia Elétrica,2023-01-03,http://pesquisa.in.gov.br/imprensa/jsp/visualiza/index.jsp?data=03/01/2023&jornal=515&pagina=207,
410,Ordinária,Ministério de Minas e Energia/Agência Nacional de Mineração/Superintendência de Outorga de Títulos Minerários,2023-01-03,http://pesquisa.in.gov.br/imprensa/jsp/visualiza/index.jsp?data=03/01/2023&jornal=515&pagina=209,
411,Ordinária,Ministério de Minas e Energia/Agência Nacional de Mineração/Superintendência de Outorga de Títulos Minerários,2023-01-03,http://pesquisa.in.gov.br/imprensa/jsp/visualiza/index.jsp?data=03/01/2023&jornal=515&pagina=209,
412,Ordinária,Ministério de Minas e Energia/Agência Nacional de Mineração/Superintendência de Segurança de Barragens de Mineração/Coordenação de Planejamento e Gestão de Barragens de Mineração- Eixo Central/MG,2023-02-06,http://pesquisa.in.gov.br/imprensa/jsp/visualiza/index.jsp?data=06/02/2023&jornal=515&pagina=50,
413,Ordinária,Ministério de Minas e Energia/Agência Nacional de Mineração/Superintendência de Segurança de Barragens de Mineração/Coordenação de Planejamento e Gestão de Barragens de Mineração - Eixo Norte,2023-02-06,http://pesquisa.in.gov.br/imprensa/jsp/visualiza/index.jsp?data=06/02/2023&jornal=515&pagina=49,
414,Ordinária,Ministério da Saúde/Gabinete da Ministra,2023-02-06,http://pesquisa.in.gov.br/imprensa/jsp/visualiza/index.jsp?data=06/02/2023&jornal=515&pagina=54,
415,Ordinária,Ministério da Saúde/Agência Nacional de Vigilância Sanitária/2ª Diretoria/Gerência-Geral de Medicamentos,2023-02-06,http://pesquisa.in.gov.br/imprensa/jsp/visualiza/index.jsp?data=06/02/2023&jornal=515&pagina=56,
416,Ordinária,Ministério da Educação/Universidade Federal de Santa Catarina/Pró-Reitoria de Desenvolvimento e Gestão de Pessoas/Departamento de Desenvolvimento de Pessoas,2023-02-06,http://pesquisa.in.gov.br/imprensa/jsp/visualiza/index.jsp?data=06/02/2023&jornal=515&pagina=20,
417,Ordinária,Ministério da Agricultura e Pecuária/Gabinete do Ministro,2023-02-06,http://pesquisa.in.gov.br/imprensa/jsp/visualiza/index.jsp?data=06/02/2023&jornal=515&pagina=2,"Incorpora ao ordenamento jurídico nacional os Requisitos Zoossanitários dos Estados Partes para a importação de ovos para incubar de aves domésticas e de aves domésticas de um dia, aprovados pela Resolução MERCOSUL/GMC nº 07/22."
418,Ordinária,Ministério da Fazenda/Secretaria Especial da Receita Federal do Brasil/Subsecretaria-Geral da Receita Federal do Brasil/Superintendência Regional da Receita Federal do Brasil 8ª Região Fiscal/Delegacia da Receita Federal do Brasil em Sorocaba,2023-02-06,http://pesquisa.in.gov.br/imprensa/jsp/visualiza/index.jsp?data=06/02/2023&jornal=515&pagina=21,Habilita ao Regime Especial de Aquisição de Bens de Capital para Empresas Exportadoras (RECAP).
419,Ordinária,Ministério da Fazenda/Secretaria Especial da Receita Federal do Brasil/Subsecretaria-Geral da Receita Federal do Brasil/Superintendência Regional da Receita Federal do Brasil 10ª Região Fiscal/Delegacia da Receita Federal do Brasil em Caxias do Sul,2023-02-06,http://pesquisa.in.gov.br/imprensa/jsp/visualiza/index.jsp?data=06/02/2023&jornal=515&pagina=22,Exclui pessoa jurídica do Refis.
420,Ordinária,Ministério da Fazenda/Secretaria Especial da Receita Federal do Brasil/Subsecretaria-Geral da Receita Federal do Brasil/Superintendência Regional da Receita Federal do Brasil 3ª Região Fiscal/Alfândega da Receita Federal do Brasil em Fortaleza,2023-02-06,http://pesquisa.in.gov.br/imprensa/jsp/visualiza/index.jsp?data=06/02/2023&jornal=515&pagina=21,
421,Ordinária,Ministério de Minas e Energia/Agência Nacional de Mineração/Gerência Regional da ANM no Estado do Pará,2023-02-06,http://pesquisa.in.gov.br/imprensa/jsp/visualiza/index.jsp?data=06/02/2023&jornal=515&pagina=46,
422,Ordinária,Ministério da Fazenda/Secretaria Especial da Receita Federal do Brasil/Subsecretaria-Geral da Receita Federal do Brasil/Superintendência Regional da Receita Federal do Brasil 8ª Região Fiscal/Delegacia da Receita Federal do Brasil em Sorocaba,2023-02-06,http://pesquisa.in.gov.br/imprensa/jsp/visualiza/index.jsp?data=06/02/2023&jornal=515&pagina=22,Renova o Registro Especial de Controle de Papel Imune - Regpi
423,Ordinária,Ministério da Fazenda/Comissão de Valores Mobiliários/Superintendência-Geral/Superintendência de Supervisão de Investidores Institucionais/Gerência de Acompanhamento de Investidores Institucionais,2023-02-06,http://pesquisa.in.gov.br/imprensa/jsp/visualiza/index.jsp?data=06/02/2023&jornal=515&pagina=22,
424,Ordinária,Ministério da Saúde/Agência Nacional de Vigilância Sanitária/2ª Diretoria/Gerência-Geral de Medicamentos,2023-02-06,http://pesquisa.in.gov.br/imprensa/jsp/visualiza/index.jsp?data=06/02/2023&jornal=515&pagina=56,
425,Ordinária,Ministério da Fazenda/Secretaria Especial da Receita Federal do Brasil/Subsecretaria-Geral da Receita Federal do Brasil/Superintendência Regional da Receita Federal do Brasil 3ª Região Fiscal/Alfândega da Receita Federal do Brasil em Fortaleza,2023-02-06,http://pesquisa.in.gov.br/imprensa/jsp/visualiza/index.jsp?data=06/02/2023&jornal=515&pagina=21,"Altera artigo da Portaria ALF/FOR n.º 11, de 8 de novembro de 2022."
426,Ordinária,Ministério da Justiça e Segurança Pública/Polícia Rodoviária Federal,2023-02-06,http://pesquisa.in.gov.br/imprensa/jsp/visualiza/index.jsp?data=06/02/2023&jornal=515&pagina=26,
427,Ordinária,Ministério de Minas e Energia/Agência Nacional de Energia Elétrica,2023-02-06,http://pesquisa.in.gov.br/imprensa/jsp/visualiza/index.jsp?data=06/02/2023&jornal=515&pagina=42,
428,Ordinária,Ministério da Educação/Fundação Universidade Federal do Piauí,2023-02-06,http://pesquisa.in.gov.br/imprensa/jsp/visualiza/index.jsp?data=06/02/2023&jornal=515&pagina=20,
429,Ordinária,Ministério de Minas e Energia/Agência Nacional de Mineração/Gerência Regional da ANM no Estado do Pará,2023-02-06,http://pesquisa.in.gov.br/imprensa/jsp/visualiza/index.jsp?data=06/02/2023&jornal=515&pagina=47,
430,Ordinária,Ministério de Minas e Energia/Agência Nacional de Energia Elétrica,2023-02-06,http://pesquisa.in.gov.br/imprensa/jsp/visualiza/index.jsp?data=06/02/2023&jornal=515&pagina=43,
431,Ordinária,Ministério de Minas e Energia/Agência Nacional de Mineração/Gerência Regional da ANM no Estado do Ceará,2023-02-06,http://pesquisa.in.gov.br/imprensa/jsp/visualiza/index.jsp?data=06/02/2023&jornal=515&pagina=46,
432,Ordinária,Ministério de Minas e Energia/Agência Nacional de Mineração/Gerência Regional da ANM no Estado do Pará,2023-02-06,http://pesquisa.in.gov.br/imprensa/jsp/visualiza/index.jsp?data=06/02/2023&jornal=515&pagina=47,
433,Ordinária,Ministério da Justiça e Segurança Pública/Polícia Federal/Diretoria de Polícia Administrativa/Coordenação-Geral de Controle de Serviços e Produtos,2023-02-06,http://pesquisa.in.gov.br/imprensa/jsp/visualiza/index.jsp?data=06/02/2023&jornal=515&pagina=24,
434,Ordinária,Ministério de Minas e Energia/Agência Nacional de Energia Elétrica,2023-02-06,http://pesquisa.in.gov.br/imprensa/jsp/visualiza/index.jsp?data=06/02/2023&jornal=515&pagina=42,
435,Ordinária,Ministério de Minas e Energia/Agência Nacional de Mineração/Gerência Regional da ANM no Estado de Mato Grosso,2023-02-06,http://pesquisa.in.gov.br/imprensa/jsp/visualiza/index.jsp?data=06/02/2023&jornal=515&pagina=45,
436,Ordinária,Ministério de Minas e Energia/Agência Nacional de Mineração/Superintendência de Arrecadação e Fiscalização de Receitas/Coordenação de Cobrança de Auto de Infração e Taxas,2023-02-06,http://pesquisa.in.gov.br/imprensa/jsp/visualiza/index.jsp?data=06/02/2023&jornal=515&pagina=48,
437,Ordinária,Ministério de Minas e Energia/Agência Nacional de Mineração/Gerência Regional da ANM no Estado de Pernambuco,2023-02-06,http://pesquisa.in.gov.br/imprensa/jsp/visualiza/index.jsp?data=06/02/2023&jornal=515&pagina=46,
438,Ordinária,"Ministério de Minas e Energia/Agência Nacional do Petróleo, Gás Natural e Biocombustíveis/Diretoria I/Superintendência de Distribuição e Logística",2023-02-06,http://pesquisa.in.gov.br/imprensa/jsp/visualiza/index.jsp?data=06/02/2023&jornal=515&pagina=50,
439,Ordinária,"Ministério de Minas e Energia/Agência Nacional do Petróleo, Gás Natural e Biocombustíveis/Diretoria I/Superintendência de Distribuição e Logística",2023-02-06,http://pesquisa.in.gov.br/imprensa/jsp/visualiza/index.jsp?data=06/02/2023&jornal=515&pagina=50,
440,Ordinária,Ministério de Minas e Energia/Agência Nacional de Mineração/Gerência Regional da ANM no Estado do Rio Grande do Sul,2023-02-06,http://pesquisa.in.gov.br/imprensa/jsp/visualiza/index.jsp?data=06/02/2023&jornal=515&pagina=48,
441,Ordinária,"Ministério de Minas e Energia/Agência Nacional do Petróleo, Gás Natural e Biocombustíveis/Diretoria I/Superintendência de Distribuição e Logística",2023-02-06,http://pesquisa.in.gov.br/imprensa/jsp/visualiza/index.jsp?data=06/02/2023&jornal=515&pagina=50,
442,Ordinária,"Ministério de Minas e Energia/Agência Nacional do Petróleo, Gás Natural e Biocombustíveis/Diretoria I/Superintendência de Distribuição e Logística",2023-02-06,http://pesquisa.in.gov.br/imprensa/jsp/visualiza/index.jsp?data=06/02/2023&jornal=515&pagina=50,
443,Ordinária,Ministério de Minas e Energia/Agência Nacional de Mineração/Superintendência de Outorga de Títulos Minerários,2023-02-06,http://pesquisa.in.gov.br/imprensa/jsp/visualiza/index.jsp?data=06/02/2023&jornal=515&pagina=49,
444,Ordinária,Ministério de Minas e Energia/Agência Nacional de Mineração/Superintendência de Outorga de Títulos Minerários,2023-02-06,http://pesquisa.in.gov.br/imprensa/jsp/visualiza/index.jsp?data=06/02/2023&jornal=515&pagina=48,
445,Ordinária,Ministério das Comunicações/Agência Nacional de Telecomunicações/Superintendência de Outorga e Recursos à Prestação,2023-02-06,http://pesquisa.in.gov.br/imprensa/jsp/visualiza/index.jsp?data=06/02/2023&jornal=515&pagina=12,
446,Ordinária,"Ministério de Minas e Energia/Agência Nacional de Energia Elétrica/Superintendência de Concessões, Permissões e Autorizações de Transmissão e Distribuição",2023-02-06,http://pesquisa.in.gov.br/imprensa/jsp/visualiza/index.jsp?data=06/02/2023&jornal=515&pagina=43,
447,Ordinária,Ministério de Minas e Energia/Agência Nacional de Energia Elétrica/Superintendência de Fiscalização dos Serviços de Geração,2023-02-06,http://pesquisa.in.gov.br/imprensa/jsp/visualiza/index.jsp?data=06/02/2023&jornal=515&pagina=43,
448,Ordinária,Ministério de Minas e Energia/Agência Nacional de Mineração/Superintendência de Outorga de Títulos Minerários,2023-02-06,http://pesquisa.in.gov.br/imprensa/jsp/visualiza/index.jsp?data=06/02/2023&jornal=515&pagina=49,
449,Ordinária,Ministério das Comunicações/Agência Nacional de Telecomunicações/Superintendência de Fiscalização/Gerência Regional no Estado de São Paulo,2023-02-06,http://pesquisa.in.gov.br/imprensa/jsp/visualiza/index.jsp?data=06/02/2023&jornal=515&pagina=12,
450,Ordinária,Ministério de Minas e Energia/Agência Nacional de Mineração/Superintendência de Outorga de Títulos Minerários,2023-02-06,http://pesquisa.in.gov.br/imprensa/jsp/visualiza/index.jsp?data=06/02/2023&jornal=515&pagina=48,
451,Ordinária,Ministério da Justiça e Segurança Pública/Secretaria Nacional de Justiça,2023-02-06,http://pesquisa.in.gov.br/imprensa/jsp/visualiza/index.jsp?data=06/02/2023&jornal=515&pagina=31,
452,Ordinária,Ministério da Justiça e Segurança Pública/Secretaria Nacional de Justiça/Departamento de Migrações/Coordenação-Geral de Imigração Laboral,2023-02-06,http://pesquisa.in.gov.br/imprensa/jsp/visualiza/index.jsp?data=06/02/2023&jornal=515&pagina=31,
453,Ordinária,Ministério de Minas e Energia/Agência Nacional de Mineração/Superintendência de Outorga de Títulos Minerários,2023-02-06,http://pesquisa.in.gov.br/imprensa/jsp/visualiza/index.jsp?data=06/02/2023&jornal=515&pagina=49,
454,Ordinária,Ministério da Integração e do Desenvolvimento Regional/Secretaria Nacional de Proteção e Defesa Civil-MIDR,2023-02-06,http://pesquisa.in.gov.br/imprensa/jsp/visualiza/index.jsp?data=06/02/2023&jornal=515&pagina=23,"Autoriza o empenho e a transferência de recursos ao Município de Ipiaú-BA, para a execução de ações de Defesa Civil."
455,Ordinária,Ministério da Integração e do Desenvolvimento Regional/Secretaria Nacional de Proteção e Defesa Civil-MIDR,2023-02-06,http://pesquisa.in.gov.br/imprensa/jsp/visualiza/index.jsp?data=06/02/2023&jornal=515&pagina=23,
456,Ordinária,Ministério de Minas e Energia/Agência Nacional de Energia Elétrica,2023-02-06,http://pesquisa.in.gov.br/imprensa/jsp/visualiza/index.jsp?data=06/02/2023&jornal=515&pagina=42,
457,Ordinária,Ministério de Minas e Energia/Agência Nacional de Energia Elétrica,2023-02-06,http://pesquisa.in.gov.br/imprensa/jsp/visualiza/index.jsp?data=06/02/2023&jornal=515&pagina=42,
458,Ordinária,Ministério de Minas e Energia/Agência Nacional de Energia Elétrica/Superintendência de Regulação Econômica e Estudos do Mercado,2023-02-06,http://pesquisa.in.gov.br/imprensa/jsp/visualiza/index.jsp?data=06/02/2023&jornal=515&pagina=43,
459,Ordinária,Ministério de Minas e Energia/Agência Nacional de Energia Elétrica,2023-02-06,http://pesquisa.in.gov.br/imprensa/jsp/visualiza/index.jsp?data=06/02/2023&jornal=515&pagina=43,
460,Ordinária,Ministério de Minas e Energia/Agência Nacional de Mineração/Gerência Regional da ANM no Estado do Rio Grande do Sul,2023-02-06,http://pesquisa.in.gov.br/imprensa/jsp/visualiza/index.jsp?data=06/02/2023&jornal=515&pagina=47,
461,Ordinária,Ministério de Minas e Energia/Agência Nacional de Mineração/Gerência Regional da ANM no Estado do Pará,2023-02-06,http://pesquisa.in.gov.br/imprensa/jsp/visualiza/index.jsp?data=06/02/2023&jornal=515&pagina=46,
462,Ordinária,Ministério de Minas e Energia/Agência Nacional de Mineração/Superintendência de Outorga de Títulos Minerários,2023-02-06,http://pesquisa.in.gov.br/imprensa/jsp/visualiza/index.jsp?data=06/02/2023&jornal=515&pagina=48,
463,Ordinária,Ministério de Minas e Energia/Agência Nacional de Mineração/Superintendência de Outorga de Títulos Minerários,2023-02-06,http://pesquisa.in.gov.br/imprensa/jsp/visualiza/index.jsp?data=06/02/2023&jornal=515&pagina=48,
464,Ordinária,Ministério de Minas e Energia/Agência Nacional de Mineração/Superintendência de Outorga de Títulos Minerários,2023-02-06,http://pesquisa.in.gov.br/imprensa/jsp/visualiza/index.jsp?data=06/02/2023&jornal=515&pagina=49,
465,Ordinária,Ministério de Minas e Energia/Agência Nacional de Mineração/Superintendência de Outorga de Títulos Minerários,2023-02-06,http://pesquisa.in.gov.br/imprensa/jsp/visualiza/index.jsp?data=06/02/2023&jornal=515&pagina=49,
466,Ordinária,Ministério de Minas e Energia/Agência Nacional de Mineração/Superintendência de Outorga de Títulos Minerários,2023-02-06,http://pesquisa.in.gov.br/imprensa/jsp/visualiza/index.jsp?data=06/02/2023&jornal=515&pagina=49,
467,Ordinária,"Ministério de Minas e Energia/Agência Nacional do Petróleo, Gás Natural e Biocombustíveis/Diretoria I/Superintendência de Segurança Operacional e Meio Ambiente",2023-02-06,http://pesquisa.in.gov.br/imprensa/jsp/visualiza/index.jsp?data=06/02/2023&jornal=515&pagina=50,
468,Ordinária,Ministério de Minas e Energia/Agência Nacional de Mineração/Gerência Regional da ANM no Estado do Pará,2023-02-06,http://pesquisa.in.gov.br/imprensa/jsp/visualiza/index.jsp?data=06/02/2023&jornal=515&pagina=47,
469,Ordinária,Ministério de Minas e Energia/Agência Nacional de Mineração/Superintendência de Outorga de Títulos Minerários,2023-02-06,http://pesquisa.in.gov.br/imprensa/jsp/visualiza/index.jsp?data=06/02/2023&jornal=515&pagina=49,
470,Ordinária,Ministério de Minas e Energia/Agência Nacional de Mineração/Superintendência de Outorga de Títulos Minerários,2023-02-06,http://pesquisa.in.gov.br/imprensa/jsp/visualiza/index.jsp?data=06/02/2023&jornal=515&pagina=49,
471,Ordinária,"Ministério de Minas e Energia/Agência Nacional do Petróleo, Gás Natural e Biocombustíveis/Diretoria IV/Superintendência de Produção de Combustíveis",2023-02-06,http://pesquisa.in.gov.br/imprensa/jsp/visualiza/index.jsp?data=06/02/2023&jornal=515&pagina=51,
472,Ordinária,"Ministério de Minas e Energia/Agência Nacional do Petróleo, Gás Natural e Biocombustíveis/Diretoria I/Superintendência de Distribuição e Logística",2023-02-06,http://pesquisa.in.gov.br/imprensa/jsp/visualiza/index.jsp?data=06/02/2023&jornal=515&pagina=50,
473,Ordinária,Ministério de Portos e Aeroportos/Agência Nacional de Aviação Civil,2023-02-06,http://pesquisa.in.gov.br/imprensa/jsp/visualiza/index.jsp?data=06/02/2023&jornal=515&pagina=51,
474,Ordinária,Ministério de Portos e Aeroportos/Agência Nacional de Aviação Civil/Superintendência de Padrões Operacionais,2023-02-06,http://pesquisa.in.gov.br/imprensa/jsp/visualiza/index.jsp?data=06/02/2023&jornal=515&pagina=51,
475,Ordinária,Ministério da Justiça e Segurança Pública/Conselho Administrativo de Defesa Econômica/Superintendência-Geral,2023-02-06,http://pesquisa.in.gov.br/imprensa/jsp/visualiza/index.jsp?data=06/02/2023&jornal=515&pagina=41,
476,Ordinária,Ministério de Minas e Energia/Agência Nacional de Mineração/Gerência Regional da ANM no Estado do Rio Grande do Sul,2023-02-06,http://pesquisa.in.gov.br/imprensa/jsp/visualiza/index.jsp?data=06/02/2023&jornal=515&pagina=48,
477,Ordinária,Ministério do Meio Ambiente e Mudança do Clima/Agência Nacional de Águas e Saneamento Básico/Superintendência de Regulação de Usos de Recursos Hídricos,2023-02-06,http://pesquisa.in.gov.br/imprensa/jsp/visualiza/index.jsp?data=06/02/2023&jornal=515&pagina=41,
478,Ordinária,Ministério de Minas e Energia/Agência Nacional de Mineração/Superintendência de Outorga de Títulos Minerários,2023-02-06,http://pesquisa.in.gov.br/imprensa/jsp/visualiza/index.jsp?data=06/02/2023&jornal=515&pagina=49,
479,Ordinária,Ministério de Minas e Energia/Agência Nacional de Mineração/Superintendência de Outorga de Títulos Minerários,2023-02-06,http://pesquisa.in.gov.br/imprensa/jsp/visualiza/index.jsp?data=06/02/2023&jornal=515&pagina=48,
480,Ordinária,Ministério de Minas e Energia/Agência Nacional de Energia Elétrica,2023-02-06,http://pesquisa.in.gov.br/imprensa/jsp/visualiza/index.jsp?data=06/02/2023&jornal=515&pagina=43,
481,Ordinária,Ministério de Minas e Energia/Agência Nacional de Mineração/Gerência Regional da ANM no Estado de Paraíba,2023-02-06,http://pesquisa.in.gov.br/imprensa/jsp/visualiza/index.jsp?data=06/02/2023&jornal=515&pagina=45,
482,Ordinária,Ministério de Minas e Energia/Agência Nacional de Mineração/Gerência Regional da ANM no Estado de Mato Grosso do Sul,2023-02-06,http://pesquisa.in.gov.br/imprensa/jsp/visualiza/index.jsp?data=06/02/2023&jornal=515&pagina=45,
483,Ordinária,Ministério das Comunicações/Agência Nacional de Telecomunicações/Superintendência de Fiscalização/Gerência Regional nos Estados do Paraná e Santa Catarina,2023-02-06,http://pesquisa.in.gov.br/imprensa/jsp/visualiza/index.jsp?data=06/02/2023&jornal=515&pagina=12,
484,Ordinária,Ministério de Minas e Energia/Agência Nacional de Energia Elétrica,2023-02-06,http://pesquisa.in.gov.br/imprensa/jsp/visualiza/index.jsp?data=06/02/2023&jornal=515&pagina=42,
485,Ordinária,Ministério da Educação/Universidade Federal de Santa Catarina/Pró-Reitoria de Desenvolvimento e Gestão de Pessoas/Departamento de Desenvolvimento de Pessoas,2023-02-06,http://pesquisa.in.gov.br/imprensa/jsp/visualiza/index.jsp?data=06/02/2023&jornal=515&pagina=20,
486,Ordinária,Ministério da Fazenda/Secretaria Especial da Receita Federal do Brasil/Subsecretaria-Geral da Receita Federal do Brasil/Superintendência Regional da Receita Federal do Brasil 8ª Região Fiscal/Delegacia da Receita Federal do Brasil em Sorocaba,2023-02-06,http://pesquisa.in.gov.br/imprensa/jsp/visualiza/index.jsp?data=06/02/2023&jornal=515&pagina=21,Renova o Registro Especial de Controle de Papel Imune na atividade de Gráfica
487,Ordinária,Ministério de Minas e Energia/Gabinete do Ministro,2023-02-06,http://pesquisa.in.gov.br/imprensa/jsp/visualiza/index.jsp?data=06/02/2023&jornal=515&pagina=41,
488,Ordinária,Ministério de Minas e Energia/Agência Nacional de Energia Elétrica,2023-02-06,http://pesquisa.in.gov.br/imprensa/jsp/visualiza/index.jsp?data=06/02/2023&jornal=515&pagina=41,
489,Ordinária,Ministério da Agricultura e Pecuária/Gabinete do Ministro,2023-02-06,http://pesquisa.in.gov.br/imprensa/jsp/visualiza/index.jsp?data=06/02/2023&jornal=515&pagina=4,"Incorpora ao ordenamento jurídico brasileiro dos Requisitos Fitossanitários para Hordeum vulgare (Cevada) segundo País de Destino e Origem, para os Estados Partes do Mercosul, aprovados pela Resolução MERCOSUL/GMC/RES nº 14/22."
490,Ordinária,Ministério da Saúde/Agência Nacional de Vigilância Sanitária/2ª Diretoria/Gerência-Geral de Medicamentos,2023-02-06,http://pesquisa.in.gov.br/imprensa/jsp/visualiza/index.jsp?data=06/02/2023&jornal=515&pagina=59,
491,Ordinária,Ministério da Saúde/Agência Nacional de Vigilância Sanitária/2ª Diretoria/Gerência-Geral de Medicamentos,2023-02-06,http://pesquisa.in.gov.br/imprensa/jsp/visualiza/index.jsp?data=06/02/2023&jornal=515&pagina=59,
492,Ordinária,Ministério de Minas e Energia/Agência Nacional de Mineração/Gerência Regional da ANM no Estado de Sergipe,2023-02-06,http://pesquisa.in.gov.br/imprensa/jsp/visualiza/index.jsp?data=06/02/2023&jornal=515&pagina=46,
493,Ordinária,Ministério de Minas e Energia/Agência Nacional de Energia Elétrica,2023-02-06,http://pesquisa.in.gov.br/imprensa/jsp/visualiza/index.jsp?data=06/02/2023&jornal=515&pagina=42,
494,Ordinária,Ministério da Saúde/Secretaria de Atenção Especializada à Saúde/Departamento de Gestão Hospitalar no Estado do Rio de Janeiro/Hospital Federal dos Servidores do Estado,2023-02-06,http://pesquisa.in.gov.br/imprensa/jsp/visualiza/index.jsp?data=06/02/2023&jornal=515&pagina=54,
495,Ordinária,Ministério da Saúde/Agência Nacional de Vigilância Sanitária/2ª Diretoria/Gerência-Geral de Alimentos,2023-02-06,http://pesquisa.in.gov.br/imprensa/jsp/visualiza/index.jsp?data=06/02/2023&jornal=515&pagina=55,
496,Ordinária,Ministério de Minas e Energia/Agência Nacional de Mineração/Gerência Regional da ANM no Estado de Sergipe,2023-02-06,http://pesquisa.in.gov.br/imprensa/jsp/visualiza/index.jsp?data=06/02/2023&jornal=515&pagina=46,
497,Ordinária,Ministério de Minas e Energia/Agência Nacional de Mineração/Gerência Regional da ANM no Estado de Pernambuco,2023-02-06,http://pesquisa.in.gov.br/imprensa/jsp/visualiza/index.jsp?data=06/02/2023&jornal=515&pagina=46,
498,Ordinária,Ministério de Minas e Energia/Agência Nacional de Mineração/Gerência Regional da ANM no Estado de Paraíba,2023-02-06,http://pesquisa.in.gov.br/imprensa/jsp/visualiza/index.jsp?data=06/02/2023&jornal=515&pagina=45,
499,Ordinária,Ministério de Minas e Energia/Agência Nacional de Mineração/Gerência Regional da ANM no Estado de Mato Grosso do Sul,2023-02-06,http://pesquisa.in.gov.br/imprensa/jsp/visualiza/index.jsp?data=06/02/2023&jornal=515&pagina=45,
500,Ordinária,Ministério de Minas e Energia/Agência Nacional de Mineração/Gerência Regional da ANM no Estado da Bahia,2023-02-06,http://pesquisa.in.gov.br/imprensa/jsp/visualiza/index.jsp?data=06/02/2023&jornal=515&pagina=45,
501,Ordinária,Ministério de Minas e Energia/Agência Nacional de Mineração/Gerência Regional da ANM no Estado da Bahia,2023-02-06,http://pesquisa.in.gov.br/imprensa/jsp/visualiza/index.jsp?data=06/02/2023&jornal=515&pagina=44,
502,Ordinária,Ministério de Minas e Energia/Agência Nacional de Mineração/Superintendência de Outorga de Títulos Minerários,2023-02-06,http://pesquisa.in.gov.br/imprensa/jsp/visualiza/index.jsp?data=06/02/2023&jornal=515&pagina=49,
503,Ordinária,Ministério de Minas e Energia/Agência Nacional de Mineração/Gerência Regional da ANM no Estado de Paraíba,2023-02-06,http://pesquisa.in.gov.br/imprensa/jsp/visualiza/index.jsp?data=06/02/2023&jornal=515&pagina=46,
504,Ordinária,Ministério de Minas e Energia/Agência Nacional de Mineração/Gerência Regional da ANM no Estado da Bahia,2023-02-06,http://pesquisa.in.gov.br/imprensa/jsp/visualiza/index.jsp?data=06/02/2023&jornal=515&pagina=44,
505,Ordinária,Ministério da Agricultura e Pecuária/Secretaria de Defesa Agropecuária/Departamento de Sanidade Vegetal e Insumos Agrícolas/Coordenação do Serviço Nacional de Proteção de Cultivares,2023-02-06,http://pesquisa.in.gov.br/imprensa/jsp/visualiza/index.jsp?data=06/02/2023&jornal=515&pagina=9,
506,Ordinária,Ministério Público da União/Ministério Público do Trabalho/Procuradoria-Geral,2023-02-06,http://pesquisa.in.gov.br/imprensa/jsp/visualiza/index.jsp?data=06/02/2023&jornal=515&pagina=85,
507,Ordinária,Ministério dos Transportes/Agência Nacional de Transportes Terrestres/Superintendência de Serviços de Transporte Rodoviário de Passageiros,2023-02-06,http://pesquisa.in.gov.br/imprensa/jsp/visualiza/index.jsp?data=06/02/2023&jornal=515&pagina=84,
508,Ordinária,Ministério da Saúde/Agência Nacional de Vigilância Sanitária/2ª Diretoria/Gerência-Geral de Alimentos,2023-02-06,http://pesquisa.in.gov.br/imprensa/jsp/visualiza/index.jsp?data=06/02/2023&jornal=515&pagina=55,
509,Ordinária,Ministério de Minas e Energia/Agência Nacional de Mineração/Gerência Regional da ANM no Estado da Bahia,2023-02-06,http://pesquisa.in.gov.br/imprensa/jsp/visualiza/index.jsp?data=06/02/2023&jornal=515&pagina=44,
510,Ordinária,Ministério de Minas e Energia/Agência Nacional de Mineração/Gerência Regional da ANM no Estado da Bahia,2023-02-06,http://pesquisa.in.gov.br/imprensa/jsp/visualiza/index.jsp?data=06/02/2023&jornal=515&pagina=44,
511,Ordinária,Ministério das Comunicações/Agência Nacional de Telecomunicações/Superintendência de Outorga e Recursos à Prestação/Gerência de Outorga e Licenciamento de Estações,2023-02-06,http://pesquisa.in.gov.br/imprensa/jsp/visualiza/index.jsp?data=06/02/2023&jornal=515&pagina=12,
512,Ordinária,Ministério da Saúde/Agência Nacional de Vigilância Sanitária/2ª Diretoria/Gerência-Geral de Alimentos,2023-02-06,http://pesquisa.in.gov.br/imprensa/jsp/visualiza/index.jsp?data=06/02/2023&jornal=515&pagina=55,
513,Ordinária,Ministério da Saúde/Gabinete da Ministra,2023-02-06,http://pesquisa.in.gov.br/imprensa/jsp/visualiza/index.jsp?data=06/02/2023&jornal=515&pagina=53,"Prorroga o prazo para o início para manutenção do recebimento do Incremento Financeiro para a Realização de Procedimentos de Transplantes e o Processo de Doação de Órgãos (IFTDO), implementação e o início do 1º Ciclo do Programa de Qualidade no Processo de Doação e Transplantes (QUALIDOT)."
514,Ordinária,Ministério das Comunicações/Agência Nacional de Telecomunicações/Superintendência de Outorga e Recursos à Prestação/Gerência de Outorga e Licenciamento de Estações,2023-02-06,http://pesquisa.in.gov.br/imprensa/jsp/visualiza/index.jsp?data=06/02/2023&jornal=515&pagina=12,
515,Ordinária,Ministério da Saúde/Gabinete da Ministra,2023-02-06,http://pesquisa.in.gov.br/imprensa/jsp/visualiza/index.jsp?data=06/02/2023&jornal=515&pagina=53,"Institui o Programa Nacional de Redução das Filas de Cirurgias Eletivas, Exames Complementares e Consultas Especializadas."
516,Ordinária,Ministério das Comunicações/Agência Nacional de Telecomunicações/Superintendência de Fiscalização/Gerência Regional nos Estados do Paraná e Santa Catarina,2023-02-06,http://pesquisa.in.gov.br/imprensa/jsp/visualiza/index.jsp?data=06/02/2023&jornal=515&pagina=12,
517,Ordinária,Ministério da Saúde/Gabinete da Ministra,2023-02-06,http://pesquisa.in.gov.br/imprensa/jsp/visualiza/index.jsp?data=06/02/2023&jornal=515&pagina=53,"Institui a Comissão de Avaliação, Acompanhamento e Supervisão dos Atos de Gestão Administrativa e dos Atos Finalísticos da Agência para o Desenvolvimento da Atenção Primária à Saúde - Adaps."
518,Ordinária,Ministério de Portos e Aeroportos/Agência Nacional de Aviação Civil/Superintendência de Ação Fiscal,2023-02-06,http://pesquisa.in.gov.br/imprensa/jsp/visualiza/index.jsp?data=06/02/2023&jornal=515&pagina=52,
519,Ordinária,Ministério da Saúde/Agência Nacional de Vigilância Sanitária/2ª Diretoria/Gerência-Geral de Alimentos,2023-02-06,http://pesquisa.in.gov.br/imprensa/jsp/visualiza/index.jsp?data=06/02/2023&jornal=515&pagina=54,
520,Ordinária,Ministério da Saúde/Agência Nacional de Vigilância Sanitária/2ª Diretoria/Gerência-Geral de Medicamentos,2023-02-06,http://pesquisa.in.gov.br/imprensa/jsp/visualiza/index.jsp?data=06/02/2023&jornal=515&pagina=60,
521,Ordinária,Ministério de Portos e Aeroportos/Agência Nacional de Transportes Aquaviários/Superintendência de Outorgas,2023-02-06,http://pesquisa.in.gov.br/imprensa/jsp/visualiza/index.jsp?data=06/02/2023&jornal=515&pagina=52,
522,Ordinária,Ministério da Previdência Social/Superintendência Nacional de Previdência Complementar/Diretoria de Licenciamento,2023-02-06,http://pesquisa.in.gov.br/imprensa/jsp/visualiza/index.jsp?data=06/02/2023&jornal=515&pagina=52,
523,Ordinária,Ministério de Portos e Aeroportos/Agência Nacional de Transportes Aquaviários/Superintendência de Outorgas,2023-02-06,http://pesquisa.in.gov.br/imprensa/jsp/visualiza/index.jsp?data=06/02/2023&jornal=515&pagina=52,
524,Ordinária,Ministério de Portos e Aeroportos/Agência Nacional de Aviação Civil/Superintendência de Pessoal da Aviação Civil/Gerência de Certificação de Organizações de Instrução/Gerência Técnica de Organização de Formação,2023-02-06,http://pesquisa.in.gov.br/imprensa/jsp/visualiza/index.jsp?data=06/02/2023&jornal=515&pagina=52,
525,Ordinária,Ministério da Previdência Social/Superintendência Nacional de Previdência Complementar/Diretoria de Licenciamento,2023-02-06,http://pesquisa.in.gov.br/imprensa/jsp/visualiza/index.jsp?data=06/02/2023&jornal=515&pagina=52,
526,Ordinária,Ministério de Portos e Aeroportos/Agência Nacional de Aviação Civil/Superintendência de Pessoal da Aviação Civil/Gerência de Certificação de Organizações de Instrução/Gerência Técnica de Organização de Formação,2023-02-06,http://pesquisa.in.gov.br/imprensa/jsp/visualiza/index.jsp?data=06/02/2023&jornal=515&pagina=52,
527,Ordinária,Ministério de Portos e Aeroportos/Agência Nacional de Aviação Civil/Superintendência de Infraestrutura Aeroportuária/Gerência de Certificação e Segurança Operacional,2023-02-06,http://pesquisa.in.gov.br/imprensa/jsp/visualiza/index.jsp?data=06/02/2023&jornal=515&pagina=51,
528,Ordinária,Ministério de Portos e Aeroportos/Agência Nacional de Aviação Civil/Superintendência de Aeronavegabilidade,2023-02-06,http://pesquisa.in.gov.br/imprensa/jsp/visualiza/index.jsp?data=06/02/2023&jornal=515&pagina=51,
529,Ordinária,"Ministério de Minas e Energia/Agência Nacional do Petróleo, Gás Natural e Biocombustíveis/Diretoria I/Superintendência de Distribuição e Logística",2023-02-06,http://pesquisa.in.gov.br/imprensa/jsp/visualiza/index.jsp?data=06/02/2023&jornal=515&pagina=51,
530,Ordinária,"Ministério de Minas e Energia/Agência Nacional do Petróleo, Gás Natural e Biocombustíveis/Diretoria I/Superintendência de Distribuição e Logística",2023-02-06,http://pesquisa.in.gov.br/imprensa/jsp/visualiza/index.jsp?data=06/02/2023&jornal=515&pagina=50,
531,Ordinária,"Ministério de Minas e Energia/Agência Nacional do Petróleo, Gás Natural e Biocombustíveis/Diretoria I/Superintendência de Distribuição e Logística",2023-02-06,http://pesquisa.in.gov.br/imprensa/jsp/visualiza/index.jsp?data=06/02/2023&jornal=515&pagina=50,
532,Ordinária,"Ministério de Minas e Energia/Agência Nacional do Petróleo, Gás Natural e Biocombustíveis/Diretoria I/Superintendência de Distribuição e Logística",2023-02-06,http://pesquisa.in.gov.br/imprensa/jsp/visualiza/index.jsp?data=06/02/2023&jornal=515&pagina=50,
533,Ordinária,Ministério de Minas e Energia/Agência Nacional de Mineração/Superintendência de Outorga de Títulos Minerários,2023-02-06,http://pesquisa.in.gov.br/imprensa/jsp/visualiza/index.jsp?data=06/02/2023&jornal=515&pagina=49,
534,Ordinária,Ministério de Minas e Energia/Agência Nacional de Mineração/Superintendência de Outorga de Títulos Minerários,2023-02-06,http://pesquisa.in.gov.br/imprensa/jsp/visualiza/index.jsp?data=06/02/2023&jornal=515&pagina=49,
535,Ordinária,Ministério de Minas e Energia/Agência Nacional de Mineração/Superintendência de Outorga de Títulos Minerários,2023-02-06,http://pesquisa.in.gov.br/imprensa/jsp/visualiza/index.jsp?data=06/02/2023&jornal=515&pagina=49,
536,Ordinária,Ministério de Minas e Energia/Agência Nacional de Mineração/Superintendência de Outorga de Títulos Minerários,2023-02-06,http://pesquisa.in.gov.br/imprensa/jsp/visualiza/index.jsp?data=06/02/2023&jornal=515&pagina=48,
537,Ordinária,Ministério de Minas e Energia/Agência Nacional de Mineração/Superintendência de Outorga de Títulos Minerários,2023-02-06,http://pesquisa.in.gov.br/imprensa/jsp/visualiza/index.jsp?data=06/02/2023&jornal=515&pagina=48,
538,Ordinária,Ministério de Minas e Energia/Agência Nacional de Mineração/Gerência Regional da ANM no Estado do Rio Grande do Norte,2023-02-06,http://pesquisa.in.gov.br/imprensa/jsp/visualiza/index.jsp?data=06/02/2023&jornal=515&pagina=47,
539,Ordinária,Ministério de Minas e Energia/Agência Nacional de Mineração/Gerência Regional da ANM no Estado da Bahia,2023-02-06,http://pesquisa.in.gov.br/imprensa/jsp/visualiza/index.jsp?data=06/02/2023&jornal=515&pagina=45,
540,Ordinária,Ministério de Minas e Energia/Agência Nacional de Energia Elétrica,2023-02-06,http://pesquisa.in.gov.br/imprensa/jsp/visualiza/index.jsp?data=06/02/2023&jornal=515&pagina=43,
541,Ordinária,"Ministério da Saúde/Agência Nacional de Vigilância Sanitária/2ª Diretoria/Gerência-Geral de Produtos Biológicos, Radiofármacos, Sangue, Tecidos, Células, Órgãos e Prod de Terapias Avan",2023-02-06,http://pesquisa.in.gov.br/imprensa/jsp/visualiza/index.jsp?data=06/02/2023&jornal=515&pagina=60,
542,Ordinária,Ministério dos Povos Indígenas/Gabinete da Ministra,2023-02-06,http://pesquisa.in.gov.br/imprensa/jsp/visualiza/index.jsp?data=06/02/2023&jornal=515&pagina=52,Delega e subdelega competências do Ministério dos Povos Indígenas ao Presidente da Fundação Nacional dos Povos Indígenas.
543,Ordinária,Ministério de Portos e Aeroportos/Agência Nacional de Aviação Civil/Superintendência de Infraestrutura Aeroportuária/Gerência de Certificação e Segurança Operacional,2023-02-06,http://pesquisa.in.gov.br/imprensa/jsp/visualiza/index.jsp?data=06/02/2023&jornal=515&pagina=51,
544,Ordinária,Ministério de Minas e Energia/Agência Nacional de Mineração/Superintendência de Outorga de Títulos Minerários,2023-02-06,http://pesquisa.in.gov.br/imprensa/jsp/visualiza/index.jsp?data=06/02/2023&jornal=515&pagina=48,
545,Ordinária,Ministério de Minas e Energia/Agência Nacional de Energia Elétrica/Superintendência de Regulação Econômica e Estudos do Mercado,2023-02-06,http://pesquisa.in.gov.br/imprensa/jsp/visualiza/index.jsp?data=06/02/2023&jornal=515&pagina=43,
546,Ordinária,Ministério da Justiça e Segurança Pública/Secretaria Nacional de Justiça/Departamento de Migrações/Coordenação-Geral de Política Migratória/Coordenação de Processos Migratórios/Divisão de Naturalização,2023-02-06,http://pesquisa.in.gov.br/imprensa/jsp/visualiza/index.jsp?data=06/02/2023&jornal=515&pagina=41,
547,Ordinária,Ministério da Justiça e Segurança Pública/Secretaria Nacional de Justiça/Departamento de Migrações/Coordenação-Geral de Política Migratória/Coordenação de Processos Migratórios,2023-02-06,http://pesquisa.in.gov.br/imprensa/jsp/visualiza/index.jsp?data=06/02/2023&jornal=515&pagina=38,
548,Ordinária,Ministério da Justiça e Segurança Pública/Secretaria Nacional de Justiça/Departamento de Migrações/Coordenação-Geral de Política Migratória/Coordenação de Processos Migratórios,2023-02-06,http://pesquisa.in.gov.br/imprensa/jsp/visualiza/index.jsp?data=06/02/2023&jornal=515&pagina=36,
549,Ordinária,Ministério da Integração e do Desenvolvimento Regional/Secretaria Nacional de Proteção e Defesa Civil-MIDR,2023-02-06,http://pesquisa.in.gov.br/imprensa/jsp/visualiza/index.jsp?data=06/02/2023&jornal=515&pagina=23,"Autoriza a transferência de recursos ao Município de Três Cachoeiras-RS, para a execução de ações de Defesa Civil."
550,Ordinária,Ministério da Justiça e Segurança Pública/Secretaria Nacional de Justiça/Departamento de Migrações/Coordenação-Geral de Política Migratória/Coordenação de Processos Migratórios,2023-02-06,http://pesquisa.in.gov.br/imprensa/jsp/visualiza/index.jsp?data=06/02/2023&jornal=515&pagina=36,
551,Ordinária,Ministério da Integração e do Desenvolvimento Regional/Secretaria Nacional de Proteção e Defesa Civil-MIDR,2023-02-06,http://pesquisa.in.gov.br/imprensa/jsp/visualiza/index.jsp?data=06/02/2023&jornal=515&pagina=23,"Autoriza o empenho e a transferência de recursos ao Município de Iguaí-BA, para a execução de ações de Defesa Civil."
552,Ordinária,Ministério da Gestão e da Inovação em Serviços Públicos/Fundação Escola Nacional de Administração Pública,2023-02-06,http://pesquisa.in.gov.br/imprensa/jsp/visualiza/index.jsp?data=06/02/2023&jornal=515&pagina=22,
553,Ordinária,Ministério da Fazenda/Secretaria Especial da Receita Federal do Brasil/Subsecretaria-Geral da Receita Federal do Brasil/Superintendência Regional da Receita Federal do Brasil 1ª Região Fiscal/Delegacia da Receita Federal do Brasil em Brasília,2023-02-06,http://pesquisa.in.gov.br/imprensa/jsp/visualiza/index.jsp?data=06/02/2023&jornal=515&pagina=20,Declara a NULIDADE da CERTIDÃO POSITIVA COM EFEITOS DE NEGATIVA DE DÉBITOS RELATIVOS AOS TRIBUTOS FEDERAIS E À DÍVIDA ATIVA DA UNIÃO
554,Ordinária,Ministério da Fazenda/Secretaria Especial da Receita Federal do Brasil/Subsecretaria-Geral da Receita Federal do Brasil/Superintendência Regional da Receita Federal do Brasil 1ª Região Fiscal/Delegacia da Receita Federal do Brasil em Cuiabá,2023-02-06,http://pesquisa.in.gov.br/imprensa/jsp/visualiza/index.jsp?data=06/02/2023&jornal=515&pagina=20,Aplica a pena de perdimento à mercadoria objeto do processo que específica.
555,Ordinária,Ministério da Fazenda/Secretaria Especial da Receita Federal do Brasil/Subsecretaria-Geral da Receita Federal do Brasil/Superintendência Regional da Receita Federal do Brasil 3ª Região Fiscal,2023-02-06,http://pesquisa.in.gov.br/imprensa/jsp/visualiza/index.jsp?data=06/02/2023&jornal=515&pagina=20,"Credencia o recinto que menciona, a título precário, para operar o regime de Entreposto Aduaneiro na importação e exportação, na atividade de armazenagem"
556,Ordinária,Ministério de Minas e Energia/Agência Nacional de Mineração/Gerência Regional da ANM no Estado do Rio Grande do Sul,2023-02-06,http://pesquisa.in.gov.br/imprensa/jsp/visualiza/index.jsp?data=06/02/2023&jornal=515&pagina=47,
557,Ordinária,Ministério da Educação/Instituto Nacional de Estudos e Pesquisas Educacionais Anísio Teixeira,2023-02-06,http://pesquisa.in.gov.br/imprensa/jsp/visualiza/index.jsp?data=06/02/2023&jornal=515&pagina=19,"Retifica a Portaria nº 578, de 30 de dezembro de 2022, que dispõe sobre o Cronograma do Censo Escolar da Educação Básica 2023"
558,Ordinária,Ministério de Minas e Energia/Agência Nacional de Energia Elétrica,2023-02-06,http://pesquisa.in.gov.br/imprensa/jsp/visualiza/index.jsp?data=06/02/2023&jornal=515&pagina=42,
559,Ordinária,Ministério da Educação/Universidade Federal de Santa Catarina/Pró-Reitoria de Desenvolvimento e Gestão de Pessoas/Departamento de Desenvolvimento de Pessoas,2023-02-06,http://pesquisa.in.gov.br/imprensa/jsp/visualiza/index.jsp?data=06/02/2023&jornal=515&pagina=20,
560,Ordinária,"Ministério do Desenvolvimento, Indústria, Comércio e Serviços/Superintendência da Zona Franca de Manaus",2023-02-06,http://pesquisa.in.gov.br/imprensa/jsp/visualiza/index.jsp?data=06/02/2023&jornal=515&pagina=18,Aprova o projeto industrial de DIVERSIFICAÇÃO da empresa K S INDÚSTRIA DE EMBALAGENS LTDA - ME.
561,Ordinária,Ministério dos Direitos Humanos e da Cidadania/Gabinete do Ministro,2023-02-06,http://pesquisa.in.gov.br/imprensa/jsp/visualiza/index.jsp?data=06/02/2023&jornal=515&pagina=18,"Permuta cargo em comissão e função de confiança do quadro demonstrativo dos cargos em comissão e das funções de confiança do Ministério dos Direitos Humanos e da Cidadania, aprovado pelo Decreto nº 11.341, de 1º de janeiro de 2023."
562,Ordinária,"Ministério do Desenvolvimento, Indústria, Comércio e Serviços/Superintendência da Zona Franca de Manaus",2023-02-06,http://pesquisa.in.gov.br/imprensa/jsp/visualiza/index.jsp?data=06/02/2023&jornal=515&pagina=18,Aprova o projeto industrial de IMPLANTAÇÃO da empresa PLANET COLOR DA AMAZÔNIA LTDA.
563,Ordinária,"Ministério do Desenvolvimento, Indústria, Comércio e Serviços/Superintendência da Zona Franca de Manaus",2023-02-06,http://pesquisa.in.gov.br/imprensa/jsp/visualiza/index.jsp?data=06/02/2023&jornal=515&pagina=18,Aprova o projeto industrial de IMPLANTAÇÃO da empresa T S E INDÚSTRIA DE ETIQUETAS E COMÉRCIO DE EQUIPAMENTOS DE INFORMÁTICA LTDA.
564,Ordinária,"Ministério do Desenvolvimento e Assistência Social, Família e Combate à Fome/Secretaria Executiva",2023-02-06,http://pesquisa.in.gov.br/imprensa/jsp/visualiza/index.jsp?data=06/02/2023&jornal=515&pagina=18,
565,Ordinária,Ministério dos Direitos Humanos e da Cidadania/Gabinete do Ministro,2023-02-06,http://pesquisa.in.gov.br/imprensa/jsp/visualiza/index.jsp?data=06/02/2023&jornal=515&pagina=19,"Realoca função de confiança e cargo comissionado do quadro demonstrativo dos cargos em comissão e das funções de confiança do Ministério dos Direitos Humanos e da Cidadania, aprovado pelo Decreto nº 11.341, de 1º de janeiro de 2023."
566,Ordinária,Ministério da Cultura/Instituto do Patrimônio Histórico e Artístico Nacional/Departamento do Patrimônio Material e Fiscalização/Centro Nacional de Arqueologia,2023-02-06,http://pesquisa.in.gov.br/imprensa/jsp/visualiza/index.jsp?data=06/02/2023&jornal=515&pagina=17,
567,Ordinária,Ministério da Cultura/Agência Nacional do Cinema,2023-02-06,http://pesquisa.in.gov.br/imprensa/jsp/visualiza/index.jsp?data=06/02/2023&jornal=515&pagina=13,
568,Ordinária,Ministério dos Transportes/Agência Nacional de Transportes Terrestres/Superintendência de Fiscalização de Serviços de Transporte Rodoviário de Cargas e Passageiros,2023-02-06,http://pesquisa.in.gov.br/imprensa/jsp/visualiza/index.jsp?data=06/02/2023&jornal=515&pagina=84,
569,Ordinária,Ministério dos Transportes/Agência Nacional de Transportes Terrestres/Superintendência de Serviços de Transporte Rodoviário de Passageiros,2023-02-06,http://pesquisa.in.gov.br/imprensa/jsp/visualiza/index.jsp?data=06/02/2023&jornal=515&pagina=84,
570,Ordinária,Ministério de Minas e Energia/Agência Nacional de Energia Elétrica,2023-02-06,http://pesquisa.in.gov.br/imprensa/jsp/visualiza/index.jsp?data=06/02/2023&jornal=515&pagina=43,
571,Ordinária,Ministério da Cultura/Instituto do Patrimônio Histórico e Artístico Nacional/Departamento do Patrimônio Material e Fiscalização/Centro Nacional de Arqueologia,2023-02-06,http://pesquisa.in.gov.br/imprensa/jsp/visualiza/index.jsp?data=06/02/2023&jornal=515&pagina=16,
572,Ordinária,"Ministério da Ciência, Tecnologia e Inovação/Conselho Nacional de Controle de Experimentação Animal",2023-02-06,http://pesquisa.in.gov.br/imprensa/jsp/visualiza/index.jsp?data=06/02/2023&jornal=515&pagina=10,
573,Ordinária,Ministério do Trabalho e Emprego/Gabinete do Ministro,2023-02-06,http://pesquisa.in.gov.br/imprensa/jsp/visualiza/index.jsp?data=06/02/2023&jornal=515&pagina=83,Suspende temporariamente as decisões em processos de requerimento de registro sindical. (Processo nº 19964.101529/2023-84).
574,Ordinária,"Ministério da Ciência, Tecnologia e Inovação/Agência Espacial Brasileira",2023-02-06,http://pesquisa.in.gov.br/imprensa/jsp/visualiza/index.jsp?data=06/02/2023&jornal=515&pagina=10,Permuta Função Comissionada Executiva por Cargo Comissionado Executivo de mesmo nível e categoria na Agência Espacial Brasileira.
575,Ordinária,Ministério dos Transportes/Agência Nacional de Transportes Terrestres/Diretoria Colegiada,2023-02-06,http://pesquisa.in.gov.br/imprensa/jsp/visualiza/index.jsp?data=06/02/2023&jornal=515&pagina=83,
576,Ordinária,"Ministério da Ciência, Tecnologia e Inovação/Conselho Nacional de Controle de Experimentação Animal",2023-02-06,http://pesquisa.in.gov.br/imprensa/jsp/visualiza/index.jsp?data=06/02/2023&jornal=515&pagina=10,
577,Ordinária,"Ministério da Ciência, Tecnologia e Inovação/Conselho Nacional de Controle de Experimentação Animal",2023-02-06,http://pesquisa.in.gov.br/imprensa/jsp/visualiza/index.jsp?data=06/02/2023&jornal=515&pagina=10,
578,Ordinária,Ministério da Agricultura e Pecuária/Gabinete do Ministro,2023-02-06,http://pesquisa.in.gov.br/imprensa/jsp/visualiza/index.jsp?data=06/02/2023&jornal=515&pagina=5,"Incorpora ao ordenamento jurídico brasileiro os Requisitos Fitossanitários para Lolium spp. (Azevém), segundo País de Destino e Origem, para os Estados Partes do Mercosul."
579,Ordinária,Ministério da Agricultura e Pecuária/Gabinete do Ministro,2023-02-06,http://pesquisa.in.gov.br/imprensa/jsp/visualiza/index.jsp?data=06/02/2023&jornal=515&pagina=6,"Incorpora ao ordenamento jurídico brasileiro os Requisitos Fitossanitários para Pinus spp (Pinus) segundo País de Destino e Origem, para os Estados Partes do Mercosul, aprovados pela Resolução MERCOSUL/GMC/RES. nº 12/22."
580,Ordinária,Ministério da Saúde/Agência Nacional de Vigilância Sanitária/4ª Diretoria/Gerência de Laboratórios de Saúde Pública,2023-02-06,http://pesquisa.in.gov.br/imprensa/jsp/visualiza/index.jsp?data=06/02/2023&jornal=515&pagina=82,
581,Ordinária,Ministério das Comunicações/Secretaria de Comunicação Social Eletrônica,2023-02-06,http://pesquisa.in.gov.br/imprensa/jsp/visualiza/index.jsp?data=06/02/2023&jornal=515&pagina=11,
582,Ordinária,Ministério da Agricultura e Pecuária/Secretaria Executiva/Superintendência de Agricultura e Pecuária do Estado de Goiás,2023-02-06,http://pesquisa.in.gov.br/imprensa/jsp/visualiza/index.jsp?data=06/02/2023&jornal=515&pagina=9,
583,Ordinária,"Ministério da Saúde/Agência Nacional de Vigilância Sanitária/5ª Diretoria/Gerência-Geral de Portos, Aeroportos, Fronteiras e Recintos Alfandegados",2023-02-06,http://pesquisa.in.gov.br/imprensa/jsp/visualiza/index.jsp?data=06/02/2023&jornal=515&pagina=82,
584,Ordinária,Ministério da Saúde/Agência Nacional de Vigilância Sanitária/4ª Diretoria/Gerência-Geral de Inspeção e Fiscalização Sanitária/Coordenação de Autorização de Funcionamento de Empresas,2023-02-06,http://pesquisa.in.gov.br/imprensa/jsp/visualiza/index.jsp?data=06/02/2023&jornal=515&pagina=82,
585,Ordinária,Ministério da Saúde/Agência Nacional de Vigilância Sanitária/4ª Diretoria/Gerência-Geral de Inspeção e Fiscalização Sanitária/Coordenação de Autorização de Funcionamento de Empresas,2023-02-06,http://pesquisa.in.gov.br/imprensa/jsp/visualiza/index.jsp?data=06/02/2023&jornal=515&pagina=82,
586,Ordinária,Ministério de Minas e Energia/Agência Nacional de Energia Elétrica,2023-02-06,http://pesquisa.in.gov.br/imprensa/jsp/visualiza/index.jsp?data=06/02/2023&jornal=515&pagina=43,
587,Ordinária,Ministério da Saúde/Agência Nacional de Vigilância Sanitária/2ª Diretoria/Gerência-Geral de Medicamentos,2023-02-06,http://pesquisa.in.gov.br/imprensa/jsp/visualiza/index.jsp?data=06/02/2023&jornal=515&pagina=60,
588,Ordinária,Ministério dos Transportes/Agência Nacional de Transportes Terrestres/Superintendência de Serviços de Transporte Rodoviário de Passageiros,2023-02-06,http://pesquisa.in.gov.br/imprensa/jsp/visualiza/index.jsp?data=06/02/2023&jornal=515&pagina=84,
589,Ordinária,Ministério dos Transportes/Agência Nacional de Transportes Terrestres/Superintendência de Serviços de Transporte Rodoviário de Passageiros,2023-02-06,http://pesquisa.in.gov.br/imprensa/jsp/visualiza/index.jsp?data=06/02/2023&jornal=515&pagina=84,
590,Ordinária,Ministério da Saúde/Agência Nacional de Vigilância Sanitária/4ª Diretoria/Gerência-Geral de Inspeção e Fiscalização Sanitária,2023-02-06,http://pesquisa.in.gov.br/imprensa/jsp/visualiza/index.jsp?data=06/02/2023&jornal=515&pagina=79,
591,Ordinária,Ministério da Saúde/Agência Nacional de Vigilância Sanitária/4ª Diretoria/Gerência-Geral de Inspeção e Fiscalização Sanitária,2023-02-06,http://pesquisa.in.gov.br/imprensa/jsp/visualiza/index.jsp?data=06/02/2023&jornal=515&pagina=79,
592,Ordinária,Ministério de Minas e Energia/Agência Nacional de Mineração/Superintendência de Outorga de Títulos Minerários,2023-02-06,http://pesquisa.in.gov.br/imprensa/jsp/visualiza/index.jsp?data=06/02/2023&jornal=515&pagina=49,
593,Ordinária,"Ministério de Minas e Energia/Agência Nacional do Petróleo, Gás Natural e Biocombustíveis/Diretoria I/Superintendência de Segurança Operacional e Meio Ambiente",2023-02-06,http://pesquisa.in.gov.br/imprensa/jsp/visualiza/index.jsp?data=06/02/2023&jornal=515&pagina=50,
594,Ordinária,Ministério da Saúde/Agência Nacional de Vigilância Sanitária/4ª Diretoria/Gerência-Geral de Inspeção e Fiscalização Sanitária/Coordenação de Autorização de Funcionamento de Empresas,2023-02-06,http://pesquisa.in.gov.br/imprensa/jsp/visualiza/index.jsp?data=06/02/2023&jornal=515&pagina=81,
595,Ordinária,Ministério da Saúde/Agência Nacional de Vigilância Sanitária/4ª Diretoria/Gerência-Geral de Inspeção e Fiscalização Sanitária/Coordenação de Autorização de Funcionamento de Empresas,2023-02-06,http://pesquisa.in.gov.br/imprensa/jsp/visualiza/index.jsp?data=06/02/2023&jornal=515&pagina=81,
596,Ordinária,Ministério de Portos e Aeroportos/Agência Nacional de Aviação Civil,2023-02-06,http://pesquisa.in.gov.br/imprensa/jsp/visualiza/index.jsp?data=06/02/2023&jornal=515&pagina=51,
597,Ordinária,"Ministério de Minas e Energia/Agência Nacional do Petróleo, Gás Natural e Biocombustíveis/Diretoria I/Superintendência de Distribuição e Logística",2023-02-06,http://pesquisa.in.gov.br/imprensa/jsp/visualiza/index.jsp?data=06/02/2023&jornal=515&pagina=50,
598,Ordinária,Ministério de Minas e Energia/Agência Nacional de Energia Elétrica,2023-02-06,http://pesquisa.in.gov.br/imprensa/jsp/visualiza/index.jsp?data=06/02/2023&jornal=515&pagina=41,
599,Ordinária,Ministério de Minas e Energia/Agência Nacional de Mineração/Superintendência de Outorga de Títulos Minerários,2023-02-06,http://pesquisa.in.gov.br/imprensa/jsp/visualiza/index.jsp?data=06/02/2023&jornal=515&pagina=48,
600,Ordinária,Ministério de Minas e Energia/Agência Nacional de Energia Elétrica,2023-02-06,http://pesquisa.in.gov.br/imprensa/jsp/visualiza/index.jsp?data=06/02/2023&jornal=515&pagina=43,
601,Ordinária,Ministério de Minas e Energia/Agência Nacional de Mineração/Gerência Regional da ANM no Estado do Rio Grande do Norte,2023-02-06,http://pesquisa.in.gov.br/imprensa/jsp/visualiza/index.jsp?data=06/02/2023&jornal=515&pagina=47,
602,Ordinária,Ministério de Minas e Energia/Agência Nacional de Energia Elétrica,2023-02-06,http://pesquisa.in.gov.br/imprensa/jsp/visualiza/index.jsp?data=06/02/2023&jornal=515&pagina=42,
603,Ordinária,Ministério de Minas e Energia/Agência Nacional de Energia Elétrica,2023-02-06,http://pesquisa.in.gov.br/imprensa/jsp/visualiza/index.jsp?data=06/02/2023&jornal=515&pagina=42,
604,Ordinária,Ministério da Fazenda/Secretaria Especial da Receita Federal do Brasil/Subsecretaria-Geral da Receita Federal do Brasil/Superintendência Regional da Receita Federal do Brasil 9ª Região Fiscal/Alfândega da Receita Federal do Brasil em Curitiba,2023-02-06,http://pesquisa.in.gov.br/imprensa/jsp/visualiza/index.jsp?data=06/02/2023&jornal=515&pagina=22,Inclusão no Registro de Ajudantes de Despachantes Aduaneiros
605,Ordinária,Ministério de Minas e Energia/Agência Nacional de Mineração/Gerência Regional da ANM no Estado do Rio Grande do Sul,2023-02-06,http://pesquisa.in.gov.br/imprensa/jsp/visualiza/index.jsp?data=06/02/2023&jornal=515&pagina=48,
606,Ordinária,Ministério da Saúde/Agência Nacional de Vigilância Sanitária/4ª Diretoria/Gerência-Geral de Inspeção e Fiscalização Sanitária/Coordenação de Autorização de Funcionamento de Empresas,2023-02-06,http://pesquisa.in.gov.br/imprensa/jsp/visualiza/index.jsp?data=06/02/2023&jornal=515&pagina=80,
607,Ordinária,Ministério da Saúde/Agência Nacional de Vigilância Sanitária/4ª Diretoria/Gerência-Geral de Inspeção e Fiscalização Sanitária,2023-02-06,http://pesquisa.in.gov.br/imprensa/jsp/visualiza/index.jsp?data=06/02/2023&jornal=515&pagina=79,
608,Ordinária,Ministério da Saúde/Agência Nacional de Vigilância Sanitária/4ª Diretoria/Gerência-Geral de Inspeção e Fiscalização Sanitária,2023-02-06,http://pesquisa.in.gov.br/imprensa/jsp/visualiza/index.jsp?data=06/02/2023&jornal=515&pagina=79,
609,Ordinária,Ministério dos Transportes/Agência Nacional de Transportes Terrestres/Superintendência de Fiscalização de Serviços de Transporte Rodoviário de Cargas e Passageiros,2023-02-06,http://pesquisa.in.gov.br/imprensa/jsp/visualiza/index.jsp?data=06/02/2023&jornal=515&pagina=84,
610,Ordinária,Ministério da Saúde/Agência Nacional de Vigilância Sanitária/4ª Diretoria/Gerência-Geral de Inspeção e Fiscalização Sanitária/Coordenação de Autorização de Funcionamento de Empresas,2023-02-06,http://pesquisa.in.gov.br/imprensa/jsp/visualiza/index.jsp?data=06/02/2023&jornal=515&pagina=79,
611,Ordinária,"Ministério das Comunicações/Secretaria de Comunicação Social Eletrônica/Departamento de Inovação, Regulamentação e Fiscalização",2023-02-06,http://pesquisa.in.gov.br/imprensa/jsp/visualiza/index.jsp?data=06/02/2023&jornal=515&pagina=11,
612,Ordinária,Ministério de Portos e Aeroportos/Agência Nacional de Aviação Civil/Superintendência de Infraestrutura Aeroportuária/Gerência de Certificação e Segurança Operacional,2023-02-06,http://pesquisa.in.gov.br/imprensa/jsp/visualiza/index.jsp?data=06/02/2023&jornal=515&pagina=51,
613,Ordinária,Ministério da Saúde/Agência Nacional de Vigilância Sanitária/4ª Diretoria/Gerência-Geral de Inspeção e Fiscalização Sanitária/Coordenação de Autorização de Funcionamento de Empresas,2023-02-06,http://pesquisa.in.gov.br/imprensa/jsp/visualiza/index.jsp?data=06/02/2023&jornal=515&pagina=81,
614,Ordinária,Ministério da Saúde/Agência Nacional de Vigilância Sanitária/4ª Diretoria/Gerência de Laboratórios de Saúde Pública,2023-02-06,http://pesquisa.in.gov.br/imprensa/jsp/visualiza/index.jsp?data=06/02/2023&jornal=515&pagina=82,
615,Ordinária,Ministério da Saúde/Agência Nacional de Vigilância Sanitária/4ª Diretoria/Gerência-Geral de Inspeção e Fiscalização Sanitária,2023-02-06,http://pesquisa.in.gov.br/imprensa/jsp/visualiza/index.jsp?data=06/02/2023&jornal=515&pagina=79,
616,Ordinária,Ministério da Saúde/Agência Nacional de Vigilância Sanitária/4ª Diretoria/Gerência-Geral de Inspeção e Fiscalização Sanitária,2023-02-06,http://pesquisa.in.gov.br/imprensa/jsp/visualiza/index.jsp?data=06/02/2023&jornal=515&pagina=79,
617,Ordinária,Ministério da Saúde/Agência Nacional de Vigilância Sanitária/4ª Diretoria/Gerência-Geral de Inspeção e Fiscalização Sanitária,2023-02-06,http://pesquisa.in.gov.br/imprensa/jsp/visualiza/index.jsp?data=06/02/2023&jornal=515&pagina=77,
618,Ordinária,Ministério dos Transportes/Agência Nacional de Transportes Terrestres,2023-02-06,http://pesquisa.in.gov.br/imprensa/jsp/visualiza/index.jsp?data=06/02/2023&jornal=515&pagina=83,
619,Ordinária,"Ministério da Saúde/Agência Nacional de Vigilância Sanitária/5ª Diretoria/Gerência-Geral de Portos, Aeroportos, Fronteiras e Recintos Alfandegados",2023-02-06,http://pesquisa.in.gov.br/imprensa/jsp/visualiza/index.jsp?data=06/02/2023&jornal=515&pagina=83,
620,Ordinária,Ministério da Saúde/Agência Nacional de Vigilância Sanitária/4ª Diretoria/Gerência-Geral de Inspeção e Fiscalização Sanitária,2023-02-06,http://pesquisa.in.gov.br/imprensa/jsp/visualiza/index.jsp?data=06/02/2023&jornal=515&pagina=77,
621,Ordinária,"Ministério da Saúde/Agência Nacional de Vigilância Sanitária/5ª Diretoria/Gerência-Geral de Portos, Aeroportos, Fronteiras e Recintos Alfandegados",2023-02-06,http://pesquisa.in.gov.br/imprensa/jsp/visualiza/index.jsp?data=06/02/2023&jornal=515&pagina=83,
622,Ordinária,Ministério dos Transportes/Agência Nacional de Transportes Terrestres/Superintendência de Serviços de Transporte Rodoviário de Passageiros,2023-02-06,http://pesquisa.in.gov.br/imprensa/jsp/visualiza/index.jsp?data=06/02/2023&jornal=515&pagina=84,
623,Ordinária,Ministério dos Transportes/Agência Nacional de Transportes Terrestres/Superintendência de Fiscalização de Serviços de Transporte Rodoviário de Cargas e Passageiros,2023-02-06,http://pesquisa.in.gov.br/imprensa/jsp/visualiza/index.jsp?data=06/02/2023&jornal=515&pagina=84,
624,Ordinária,"Ministério da Saúde/Agência Nacional de Vigilância Sanitária/5ª Diretoria/Gerência-Geral de Portos, Aeroportos, Fronteiras e Recintos Alfandegados",2023-02-06,http://pesquisa.in.gov.br/imprensa/jsp/visualiza/index.jsp?data=06/02/2023&jornal=515&pagina=83,
625,Ordinária,"Ministério das Comunicações/Agência Nacional de Telecomunicações/Superintendência de Fiscalização/Gerência Regional nos Estados de Goiás, Mato Grosso, Mato Grosso do Sul e Tocantins",2023-02-06,http://pesquisa.in.gov.br/imprensa/jsp/visualiza/index.jsp?data=06/02/2023&jornal=515&pagina=12,
626,Ordinária,Ministério da Saúde/Agência Nacional de Vigilância Sanitária/2ª Diretoria/Gerência-Geral de Medicamentos,2023-02-06,http://pesquisa.in.gov.br/imprensa/jsp/visualiza/index.jsp?data=06/02/2023&jornal=515&pagina=57,
627,Ordinária,Ministério da Saúde/Agência Nacional de Vigilância Sanitária/4ª Diretoria/Gerência-Geral de Inspeção e Fiscalização Sanitária,2023-02-06,http://pesquisa.in.gov.br/imprensa/jsp/visualiza/index.jsp?data=06/02/2023&jornal=515&pagina=77,
628,Ordinária,Ministério da Saúde/Agência Nacional de Vigilância Sanitária/4ª Diretoria/Gerência-Geral de Inspeção e Fiscalização Sanitária,2023-02-06,http://pesquisa.in.gov.br/imprensa/jsp/visualiza/index.jsp?data=06/02/2023&jornal=515&pagina=77,
629,Ordinária,Ministério da Saúde/Agência Nacional de Vigilância Sanitária/4ª Diretoria/Gerência-Geral de Inspeção e Fiscalização Sanitária,2023-02-06,http://pesquisa.in.gov.br/imprensa/jsp/visualiza/index.jsp?data=06/02/2023&jornal=515&pagina=76,
630,Ordinária,Ministério da Saúde/Agência Nacional de Vigilância Sanitária/4ª Diretoria/Gerência-Geral de Inspeção e Fiscalização Sanitária,2023-02-06,http://pesquisa.in.gov.br/imprensa/jsp/visualiza/index.jsp?data=06/02/2023&jornal=515&pagina=76,
631,Ordinária,Ministério das Comunicações/Agência Nacional de Telecomunicações/Superintendência de Fiscalização/Gerência Regional no Estado de São Paulo,2023-02-06,http://pesquisa.in.gov.br/imprensa/jsp/visualiza/index.jsp?data=06/02/2023&jornal=515&pagina=12,
632,Ordinária,Ministério da Saúde/Agência Nacional de Vigilância Sanitária/4ª Diretoria/Gerência-Geral de Inspeção e Fiscalização Sanitária,2023-02-06,http://pesquisa.in.gov.br/imprensa/jsp/visualiza/index.jsp?data=06/02/2023&jornal=515&pagina=78,
633,Ordinária,Ministério da Saúde/Agência Nacional de Vigilância Sanitária/4ª Diretoria/Gerência-Geral de Inspeção e Fiscalização Sanitária,2023-02-06,http://pesquisa.in.gov.br/imprensa/jsp/visualiza/index.jsp?data=06/02/2023&jornal=515&pagina=76,
634,Ordinária,Ministério de Minas e Energia/Agência Nacional de Mineração/Superintendência de Outorga de Títulos Minerários,2023-02-06,http://pesquisa.in.gov.br/imprensa/jsp/visualiza/index.jsp?data=06/02/2023&jornal=515&pagina=49,
635,Ordinária,Ministério da Fazenda/Secretaria Especial da Receita Federal do Brasil/Subsecretaria-Geral da Receita Federal do Brasil/Superintendência Regional da Receita Federal do Brasil 8ª Região Fiscal/Delegacia da Receita Federal do Brasil em Sorocaba,2023-02-06,http://pesquisa.in.gov.br/imprensa/jsp/visualiza/index.jsp?data=06/02/2023&jornal=515&pagina=21,Habilita ao Regime Especial de Incentivos para o Desenvolvimento da Infraestrutura (REIDI).
636,Ordinária,Ministério de Minas e Energia/Agência Nacional de Mineração/Superintendência de Outorga de Títulos Minerários,2023-02-06,http://pesquisa.in.gov.br/imprensa/jsp/visualiza/index.jsp?data=06/02/2023&jornal=515&pagina=49,
637,Ordinária,"Ministério da Saúde/Agência Nacional de Vigilância Sanitária/3ª Diretoria/Gerência de Produtos de Higiene, Perfumes, Cosméticos e Saneantes",2023-02-06,http://pesquisa.in.gov.br/imprensa/jsp/visualiza/index.jsp?data=06/02/2023&jornal=515&pagina=74,
638,Ordinária,Ministério da Fazenda/Secretaria Especial da Receita Federal do Brasil/Subsecretaria-Geral da Receita Federal do Brasil/Superintendência Regional da Receita Federal do Brasil 8ª Região Fiscal/Delegacia da Receita Federal do Brasil em Sorocaba,2023-02-06,http://pesquisa.in.gov.br/imprensa/jsp/visualiza/index.jsp?data=06/02/2023&jornal=515&pagina=21,Renova o Registro Especial de Controle de Papel Imune na atividade de Usuário.
639,Ordinária,Ministério da Justiça e Segurança Pública/Secretaria Nacional de Justiça/Departamento de Migrações/Coordenação-Geral de Imigração Laboral,2023-02-06,http://pesquisa.in.gov.br/imprensa/jsp/visualiza/index.jsp?data=06/02/2023&jornal=515&pagina=32,
640,Ordinária,Ministério da Saúde/Agência Nacional de Vigilância Sanitária/4ª Diretoria/Gerência-Geral de Inspeção e Fiscalização Sanitária,2023-02-06,http://pesquisa.in.gov.br/imprensa/jsp/visualiza/index.jsp?data=06/02/2023&jornal=515&pagina=78,
641,Ordinária,Ministério das Comunicações/Agência Nacional de Telecomunicações/Superintendência de Fiscalização/Gerência Regional no Estado de São Paulo,2023-02-06,http://pesquisa.in.gov.br/imprensa/jsp/visualiza/index.jsp?data=06/02/2023&jornal=515&pagina=12,
642,Ordinária,"Ministério da Saúde/Agência Nacional de Vigilância Sanitária/3ª Diretoria/Gerência de Produtos de Higiene, Perfumes, Cosméticos e Saneantes",2023-02-06,http://pesquisa.in.gov.br/imprensa/jsp/visualiza/index.jsp?data=06/02/2023&jornal=515&pagina=74,
643,Ordinária,Ministério da Saúde/Agência Nacional de Vigilância Sanitária/4ª Diretoria/Gerência-Geral de Inspeção e Fiscalização Sanitária,2023-02-06,http://pesquisa.in.gov.br/imprensa/jsp/visualiza/index.jsp?data=06/02/2023&jornal=515&pagina=75,
644,Ordinária,Ministério de Minas e Energia/Agência Nacional de Mineração/Superintendência de Outorga de Títulos Minerários,2023-02-06,http://pesquisa.in.gov.br/imprensa/jsp/visualiza/index.jsp?data=06/02/2023&jornal=515&pagina=49,
645,Ordinária,"Ministério da Saúde/Agência Nacional de Vigilância Sanitária/3ª Diretoria/Gerência de Produtos de Higiene, Perfumes, Cosméticos e Saneantes",2023-02-06,http://pesquisa.in.gov.br/imprensa/jsp/visualiza/index.jsp?data=06/02/2023&jornal=515&pagina=72,
646,Ordinária,"Ministério da Saúde/Agência Nacional de Vigilância Sanitária/3ª Diretoria/Gerência de Produtos de Higiene, Perfumes, Cosméticos e Saneantes",2023-02-06,http://pesquisa.in.gov.br/imprensa/jsp/visualiza/index.jsp?data=06/02/2023&jornal=515&pagina=72,
647,Ordinária,Ministério da Saúde/Agência Nacional de Vigilância Sanitária/3ª Diretoria/Gerência-Geral de Toxicologia,2023-02-06,http://pesquisa.in.gov.br/imprensa/jsp/visualiza/index.jsp?data=06/02/2023&jornal=515&pagina=72,
648,Ordinária,Ministério da Saúde/Agência Nacional de Vigilância Sanitária/3ª Diretoria/Gerência-Geral de Toxicologia,2023-02-06,http://pesquisa.in.gov.br/imprensa/jsp/visualiza/index.jsp?data=06/02/2023&jornal=515&pagina=71,
649,Ordinária,Ministério das Comunicações/Agência Nacional de Telecomunicações/Superintendência de Outorga e Recursos à Prestação/Gerência de Outorga e Licenciamento de Estações,2023-02-06,http://pesquisa.in.gov.br/imprensa/jsp/visualiza/index.jsp?data=06/02/2023&jornal=515&pagina=12,
650,Ordinária,Ministério da Saúde/Agência Nacional de Vigilância Sanitária/3ª Diretoria/Gerência-Geral de Tecnologia de Produtos para Saúde,2023-02-06,http://pesquisa.in.gov.br/imprensa/jsp/visualiza/index.jsp?data=06/02/2023&jornal=515&pagina=71,
651,Ordinária,Ministério das Comunicações/Agência Nacional de Telecomunicações/Superintendência de Fiscalização/Gerência Regional no Estado do Rio Grande do Sul,2023-02-06,http://pesquisa.in.gov.br/imprensa/jsp/visualiza/index.jsp?data=06/02/2023&jornal=515&pagina=12,
652,Ordinária,Ministério da Saúde/Agência Nacional de Vigilância Sanitária/3ª Diretoria/Gerência-Geral de Tecnologia de Produtos para Saúde,2023-02-06,http://pesquisa.in.gov.br/imprensa/jsp/visualiza/index.jsp?data=06/02/2023&jornal=515&pagina=71,
653,Ordinária,Ministério da Saúde/Agência Nacional de Vigilância Sanitária/3ª Diretoria/Gerência-Geral de Tecnologia de Produtos para Saúde,2023-02-06,http://pesquisa.in.gov.br/imprensa/jsp/visualiza/index.jsp?data=06/02/2023&jornal=515&pagina=70,
654,Ordinária,"Ministério da Saúde/Agência Nacional de Vigilância Sanitária/3ª Diretoria/Gerência de Produtos de Higiene, Perfumes, Cosméticos e Saneantes",2023-02-06,http://pesquisa.in.gov.br/imprensa/jsp/visualiza/index.jsp?data=06/02/2023&jornal=515&pagina=73,
655,Ordinária,Ministério da Saúde/Agência Nacional de Vigilância Sanitária/3ª Diretoria/Gerência-Geral de Tecnologia de Produtos para Saúde,2023-02-06,http://pesquisa.in.gov.br/imprensa/jsp/visualiza/index.jsp?data=06/02/2023&jornal=515&pagina=67,
656,Ordinária,Ministério da Saúde/Agência Nacional de Vigilância Sanitária/3ª Diretoria/Gerência-Geral de Tecnologia de Produtos para Saúde,2023-02-06,http://pesquisa.in.gov.br/imprensa/jsp/visualiza/index.jsp?data=06/02/2023&jornal=515&pagina=69,
657,Ordinária,Ministério da Saúde/Agência Nacional de Vigilância Sanitária/3ª Diretoria/Gerência-Geral de Toxicologia,2023-02-06,http://pesquisa.in.gov.br/imprensa/jsp/visualiza/index.jsp?data=06/02/2023&jornal=515&pagina=71,
658,Ordinária,Ministério da Saúde/Agência Nacional de Vigilância Sanitária/3ª Diretoria/Gerência-Geral de Tecnologia de Produtos para Saúde,2023-02-06,http://pesquisa.in.gov.br/imprensa/jsp/visualiza/index.jsp?data=06/02/2023&jornal=515&pagina=67,
659,Ordinária,Ministério da Saúde/Agência Nacional de Vigilância Sanitária/3ª Diretoria/Gerência-Geral de Registro e Fiscalização de Produtos Fumígenos Derivados ou Não do Tabaco,2023-02-06,http://pesquisa.in.gov.br/imprensa/jsp/visualiza/index.jsp?data=06/02/2023&jornal=515&pagina=61,
660,Ordinária,Ministério de Minas e Energia/Agência Nacional de Mineração/Gerência Regional da ANM no Estado de Mato Grosso do Sul,2023-02-06,http://pesquisa.in.gov.br/imprensa/jsp/visualiza/index.jsp?data=06/02/2023&jornal=515&pagina=45,
661,Ordinária,Ministério da Saúde/Agência Nacional de Vigilância Sanitária/3ª Diretoria/Gerência-Geral de Tecnologia de Produtos para Saúde,2023-02-06,http://pesquisa.in.gov.br/imprensa/jsp/visualiza/index.jsp?data=06/02/2023&jornal=515&pagina=61,
662,Ordinária,Ministério da Saúde/Agência Nacional de Vigilância Sanitária/3ª Diretoria/Gerência-Geral de Registro e Fiscalização de Produtos Fumígenos Derivados ou Não do Tabaco,2023-02-06,http://pesquisa.in.gov.br/imprensa/jsp/visualiza/index.jsp?data=06/02/2023&jornal=515&pagina=61,
663,Ordinária,Ministério da Saúde/Agência Nacional de Vigilância Sanitária/3ª Diretoria/Gerência-Geral de Tecnologia de Produtos para Saúde,2023-02-06,http://pesquisa.in.gov.br/imprensa/jsp/visualiza/index.jsp?data=06/02/2023&jornal=515&pagina=61,
664,Ordinária,Ministério da Saúde/Agência Nacional de Vigilância Sanitária/2ª Diretoria/Gerência-Geral de Medicamentos,2023-02-06,http://pesquisa.in.gov.br/imprensa/jsp/visualiza/index.jsp?data=06/02/2023&jornal=515&pagina=60,
665,Ordinária,"Ministério da Saúde/Agência Nacional de Vigilância Sanitária/2ª Diretoria/Gerência-Geral de Produtos Biológicos, Radiofármacos, Sangue, Tecidos, Células, Órgãos e Prod de Terapias Avan",2023-02-06,http://pesquisa.in.gov.br/imprensa/jsp/visualiza/index.jsp?data=06/02/2023&jornal=515&pagina=61,
666,Ordinária,Ministério de Minas e Energia/Agência Nacional de Mineração/Gerência Regional da ANM no Estado de Pernambuco,2023-02-06,http://pesquisa.in.gov.br/imprensa/jsp/visualiza/index.jsp?data=06/02/2023&jornal=515&pagina=46,
667,Ordinária,Ministério da Saúde/Agência Nacional de Vigilância Sanitária/2ª Diretoria/Gerência-Geral de Medicamentos,2023-02-06,http://pesquisa.in.gov.br/imprensa/jsp/visualiza/index.jsp?data=06/02/2023&jornal=515&pagina=60,
668,Ordinária,Ministério de Minas e Energia/Agência Nacional de Mineração/Gerência Regional da ANM no Estado de Sergipe,2023-02-06,http://pesquisa.in.gov.br/imprensa/jsp/visualiza/index.jsp?data=06/02/2023&jornal=515&pagina=46,
669,Ordinária,Ministério da Saúde/Agência Nacional de Vigilância Sanitária/4ª Diretoria/Gerência-Geral de Inspeção e Fiscalização Sanitária/Coordenação de Autorização de Funcionamento de Empresas,2023-02-06,http://pesquisa.in.gov.br/imprensa/jsp/visualiza/index.jsp?data=06/02/2023&jornal=515&pagina=81,
670,Ordinária,Ministério dos Transportes/Agência Nacional de Transportes Terrestres/Superintendência de Fiscalização de Serviços de Transporte Rodoviário de Cargas e Passageiros,2023-02-06,http://pesquisa.in.gov.br/imprensa/jsp/visualiza/index.jsp?data=06/02/2023&jornal=515&pagina=84,
671,Ordinária,Ministério de Minas e Energia/Agência Nacional de Mineração/Gerência Regional da ANM no Estado de Mato Grosso,2023-02-06,http://pesquisa.in.gov.br/imprensa/jsp/visualiza/index.jsp?data=06/02/2023&jornal=515&pagina=45,
672,Ordinária,Ministério da Saúde/Agência Nacional de Vigilância Sanitária/3ª Diretoria/Gerência-Geral de Tecnologia de Produtos para Saúde,2023-02-06,http://pesquisa.in.gov.br/imprensa/jsp/visualiza/index.jsp?data=06/02/2023&jornal=515&pagina=64,
673,Ordinária,"Ministério da Saúde/Agência Nacional de Vigilância Sanitária/3ª Diretoria/Gerência de Produtos de Higiene, Perfumes, Cosméticos e Saneantes",2023-02-06,http://pesquisa.in.gov.br/imprensa/jsp/visualiza/index.jsp?data=06/02/2023&jornal=515&pagina=74,
674,Ordinária,Ministério da Saúde/Agência Nacional de Vigilância Sanitária/4ª Diretoria/Gerência-Geral de Inspeção e Fiscalização Sanitária,2023-02-06,http://pesquisa.in.gov.br/imprensa/jsp/visualiza/index.jsp?data=06/02/2023&jornal=515&pagina=79,
675,Ordinária,Ministério das Comunicações/Agência Nacional de Telecomunicações/Superintendência de Fiscalização/Gerência Regional nos Estados do Paraná e Santa Catarina,2023-02-07,http://pesquisa.in.gov.br/imprensa/jsp/visualiza/index.jsp?data=07/02/2023&jornal=515&pagina=8,
676,Ordinária,Ministério de Portos e Aeroportos/Agência Nacional de Aviação Civil/Superintendência de Infraestrutura Aeroportuária/Gerência de Certificação e Segurança Operacional,2023-02-07,http://pesquisa.in.gov.br/imprensa/jsp/visualiza/index.jsp?data=07/02/2023&jornal=515&pagina=46,
677,Ordinária,Ministério das Comunicações/Secretaria de Comunicação Social Eletrônica,2023-02-07,http://pesquisa.in.gov.br/imprensa/jsp/visualiza/index.jsp?data=07/02/2023&jornal=515&pagina=6,
678,Ordinária,Ministério da Fazenda/Secretaria Especial da Receita Federal do Brasil/Subsecretaria-Geral da Receita Federal do Brasil/Superintendência Regional da Receita Federal do Brasil 6ª Região Fiscal/Delegacia da Receita Federal do Brasil em Varginha,2023-02-07,http://pesquisa.in.gov.br/imprensa/jsp/visualiza/index.jsp?data=07/02/2023&jornal=515&pagina=17,"Aprova o fornecimento de selos de controle, para selagem no exterior, de uísque."
679,Ordinária,Ministério de Portos e Aeroportos/Agência Nacional de Aviação Civil/Superintendência de Infraestrutura Aeroportuária,2023-02-07,http://pesquisa.in.gov.br/imprensa/jsp/visualiza/index.jsp?data=07/02/2023&jornal=515&pagina=46,
680,Ordinária,Ministério de Portos e Aeroportos/Agência Nacional de Transportes Aquaviários/Superintendência de Fiscalização e Coordenação das Unidades Regionais/Gerência de Apoio Técnico,2023-02-07,http://pesquisa.in.gov.br/imprensa/jsp/visualiza/index.jsp?data=07/02/2023&jornal=515&pagina=47,
681,Ordinária,Ministério de Portos e Aeroportos/Agência Nacional de Aviação Civil/Superintendência de Infraestrutura Aeroportuária/Gerência de Certificação e Segurança Operacional,2023-02-07,http://pesquisa.in.gov.br/imprensa/jsp/visualiza/index.jsp?data=07/02/2023&jornal=515&pagina=47,
682,Ordinária,Ministério de Minas e Energia/Agência Nacional de Energia Elétrica/Superintendência de Regulação Econômica e Estudos do Mercado,2023-02-07,http://pesquisa.in.gov.br/imprensa/jsp/visualiza/index.jsp?data=07/02/2023&jornal=515&pagina=37,
683,Ordinária,"Ministério das Comunicações/Secretaria de Comunicação Social Eletrônica/Departamento de Inovação, Regulamentação e Fiscalização",2023-02-07,http://pesquisa.in.gov.br/imprensa/jsp/visualiza/index.jsp?data=07/02/2023&jornal=515&pagina=6,
684,Ordinária,Ministério de Minas e Energia/Agência Nacional de Mineração/Gerência Regional da ANM no Estado de Minas Gerais,2023-02-07,http://pesquisa.in.gov.br/imprensa/jsp/visualiza/index.jsp?data=07/02/2023&jornal=515&pagina=38,
685,Ordinária,Ministério de Minas e Energia/Agência Nacional de Mineração/Gerência Regional da ANM no Estado de Minas Gerais,2023-02-07,http://pesquisa.in.gov.br/imprensa/jsp/visualiza/index.jsp?data=07/02/2023&jornal=515&pagina=40,
686,Ordinária,Ministério de Minas e Energia/Agência Nacional de Mineração/Gerência Regional da ANM no Estado de Minas Gerais,2023-02-07,http://pesquisa.in.gov.br/imprensa/jsp/visualiza/index.jsp?data=07/02/2023&jornal=515&pagina=39,
687,Ordinária,Ministério de Portos e Aeroportos/Agência Nacional de Transportes Aquaviários/Superintendência de Fiscalização e Coordenação das Unidades Regionais/Gerência de Apoio Técnico,2023-02-07,http://pesquisa.in.gov.br/imprensa/jsp/visualiza/index.jsp?data=07/02/2023&jornal=515&pagina=47,
688,Ordinária,Ministério de Minas e Energia/Agência Nacional de Energia Elétrica,2023-02-07,http://pesquisa.in.gov.br/imprensa/jsp/visualiza/index.jsp?data=07/02/2023&jornal=515&pagina=35,
689,Ordinária,Ministério de Portos e Aeroportos/Agência Nacional de Aviação Civil/Superintendência de Infraestrutura Aeroportuária/Gerência de Certificação e Segurança Operacional,2023-02-07,http://pesquisa.in.gov.br/imprensa/jsp/visualiza/index.jsp?data=07/02/2023&jornal=515&pagina=47,
690,Ordinária,Ministério de Portos e Aeroportos/Agência Nacional de Transportes Aquaviários/Superintendência de Fiscalização e Coordenação das Unidades Regionais/Gerência de Apoio Técnico,2023-02-07,http://pesquisa.in.gov.br/imprensa/jsp/visualiza/index.jsp?data=07/02/2023&jornal=515&pagina=47,
691,Ordinária,"Ministério de Minas e Energia/Agência Nacional de Energia Elétrica/Superintendência de Mediação Administrativa, Ouvidoria Setorial e Participação pública",2023-02-07,http://pesquisa.in.gov.br/imprensa/jsp/visualiza/index.jsp?data=07/02/2023&jornal=515&pagina=36,
692,Ordinária,Ministério de Minas e Energia/Agência Nacional de Energia Elétrica/Superintendência de Regulação Econômica e Estudos do Mercado,2023-02-07,http://pesquisa.in.gov.br/imprensa/jsp/visualiza/index.jsp?data=07/02/2023&jornal=515&pagina=37,
693,Ordinária,Ministério de Portos e Aeroportos/Agência Nacional de Aviação Civil/Superintendência de Infraestrutura Aeroportuária/Gerência de Certificação e Segurança Operacional,2023-02-07,http://pesquisa.in.gov.br/imprensa/jsp/visualiza/index.jsp?data=07/02/2023&jornal=515&pagina=47,
694,Ordinária,Ministério de Portos e Aeroportos/Agência Nacional de Transportes Aquaviários/Superintendência de Fiscalização e Coordenação das Unidades Regionais/Gerência Regional de Florianópolis/Unidade Regional de Porto Alegre-RS,2023-02-07,http://pesquisa.in.gov.br/imprensa/jsp/visualiza/index.jsp?data=07/02/2023&jornal=515&pagina=47,
695,Ordinária,Ministério Público da União/Secretaria-Geral,2023-02-07,http://pesquisa.in.gov.br/imprensa/jsp/visualiza/index.jsp?data=07/02/2023&jornal=515&pagina=53,
696,Ordinária,Ministério de Minas e Energia/Agência Nacional de Energia Elétrica,2023-02-07,http://pesquisa.in.gov.br/imprensa/jsp/visualiza/index.jsp?data=07/02/2023&jornal=515&pagina=35,
697,Ordinária,Ministério da Agricultura e Pecuária/Secretaria Executiva/Superintendência de Agricultura e Pecuária do Estado do Paraná,2023-02-07,http://pesquisa.in.gov.br/imprensa/jsp/visualiza/index.jsp?data=07/02/2023&jornal=515&pagina=3,
698,Ordinária,Ministério da Agricultura e Pecuária/Secretaria Executiva/Superintendência de Agricultura e Pecuária do Estado da Bahia,2023-02-07,http://pesquisa.in.gov.br/imprensa/jsp/visualiza/index.jsp?data=07/02/2023&jornal=515&pagina=2,
699,Ordinária,Ministério Público da União/Atos do Procurador-Geral da República,2023-02-07,http://pesquisa.in.gov.br/imprensa/jsp/visualiza/index.jsp?data=07/02/2023&jornal=515&pagina=52,
700,Ordinária,Ministério de Minas e Energia/Agência Nacional de Energia Elétrica,2023-02-07,http://pesquisa.in.gov.br/imprensa/jsp/visualiza/index.jsp?data=07/02/2023&jornal=515&pagina=35,
701,Ordinária,Ministério de Minas e Energia/Agência Nacional de Energia Elétrica,2023-02-07,http://pesquisa.in.gov.br/imprensa/jsp/visualiza/index.jsp?data=07/02/2023&jornal=515&pagina=36,
702,Ordinária,"Ministério de Minas e Energia/Agência Nacional do Petróleo, Gás Natural e Biocombustíveis/Diretoria III/Superintendência de Infraestrutura e Movimentação",2023-02-07,http://pesquisa.in.gov.br/imprensa/jsp/visualiza/index.jsp?data=07/02/2023&jornal=515&pagina=45,
703,Ordinária,Ministério Público da União/Atos do Procurador-Geral da República,2023-02-07,http://pesquisa.in.gov.br/imprensa/jsp/visualiza/index.jsp?data=07/02/2023&jornal=515&pagina=53,
704,Ordinária,Ministério de Portos e Aeroportos/Agência Nacional de Transportes Aquaviários/Superintendência de Outorgas,2023-02-07,http://pesquisa.in.gov.br/imprensa/jsp/visualiza/index.jsp?data=07/02/2023&jornal=515&pagina=48,
705,Ordinária,"Ministério de Minas e Energia/Agência Nacional de Energia Elétrica/Superintendência de Mediação Administrativa, Ouvidoria Setorial e Participação pública",2023-02-07,http://pesquisa.in.gov.br/imprensa/jsp/visualiza/index.jsp?data=07/02/2023&jornal=515&pagina=36,
706,Ordinária,Ministério de Minas e Energia/Agência Nacional de Mineração/Gerência Regional da ANM no Estado de Minas Gerais,2023-02-07,http://pesquisa.in.gov.br/imprensa/jsp/visualiza/index.jsp?data=07/02/2023&jornal=515&pagina=40,
707,Ordinária,"Ministério de Minas e Energia/Agência Nacional do Petróleo, Gás Natural e Biocombustíveis/Diretoria I/Superintendência de Distribuição e Logística",2023-02-07,http://pesquisa.in.gov.br/imprensa/jsp/visualiza/index.jsp?data=07/02/2023&jornal=515&pagina=44,
708,Ordinária,"Ministério de Minas e Energia/Agência Nacional de Energia Elétrica/Superintendência de Mediação Administrativa, Ouvidoria Setorial e Participação pública",2023-02-07,http://pesquisa.in.gov.br/imprensa/jsp/visualiza/index.jsp?data=07/02/2023&jornal=515&pagina=36,
709,Ordinária,Ministério das Comunicações/Secretaria de Comunicação Social Eletrônica,2023-02-07,http://pesquisa.in.gov.br/imprensa/jsp/visualiza/index.jsp?data=07/02/2023&jornal=515&pagina=6,
710,Ordinária,Ministério da Agricultura e Pecuária/Secretaria Executiva/Superintendência de Agricultura e Pecuária do Estado do Paraná,2023-02-07,http://pesquisa.in.gov.br/imprensa/jsp/visualiza/index.jsp?data=07/02/2023&jornal=515&pagina=3,
711,Ordinária,Ministério da Fazenda/Secretaria Especial da Receita Federal do Brasil/Subsecretaria-Geral da Receita Federal do Brasil/Superintendência Regional da Receita Federal do Brasil 6ª Região Fiscal/Delegacia da Receita Federal do Brasil em Varginha,2023-02-07,http://pesquisa.in.gov.br/imprensa/jsp/visualiza/index.jsp?data=07/02/2023&jornal=515&pagina=16,"Aprova o fornecimento de selos de controle, para selagem no exterior, de uísque."
712,Ordinária,Ministério das Comunicações/Agência Nacional de Telecomunicações/Superintendência de Fiscalização/Gerência Regional nos Estados do Paraná e Santa Catarina,2023-02-07,http://pesquisa.in.gov.br/imprensa/jsp/visualiza/index.jsp?data=07/02/2023&jornal=515&pagina=8,
713,Ordinária,Ministério da Fazenda/Secretaria Especial da Receita Federal do Brasil/Subsecretaria-Geral da Receita Federal do Brasil/Superintendência Regional da Receita Federal do Brasil 6ª Região Fiscal/Delegacia da Receita Federal do Brasil em Varginha,2023-02-07,http://pesquisa.in.gov.br/imprensa/jsp/visualiza/index.jsp?data=07/02/2023&jornal=515&pagina=16,"Aprova o fornecimento de selos de controle, para selagem no exterior, de uísque."
714,Ordinária,"Ministério das Comunicações/Agência Nacional de Telecomunicações/Superintendência de Fiscalização/Gerência Regional nos Estados de Goiás, Mato Grosso, Mato Grosso do Sul e Tocantins/Unidade Operacional no Estado de Mato Grosso do Sul/Coordenação de Processo de Outorga e Recursos à Prestação",2023-02-07,http://pesquisa.in.gov.br/imprensa/jsp/visualiza/index.jsp?data=07/02/2023&jornal=515&pagina=8,
715,Ordinária,"Ministério da Ciência, Tecnologia e Inovação/Conselho Nacional de Controle de Experimentação Animal",2023-02-07,http://pesquisa.in.gov.br/imprensa/jsp/visualiza/index.jsp?data=07/02/2023&jornal=515&pagina=5,
716,Ordinária,Ministério das Relações Exteriores/Secretaria-Geral das Relações Exteriores,2023-02-07,http://pesquisa.in.gov.br/imprensa/jsp/visualiza/index.jsp?data=07/02/2023&jornal=515&pagina=48,
717,Ordinária,"Ministério da Ciência, Tecnologia e Inovação/Assessoria Especial de Assuntos Internacionais",2023-02-07,http://pesquisa.in.gov.br/imprensa/jsp/visualiza/index.jsp?data=07/02/2023&jornal=515&pagina=4,"Estabelece os procedimentos gerais de instituição do Programa de Gestão no âmbito da Assessoria Especial de Assuntos Internacionais, do Ministério da Ciência, Tecnologia e Inovação."
718,Ordinária,"Ministério das Comunicações/Agência Nacional de Telecomunicações/Superintendência de Fiscalização/Gerência Regional nos Estados do Pará, Maranhão e Amapá",2023-02-07,http://pesquisa.in.gov.br/imprensa/jsp/visualiza/index.jsp?data=07/02/2023&jornal=515&pagina=8,
719,Ordinária,Ministério das Comunicações/Agência Nacional de Telecomunicações/Superintendência de Radiofrequência e Fiscalização/Gerência-Geral de Fiscalização/Escritório Regional no Estado da Bahia,2023-02-07,http://pesquisa.in.gov.br/imprensa/jsp/visualiza/index.jsp?data=07/02/2023&jornal=515&pagina=8,
720,Ordinária,Ministério de Minas e Energia/Agência Nacional de Mineração/Gerência Regional da ANM no Estado de Minas Gerais,2023-02-07,http://pesquisa.in.gov.br/imprensa/jsp/visualiza/index.jsp?data=07/02/2023&jornal=515&pagina=39,
721,Ordinária,Ministério das Comunicações/Agência Nacional de Telecomunicações/Superintendência de Fiscalização/Gerência Regional nos Estados do Paraná e Santa Catarina,2023-02-07,http://pesquisa.in.gov.br/imprensa/jsp/visualiza/index.jsp?data=07/02/2023&jornal=515&pagina=8,
722,Ordinária,Ministério das Comunicações/Agência Nacional de Telecomunicações/Superintendência de Fiscalização/Gerência Regional nos Estados do Paraná e Santa Catarina,2023-02-07,http://pesquisa.in.gov.br/imprensa/jsp/visualiza/index.jsp?data=07/02/2023&jornal=515&pagina=8,
723,Ordinária,Ministério da Agricultura e Pecuária/Secretaria Executiva/Superintendência de Agricultura e Pecuária do Estado do Pará,2023-02-07,http://pesquisa.in.gov.br/imprensa/jsp/visualiza/index.jsp?data=07/02/2023&jornal=515&pagina=3,
724,Ordinária,Ministério da Agricultura e Pecuária/Secretaria Executiva/Superintendência de Agricultura e Pecuária do Estado do Paraná,2023-02-07,http://pesquisa.in.gov.br/imprensa/jsp/visualiza/index.jsp?data=07/02/2023&jornal=515&pagina=3,
725,Ordinária,Ministério da Fazenda/Secretaria Especial da Receita Federal do Brasil/Subsecretaria-Geral da Receita Federal do Brasil/Superintendência Regional da Receita Federal do Brasil 7ª Região Fiscal/Alfândega da Receita Federal do Brasil no Aeroporto Internacional do Galeão-Antônio Carlos Jobim,2023-02-07,http://pesquisa.in.gov.br/imprensa/jsp/visualiza/index.jsp?data=07/02/2023&jornal=515&pagina=19,Habilitação para operar o despacho aduaneiro de remessas expressas.
726,Ordinária,Ministério da Agricultura e Pecuária/Secretaria Executiva/Superintendência de Agricultura e Pecuária do Estado de São Paulo/Divisão de Defesa Agropecuária/Serviço de Fiscalização de Insumos e Sanidade Vegetal,2023-02-07,http://pesquisa.in.gov.br/imprensa/jsp/visualiza/index.jsp?data=07/02/2023&jornal=515&pagina=2,
727,Ordinária,Ministério da Agricultura e Pecuária/Secretaria Executiva/Superintendência de Agricultura e Pecuária do Estado do Rio de Janeiro,2023-02-07,http://pesquisa.in.gov.br/imprensa/jsp/visualiza/index.jsp?data=07/02/2023&jornal=515&pagina=4,
728,Ordinária,Ministério da Agricultura e Pecuária/Secretaria Executiva/Superintendência de Agricultura e Pecuária do Estado do Pernambuco,2023-02-07,http://pesquisa.in.gov.br/imprensa/jsp/visualiza/index.jsp?data=07/02/2023&jornal=515&pagina=4,
729,Ordinária,Ministério de Minas e Energia/Agência Nacional de Energia Elétrica,2023-02-07,http://pesquisa.in.gov.br/imprensa/jsp/visualiza/index.jsp?data=07/02/2023&jornal=515&pagina=35,
730,Ordinária,Ministério da Fazenda/Secretaria Especial da Receita Federal do Brasil/Subsecretaria-Geral da Receita Federal do Brasil/Superintendência Regional da Receita Federal do Brasil 8ª Região Fiscal/Delegacia da Receita Federal do Brasil em Sorocaba,2023-02-07,http://pesquisa.in.gov.br/imprensa/jsp/visualiza/index.jsp?data=07/02/2023&jornal=515&pagina=19,Concede habilitação ao Regime Tributário para Incentivo à Modernização e à Ampliação da Estrutura Portuária (Reporto)
731,Ordinária,Ministério de Minas e Energia/Agência Nacional de Energia Elétrica,2023-02-07,http://pesquisa.in.gov.br/imprensa/jsp/visualiza/index.jsp?data=07/02/2023&jornal=515&pagina=35,
732,Ordinária,Ministério da Fazenda/Secretaria Especial da Receita Federal do Brasil/Subsecretaria-Geral da Receita Federal do Brasil/Superintendência Regional da Receita Federal do Brasil 8ª Região Fiscal/Delegacia da Receita Federal do Brasil em Sorocaba,2023-02-07,http://pesquisa.in.gov.br/imprensa/jsp/visualiza/index.jsp?data=07/02/2023&jornal=515&pagina=19,Concede o Registro Especial de Controle de Papel Imune na atividade de Gráfica
733,Ordinária,Ministério de Minas e Energia/Agência Nacional de Energia Elétrica,2023-02-07,http://pesquisa.in.gov.br/imprensa/jsp/visualiza/index.jsp?data=07/02/2023&jornal=515&pagina=35,
734,Ordinária,Ministério da Fazenda/Secretaria Especial da Receita Federal do Brasil/Subsecretaria-Geral da Receita Federal do Brasil/Superintendência Regional da Receita Federal do Brasil 8ª Região Fiscal/Delegacia da Receita Federal do Brasil em Sorocaba,2023-02-07,http://pesquisa.in.gov.br/imprensa/jsp/visualiza/index.jsp?data=07/02/2023&jornal=515&pagina=20,Concede habilitação ao Regime Especial Tributário para a Indústria de Defesa (Retid)
735,Ordinária,Ministério de Minas e Energia/Agência Nacional de Energia Elétrica,2023-02-07,http://pesquisa.in.gov.br/imprensa/jsp/visualiza/index.jsp?data=07/02/2023&jornal=515&pagina=35,
736,Ordinária,Ministério da Fazenda/Secretaria Especial da Receita Federal do Brasil/Subsecretaria-Geral da Receita Federal do Brasil/Superintendência Regional da Receita Federal do Brasil 8ª Região Fiscal/Delegacia da Receita Federal do Brasil em Sorocaba,2023-02-07,http://pesquisa.in.gov.br/imprensa/jsp/visualiza/index.jsp?data=07/02/2023&jornal=515&pagina=20,Concede o Registro Especial de Controle de Papel Imune na atividade de Importador
737,Ordinária,"Ministério da Fazenda/Superintendência de Seguros Privados/Diretoria Técnica 1/Coordenação-Geral de Regimes Especiais, Autorizações e Julgamentos",2023-02-07,http://pesquisa.in.gov.br/imprensa/jsp/visualiza/index.jsp?data=07/02/2023&jornal=515&pagina=21,
738,Ordinária,"Ministério da Fazenda/Superintendência de Seguros Privados/Diretoria Técnica 1/Coordenação-Geral de Regimes Especiais, Autorizações e Julgamentos",2023-02-07,http://pesquisa.in.gov.br/imprensa/jsp/visualiza/index.jsp?data=07/02/2023&jornal=515&pagina=21,
739,Ordinária,Ministério das Comunicações/Secretaria de Comunicação Social Eletrônica,2023-02-07,http://pesquisa.in.gov.br/imprensa/jsp/visualiza/index.jsp?data=07/02/2023&jornal=515&pagina=6,
740,Ordinária,"Ministério da Fazenda/Superintendência de Seguros Privados/Diretoria Técnica 1/Coordenação-Geral de Regimes Especiais, Autorizações e Julgamentos",2023-02-07,http://pesquisa.in.gov.br/imprensa/jsp/visualiza/index.jsp?data=07/02/2023&jornal=515&pagina=21,
741,Ordinária,Ministério de Minas e Energia/Agência Nacional de Energia Elétrica/Superintendência de Regulação dos Serviços de Transmissão,2023-02-07,http://pesquisa.in.gov.br/imprensa/jsp/visualiza/index.jsp?data=07/02/2023&jornal=515&pagina=36,
742,Ordinária,Ministério da Justiça e Segurança Pública/Secretaria Nacional de Justiça/Departamento de Migrações/Coordenação-Geral de Imigração Laboral,2023-02-07,http://pesquisa.in.gov.br/imprensa/jsp/visualiza/index.jsp?data=07/02/2023&jornal=515&pagina=23,
743,Ordinária,Ministério da Justiça e Segurança Pública/Conselho Administrativo de Defesa Econômica,2023-02-07,http://pesquisa.in.gov.br/imprensa/jsp/visualiza/index.jsp?data=07/02/2023&jornal=515&pagina=28,"Dispõe sobre a estrutura, a competência e o funcionamento das unidades subordinadas aos órgãos descritos no artigo 2º do Regimento Interno do Cade, nos termos do Decreto nº 11.222, de 5 de outubro de 2022, do Decreto nº 10.829, de 5 de outubro de 2021 e do Decreto nº 9.739, de 28 de março de 2019."
744,Ordinária,Ministério de Minas e Energia/Agência Nacional de Energia Elétrica,2023-02-07,http://pesquisa.in.gov.br/imprensa/jsp/visualiza/index.jsp?data=07/02/2023&jornal=515&pagina=35,
745,Ordinária,Ministério do Meio Ambiente e Mudança do Clima/Agência Nacional de Águas e Saneamento Básico,2023-02-07,http://pesquisa.in.gov.br/imprensa/jsp/visualiza/index.jsp?data=07/02/2023&jornal=515&pagina=33,"Autoriza a operação excepcional do reservatório da Usina Termelétrica - UTE Candiota III, com redução temporária da vazão mínima a jusante da Barragem II, no Arroio Candiota."
746,Ordinária,Ministério das Comunicações/Agência Nacional de Telecomunicações/Superintendência de Radiofrequência e Fiscalização/Gerência-Geral de Fiscalização/Escritório Regional no Estado da Bahia,2023-02-07,http://pesquisa.in.gov.br/imprensa/jsp/visualiza/index.jsp?data=07/02/2023&jornal=515&pagina=7,
747,Ordinária,Ministério do Meio Ambiente e Mudança do Clima/Agência Nacional de Águas e Saneamento Básico/Superintendência de Regulação de Usos de Recursos Hídricos,2023-02-07,http://pesquisa.in.gov.br/imprensa/jsp/visualiza/index.jsp?data=07/02/2023&jornal=515&pagina=33,
748,Ordinária,Ministério de Minas e Energia/Agência Nacional de Energia Elétrica,2023-02-07,http://pesquisa.in.gov.br/imprensa/jsp/visualiza/index.jsp?data=07/02/2023&jornal=515&pagina=35,
749,Ordinária,"Ministério de Minas e Energia/Agência Nacional do Petróleo, Gás Natural e Biocombustíveis/Diretoria II/Superintendência de Biocombustíveis e Qualidade de Produtos",2023-02-07,http://pesquisa.in.gov.br/imprensa/jsp/visualiza/index.jsp?data=07/02/2023&jornal=515&pagina=45,
750,Ordinária,Ministério de Minas e Energia/Agência Nacional de Energia Elétrica,2023-02-07,http://pesquisa.in.gov.br/imprensa/jsp/visualiza/index.jsp?data=07/02/2023&jornal=515&pagina=33,
751,Ordinária,Ministério de Portos e Aeroportos/Agência Nacional de Transportes Aquaviários/Superintendência de Outorgas,2023-02-07,http://pesquisa.in.gov.br/imprensa/jsp/visualiza/index.jsp?data=07/02/2023&jornal=515&pagina=48,
752,Ordinária,Ministério do Trabalho e Emprego/Secretaria de Inspeção do Trabalho/Departamento de Fiscalização do Trabalho/Coordenação-Geral de Recursos,2023-02-07,http://pesquisa.in.gov.br/imprensa/jsp/visualiza/index.jsp?data=07/02/2023&jornal=515&pagina=49,
753,Ordinária,Ministério de Minas e Energia/Agência Nacional de Energia Elétrica,2023-02-07,http://pesquisa.in.gov.br/imprensa/jsp/visualiza/index.jsp?data=07/02/2023&jornal=515&pagina=34,
754,Ordinária,Ministério de Minas e Energia/Agência Nacional de Energia Elétrica,2023-02-07,http://pesquisa.in.gov.br/imprensa/jsp/visualiza/index.jsp?data=07/02/2023&jornal=515&pagina=34,
755,Ordinária,Ministério de Minas e Energia/Agência Nacional de Energia Elétrica,2023-02-07,http://pesquisa.in.gov.br/imprensa/jsp/visualiza/index.jsp?data=07/02/2023&jornal=515&pagina=34,
756,Ordinária,Ministério de Minas e Energia/Agência Nacional de Energia Elétrica,2023-02-07,http://pesquisa.in.gov.br/imprensa/jsp/visualiza/index.jsp?data=07/02/2023&jornal=515&pagina=35,
757,Ordinária,Ministério de Minas e Energia/Agência Nacional de Energia Elétrica,2023-02-07,http://pesquisa.in.gov.br/imprensa/jsp/visualiza/index.jsp?data=07/02/2023&jornal=515&pagina=34,
758,Ordinária,Ministério de Minas e Energia/Agência Nacional de Energia Elétrica,2023-02-07,http://pesquisa.in.gov.br/imprensa/jsp/visualiza/index.jsp?data=07/02/2023&jornal=515&pagina=34,
759,Ordinária,Ministério de Minas e Energia/Agência Nacional de Energia Elétrica,2023-02-07,http://pesquisa.in.gov.br/imprensa/jsp/visualiza/index.jsp?data=07/02/2023&jornal=515&pagina=35,
760,Ordinária,Ministério de Minas e Energia/Agência Nacional de Energia Elétrica,2023-02-07,http://pesquisa.in.gov.br/imprensa/jsp/visualiza/index.jsp?data=07/02/2023&jornal=515&pagina=35,
761,Ordinária,Ministério de Minas e Energia/Agência Nacional de Energia Elétrica,2023-02-07,http://pesquisa.in.gov.br/imprensa/jsp/visualiza/index.jsp?data=07/02/2023&jornal=515&pagina=35,
762,Ordinária,Ministério de Minas e Energia/Agência Nacional de Energia Elétrica,2023-02-07,http://pesquisa.in.gov.br/imprensa/jsp/visualiza/index.jsp?data=07/02/2023&jornal=515&pagina=35,
763,Ordinária,Ministério de Minas e Energia/Agência Nacional de Energia Elétrica,2023-02-07,http://pesquisa.in.gov.br/imprensa/jsp/visualiza/index.jsp?data=07/02/2023&jornal=515&pagina=35,
764,Ordinária,Ministério de Minas e Energia/Agência Nacional de Energia Elétrica,2023-02-07,http://pesquisa.in.gov.br/imprensa/jsp/visualiza/index.jsp?data=07/02/2023&jornal=515&pagina=34,
765,Ordinária,Ministério de Minas e Energia/Agência Nacional de Energia Elétrica,2023-02-07,http://pesquisa.in.gov.br/imprensa/jsp/visualiza/index.jsp?data=07/02/2023&jornal=515&pagina=34,
766,Ordinária,Ministério da Justiça e Segurança Pública/Secretaria Nacional de Justiça/Departamento de Migrações/Coordenação-Geral de Imigração Laboral,2023-02-07,http://pesquisa.in.gov.br/imprensa/jsp/visualiza/index.jsp?data=07/02/2023&jornal=515&pagina=24,
767,Ordinária,Ministério de Minas e Energia/Agência Nacional de Energia Elétrica,2023-02-07,http://pesquisa.in.gov.br/imprensa/jsp/visualiza/index.jsp?data=07/02/2023&jornal=515&pagina=35,
768,Ordinária,Ministério de Minas e Energia/Agência Nacional de Energia Elétrica,2023-02-07,http://pesquisa.in.gov.br/imprensa/jsp/visualiza/index.jsp?data=07/02/2023&jornal=515&pagina=34,"Altera a Resolução Normativa nº 1.000, de 7 de dezembro de 2021, que estabelece as Regras de Prestação do Serviço Público de Distribuição de Energia Elétrica; e altera o Anexo XI da Resolução Normativa nº 956, de 7 de dezembro de 2021, que estabelece os Procedimentos de Distribuição de Energia Elétrica no Sistema Elétrico Nacional - PRODIST - Módulo 11 - Fatura de Energia Elétrica e Informações Suplementares, para regulamentar o código de resposta rápida do PIX como meio de pagamento da fatura de energia elétrica."
769,Ordinária,Ministério da Justiça e Segurança Pública/Secretaria Nacional de Justiça/Departamento de Migrações/Coordenação-Geral de Imigração Laboral,2023-02-07,http://pesquisa.in.gov.br/imprensa/jsp/visualiza/index.jsp?data=07/02/2023&jornal=515&pagina=23,
770,Ordinária,Ministério da Integração e do Desenvolvimento Regional/Secretaria Nacional de Proteção e Defesa Civil-MIDR,2023-02-07,http://pesquisa.in.gov.br/imprensa/jsp/visualiza/index.jsp?data=07/02/2023&jornal=515&pagina=21,
771,Ordinária,Ministério da Integração e do Desenvolvimento Regional/Secretaria Nacional de Proteção e Defesa Civil-MIDR,2023-02-07,http://pesquisa.in.gov.br/imprensa/jsp/visualiza/index.jsp?data=07/02/2023&jornal=515&pagina=21,
772,Ordinária,"Ministério da Fazenda/Superintendência de Seguros Privados/Diretoria Técnica 1/Coordenação-Geral de Regimes Especiais, Autorizações e Julgamentos",2023-02-07,http://pesquisa.in.gov.br/imprensa/jsp/visualiza/index.jsp?data=07/02/2023&jornal=515&pagina=21,
773,Ordinária,Ministério da Fazenda/Secretaria Especial da Receita Federal do Brasil/Subsecretaria-Geral da Receita Federal do Brasil/Superintendência Regional da Receita Federal do Brasil 8ª Região Fiscal/Delegacia de Fiscalização de Comércio Exterior da Receita Federal do Brasil em São Paulo,2023-02-07,http://pesquisa.in.gov.br/imprensa/jsp/visualiza/index.jsp?data=07/02/2023&jornal=515&pagina=20,Certifica como Operador Econômico Autorizado a empresa que especifica.
774,Ordinária,"Ministério da Fazenda/Superintendência de Seguros Privados/Diretoria Técnica 1/Coordenação-Geral de Regimes Especiais, Autorizações e Julgamentos",2023-02-07,http://pesquisa.in.gov.br/imprensa/jsp/visualiza/index.jsp?data=07/02/2023&jornal=515&pagina=21,
775,Ordinária,Ministério de Minas e Energia/Agência Nacional de Energia Elétrica,2023-02-07,http://pesquisa.in.gov.br/imprensa/jsp/visualiza/index.jsp?data=07/02/2023&jornal=515&pagina=34,
776,Ordinária,"Ministério da Fazenda/Secretaria Especial da Receita Federal do Brasil/Subsecretaria-Geral da Receita Federal do Brasil/Superintendência Regional da Receita Federal do Brasil 9ª Região Fiscal/Alfândega da Receita Federal do Brasil em Curitiba/Seção de Controle de Intervenientes, Carga e Trânsito Aduaneiro",2023-02-07,http://pesquisa.in.gov.br/imprensa/jsp/visualiza/index.jsp?data=07/02/2023&jornal=515&pagina=20,Inclusão no Registro de Ajudante de Despachante Aduaneiro
777,Ordinária,Ministério da Fazenda/Secretaria Especial da Receita Federal do Brasil/Subsecretaria-Geral da Receita Federal do Brasil/Superintendência Regional da Receita Federal do Brasil 7ª Região Fiscal,2023-02-07,http://pesquisa.in.gov.br/imprensa/jsp/visualiza/index.jsp?data=07/02/2023&jornal=515&pagina=18,"Concede, à pessoa jurídica que menciona, habilitação para operar no Regime Especial de Incentivos para o Desenvolvimento da Infraestrutura (REIDI) de que trata a Instrução Normativa RFB nº 2.121/2022. | Concede, à pessoa jurídica que menciona, habilitação para operar no Regime Especial de Incentivos para o Desenvolvimento da Infraestrutura (REIDI) de que trata a Instrução Normativa RFB nº 2.121/2022."
778,Ordinária,Ministério da Fazenda/Secretaria Especial da Receita Federal do Brasil/Subsecretaria-Geral da Receita Federal do Brasil/Superintendência Regional da Receita Federal do Brasil 8ª Região Fiscal/Delegacia da Receita Federal do Brasil em Sorocaba,2023-02-07,http://pesquisa.in.gov.br/imprensa/jsp/visualiza/index.jsp?data=07/02/2023&jornal=515&pagina=19,Renova o Registro Especial de Controle de Papel Imune na atividade de Gráfica. | Renova o Registro Especial de Controle de Papel Imune na atividade de Usuário. | Concede o Registro Especial de Controle de Papel Imune na atividade de Usuário.
779,Ordinária,Ministério de Portos e Aeroportos/Agência Nacional de Transportes Aquaviários/Superintendência de Fiscalização e Coordenação das Unidades Regionais/Gerência de Apoio Técnico,2023-02-07,http://pesquisa.in.gov.br/imprensa/jsp/visualiza/index.jsp?data=07/02/2023&jornal=515&pagina=47,
780,Ordinária,Ministério de Portos e Aeroportos/Agência Nacional de Transportes Aquaviários/Superintendência de Fiscalização e Coordenação das Unidades Regionais/Gerência de Apoio Técnico,2023-02-07,http://pesquisa.in.gov.br/imprensa/jsp/visualiza/index.jsp?data=07/02/2023&jornal=515&pagina=47,
781,Ordinária,Ministério de Portos e Aeroportos/Agência Nacional de Transportes Aquaviários/Superintendência de Fiscalização e Coordenação das Unidades Regionais/Gerência de Apoio Técnico,2023-02-07,http://pesquisa.in.gov.br/imprensa/jsp/visualiza/index.jsp?data=07/02/2023&jornal=515&pagina=47,
782,Ordinária,Ministério de Minas e Energia/Agência Nacional de Mineração/Gerência Regional da ANM no Estado de Minas Gerais,2023-02-07,http://pesquisa.in.gov.br/imprensa/jsp/visualiza/index.jsp?data=07/02/2023&jornal=515&pagina=38,
783,Ordinária,Ministério de Portos e Aeroportos/Agência Nacional de Aviação Civil/Superintendência de Infraestrutura Aeroportuária,2023-02-07,http://pesquisa.in.gov.br/imprensa/jsp/visualiza/index.jsp?data=07/02/2023&jornal=515&pagina=46,
784,Ordinária,Ministério da Fazenda/Secretaria Especial da Receita Federal do Brasil/Subsecretaria-Geral da Receita Federal do Brasil/Superintendência Regional da Receita Federal do Brasil 8ª Região Fiscal/Delegacia de Fiscalização de Comércio Exterior da Receita Federal do Brasil em São Paulo,2023-02-07,http://pesquisa.in.gov.br/imprensa/jsp/visualiza/index.jsp?data=07/02/2023&jornal=515&pagina=20,Concede habilitação ao Regime Especial de Entreposto Industrial sob Controle Informatizado do Sistema Público de Escrituração Digital (Recof-Sped) à pessoa jurídica que especifica.
785,Ordinária,Ministério do Planejamento e Orçamento/Secretaria de Orçamento Federal,2023-02-07,http://pesquisa.in.gov.br/imprensa/jsp/visualiza/index.jsp?data=07/02/2023&jornal=515&pagina=45,"Altera a denominação de órgãos e unidades orçamentárias constantes da Lei nº 14.535, de 17 de janeiro de 2023."
786,Ordinária,Ministério das Comunicações/Secretaria de Comunicação Social Eletrônica,2023-02-07,http://pesquisa.in.gov.br/imprensa/jsp/visualiza/index.jsp?data=07/02/2023&jornal=515&pagina=6,
787,Ordinária,Ministério das Comunicações/Agência Nacional de Telecomunicações/Superintendência de Fiscalização/Gerência Regional nos Estados do Paraná e Santa Catarina,2023-02-07,http://pesquisa.in.gov.br/imprensa/jsp/visualiza/index.jsp?data=07/02/2023&jornal=515&pagina=8,
788,Ordinária,Ministério de Minas e Energia/Agência Nacional de Energia Elétrica/Superintendência de Regulação Econômica e Estudos do Mercado,2023-02-07,http://pesquisa.in.gov.br/imprensa/jsp/visualiza/index.jsp?data=07/02/2023&jornal=515&pagina=37,
789,Ordinária,Ministério de Portos e Aeroportos/Agência Nacional de Aviação Civil/Superintendência de Padrões Operacionais/Gerência de Operações da Aviação Geral,2023-02-07,http://pesquisa.in.gov.br/imprensa/jsp/visualiza/index.jsp?data=07/02/2023&jornal=515&pagina=47,
790,Ordinária,Ministério da Fazenda/Secretaria Especial da Receita Federal do Brasil/Subsecretaria-Geral da Receita Federal do Brasil/Superintendência Regional da Receita Federal do Brasil 6ª Região Fiscal/Delegacia da Receita Federal do Brasil em Varginha,2023-02-07,http://pesquisa.in.gov.br/imprensa/jsp/visualiza/index.jsp?data=07/02/2023&jornal=515&pagina=16,"Aprova o fornecimento de selos de controle, para selagem no exterior, de bebidas alcoólicas."
791,Ordinária,Ministério de Portos e Aeroportos/Agência Nacional de Aviação Civil/Superintendência de Pessoal da Aviação Civil/Gerência de Certificação de Pessoal/Coordenadoria de Certificação Médica Aeronáutica,2023-02-07,http://pesquisa.in.gov.br/imprensa/jsp/visualiza/index.jsp?data=07/02/2023&jornal=515&pagina=47,
792,Ordinária,Ministério de Minas e Energia/Agência Nacional de Mineração/Gerência Regional da ANM no Estado de Minas Gerais,2023-02-07,http://pesquisa.in.gov.br/imprensa/jsp/visualiza/index.jsp?data=07/02/2023&jornal=515&pagina=39,
793,Ordinária,Ministério de Portos e Aeroportos/Agência Nacional de Transportes Aquaviários/Superintendência de Outorgas,2023-02-07,http://pesquisa.in.gov.br/imprensa/jsp/visualiza/index.jsp?data=07/02/2023&jornal=515&pagina=48,
794,Ordinária,Ministério da Agricultura e Pecuária/Secretaria Executiva/Superintendência de Agricultura e Pecuária do Estado de São Paulo/Divisão de Defesa Agropecuária/Serviço de Fiscalização de Insumos e Sanidade Vegetal,2023-02-07,http://pesquisa.in.gov.br/imprensa/jsp/visualiza/index.jsp?data=07/02/2023&jornal=515&pagina=3,
795,Ordinária,Ministério da Saúde/Agência Nacional de Vigilância Sanitária/4ª Diretoria/Gerência-Geral de Inspeção e Fiscalização Sanitária,2023-02-07,http://pesquisa.in.gov.br/imprensa/jsp/visualiza/index.jsp?data=07/02/2023&jornal=515&pagina=49,
796,Ordinária,Ministério da Saúde/Agência Nacional de Vigilância Sanitária/4ª Diretoria/Gerência-Geral de Inspeção e Fiscalização Sanitária,2023-02-07,http://pesquisa.in.gov.br/imprensa/jsp/visualiza/index.jsp?data=07/02/2023&jornal=515&pagina=49,
797,Ordinária,Ministério de Portos e Aeroportos/Agência Nacional de Transportes Aquaviários/Superintendência de Outorgas,2023-02-07,http://pesquisa.in.gov.br/imprensa/jsp/visualiza/index.jsp?data=07/02/2023&jornal=515&pagina=48,
798,Ordinária,"Ministério de Minas e Energia/Agência Nacional do Petróleo, Gás Natural e Biocombustíveis/Diretoria I/Superintendência de Distribuição e Logística",2023-02-07,http://pesquisa.in.gov.br/imprensa/jsp/visualiza/index.jsp?data=07/02/2023&jornal=515&pagina=44,
799,Ordinária,Ministério de Minas e Energia/Agência Nacional de Energia Elétrica/Superintendência de Regulação dos Serviços de Transmissão,2023-02-07,http://pesquisa.in.gov.br/imprensa/jsp/visualiza/index.jsp?data=07/02/2023&jornal=515&pagina=36,
800,Ordinária,Ministério da Fazenda/Secretaria Especial da Receita Federal do Brasil/Subsecretaria-Geral da Receita Federal do Brasil/Superintendência Regional da Receita Federal do Brasil 9ª Região Fiscal,2023-02-07,http://pesquisa.in.gov.br/imprensa/jsp/visualiza/index.jsp?data=07/02/2023&jornal=515&pagina=20,"Declara alfandegadas as instalações do Terminal de uso privado que menciona, nos termos e condições normativos vigentes."
801,Ordinária,Ministério de Minas e Energia/Agência Nacional de Mineração/Gerência Regional da ANM no Estado de Paraíba,2023-02-07,http://pesquisa.in.gov.br/imprensa/jsp/visualiza/index.jsp?data=07/02/2023&jornal=515&pagina=41,
802,Ordinária,"Ministério de Minas e Energia/Agência Nacional do Petróleo, Gás Natural e Biocombustíveis/Diretoria III/Superintendência de Infraestrutura e Movimentação",2023-02-07,http://pesquisa.in.gov.br/imprensa/jsp/visualiza/index.jsp?data=07/02/2023&jornal=515&pagina=45,
803,Ordinária,Ministério de Minas e Energia/Agência Nacional de Energia Elétrica/Superintendência de Fiscalização Econômica e Financeira,2023-02-07,http://pesquisa.in.gov.br/imprensa/jsp/visualiza/index.jsp?data=07/02/2023&jornal=515&pagina=36,
804,Ordinária,Ministério da Agricultura e Pecuária/Secretaria Executiva/Superintendência de Agricultura e Pecuária do Estado de São Paulo/Divisão de Defesa Agropecuária/Serviço de Fiscalização de Insumos e Sanidade Vegetal,2023-02-07,http://pesquisa.in.gov.br/imprensa/jsp/visualiza/index.jsp?data=07/02/2023&jornal=515&pagina=3,
805,Ordinária,Ministério de Minas e Energia/Agência Nacional de Energia Elétrica/Superintendência de Fiscalização Econômica e Financeira,2023-02-07,http://pesquisa.in.gov.br/imprensa/jsp/visualiza/index.jsp?data=07/02/2023&jornal=515&pagina=36,
806,Ordinária,Ministério de Minas e Energia/Agência Nacional de Energia Elétrica/Superintendência de Regulação Econômica e Estudos do Mercado,2023-02-07,http://pesquisa.in.gov.br/imprensa/jsp/visualiza/index.jsp?data=07/02/2023&jornal=515&pagina=36,
807,Ordinária,"Ministério de Minas e Energia/Agência Nacional de Energia Elétrica/Superintendência de Mediação Administrativa, Ouvidoria Setorial e Participação pública",2023-02-07,http://pesquisa.in.gov.br/imprensa/jsp/visualiza/index.jsp?data=07/02/2023&jornal=515&pagina=36,
808,Ordinária,Ministério de Minas e Energia/Agência Nacional de Energia Elétrica/Superintendência de Fiscalização dos Serviços de Geração,2023-02-07,http://pesquisa.in.gov.br/imprensa/jsp/visualiza/index.jsp?data=07/02/2023&jornal=515&pagina=36,
809,Ordinária,Ministério das Comunicações/Secretaria de Comunicação Social Eletrônica,2023-02-07,http://pesquisa.in.gov.br/imprensa/jsp/visualiza/index.jsp?data=07/02/2023&jornal=515&pagina=6,
810,Ordinária,Ministério de Minas e Energia/Agência Nacional de Mineração/Gerência Regional da ANM no Estado de Minas Gerais,2023-02-07,http://pesquisa.in.gov.br/imprensa/jsp/visualiza/index.jsp?data=07/02/2023&jornal=515&pagina=37,
811,Ordinária,Ministério de Minas e Energia/Agência Nacional de Mineração/Superintendência de Outorga de Títulos Minerários,2023-02-07,http://pesquisa.in.gov.br/imprensa/jsp/visualiza/index.jsp?data=07/02/2023&jornal=515&pagina=43,
812,Ordinária,"Ministério de Minas e Energia/Agência Nacional de Energia Elétrica/Superintendência de Mediação Administrativa, Ouvidoria Setorial e Participação pública",2023-02-07,http://pesquisa.in.gov.br/imprensa/jsp/visualiza/index.jsp?data=07/02/2023&jornal=515&pagina=36,
813,Ordinária,Ministério de Portos e Aeroportos/Agência Nacional de Transportes Aquaviários/Superintendência de Fiscalização e Coordenação das Unidades Regionais/Gerência Regional de Recife/Unidade Regional de Fortaleza,2023-02-07,http://pesquisa.in.gov.br/imprensa/jsp/visualiza/index.jsp?data=07/02/2023&jornal=515&pagina=48,
814,Ordinária,Ministério das Comunicações/Secretaria de Comunicação Social Eletrônica,2023-02-07,http://pesquisa.in.gov.br/imprensa/jsp/visualiza/index.jsp?data=07/02/2023&jornal=515&pagina=6,
815,Ordinária,Ministério de Minas e Energia/Agência Nacional de Mineração/Gerência Regional da ANM no Estado de Paraíba,2023-02-07,http://pesquisa.in.gov.br/imprensa/jsp/visualiza/index.jsp?data=07/02/2023&jornal=515&pagina=41,
816,Ordinária,Ministério de Minas e Energia/Agência Nacional de Mineração/Superintendência de Outorga de Títulos Minerários,2023-02-07,http://pesquisa.in.gov.br/imprensa/jsp/visualiza/index.jsp?data=07/02/2023&jornal=515&pagina=43,
817,Ordinária,"Ministério de Minas e Energia/Agência Nacional do Petróleo, Gás Natural e Biocombustíveis/Diretoria III/Superintendência de Infraestrutura e Movimentação",2023-02-07,http://pesquisa.in.gov.br/imprensa/jsp/visualiza/index.jsp?data=07/02/2023&jornal=515&pagina=45,
818,Ordinária,Ministério de Portos e Aeroportos/Agência Nacional de Transportes Aquaviários/Superintendência de Outorgas,2023-02-07,http://pesquisa.in.gov.br/imprensa/jsp/visualiza/index.jsp?data=07/02/2023&jornal=515&pagina=48,
819,Ordinária,Ministério de Minas e Energia/Agência Nacional de Mineração/Gerência Regional da ANM no Estado do Rio de Janeiro,2023-02-07,http://pesquisa.in.gov.br/imprensa/jsp/visualiza/index.jsp?data=07/02/2023&jornal=515&pagina=43,
820,Ordinária,"Ministério de Minas e Energia/Agência Nacional do Petróleo, Gás Natural e Biocombustíveis/Diretoria I/Superintendência de Distribuição e Logística",2023-02-07,http://pesquisa.in.gov.br/imprensa/jsp/visualiza/index.jsp?data=07/02/2023&jornal=515&pagina=44,
821,Ordinária,Ministério de Minas e Energia/Agência Nacional de Mineração/Superintendência de Outorga de Títulos Minerários,2023-02-07,http://pesquisa.in.gov.br/imprensa/jsp/visualiza/index.jsp?data=07/02/2023&jornal=515&pagina=43,
822,Ordinária,Ministério de Minas e Energia/Agência Nacional de Mineração/Gerência Regional da ANM no Estado de São Paulo,2023-02-07,http://pesquisa.in.gov.br/imprensa/jsp/visualiza/index.jsp?data=07/02/2023&jornal=515&pagina=41,
823,Ordinária,Ministério da Agricultura e Pecuária/Secretaria Executiva/Superintendência de Agricultura e Pecuária do Estado do Pará,2023-02-07,http://pesquisa.in.gov.br/imprensa/jsp/visualiza/index.jsp?data=07/02/2023&jornal=515&pagina=3,
824,Ordinária,Ministério de Portos e Aeroportos/Agência Nacional de Transportes Aquaviários/Superintendência de Outorgas,2023-02-07,http://pesquisa.in.gov.br/imprensa/jsp/visualiza/index.jsp?data=07/02/2023&jornal=515&pagina=48,
825,Ordinária,Ministério de Minas e Energia/Agência Nacional de Energia Elétrica,2023-02-07,http://pesquisa.in.gov.br/imprensa/jsp/visualiza/index.jsp?data=07/02/2023&jornal=515&pagina=35,
826,Ordinária,Ministério da Fazenda/Secretaria Especial da Receita Federal do Brasil/Subsecretaria-Geral da Receita Federal do Brasil/Superintendência Regional da Receita Federal do Brasil 8ª Região Fiscal/Delegacia da Receita Federal do Brasil em Sorocaba,2023-02-07,http://pesquisa.in.gov.br/imprensa/jsp/visualiza/index.jsp?data=07/02/2023&jornal=515&pagina=20,Concede o Registro Especial de Controle de Papel Imune na atividade de Usuário
827,Ordinária,"Ministério do Desenvolvimento e Assistência Social, Família e Combate à Fome/Secretaria Executiva",2023-02-07,http://pesquisa.in.gov.br/imprensa/jsp/visualiza/index.jsp?data=07/02/2023&jornal=515&pagina=9,
828,Ordinária,Ministério de Minas e Energia/Agência Nacional de Mineração/Superintendência de Outorga de Títulos Minerários,2023-02-07,http://pesquisa.in.gov.br/imprensa/jsp/visualiza/index.jsp?data=07/02/2023&jornal=515&pagina=43,
829,Ordinária,Ministério da Fazenda/Secretaria Especial da Receita Federal do Brasil/Subsecretaria-Geral da Receita Federal do Brasil/Superintendência Regional da Receita Federal do Brasil 8ª Região Fiscal/Delegacia de Fiscalização de Comércio Exterior da Receita Federal do Brasil em São Paulo,2023-02-07,http://pesquisa.in.gov.br/imprensa/jsp/visualiza/index.jsp?data=07/02/2023&jornal=515&pagina=20,Certifica como Operador Econômico Autorizado a empresa que especifica.
830,Ordinária,"Ministério da Fazenda/Superintendência de Seguros Privados/Diretoria Técnica 1/Coordenação-Geral de Regimes Especiais, Autorizações e Julgamentos",2023-02-07,http://pesquisa.in.gov.br/imprensa/jsp/visualiza/index.jsp?data=07/02/2023&jornal=515&pagina=21,
831,Ordinária,"Ministério da Fazenda/Superintendência de Seguros Privados/Diretoria Técnica 1/Coordenação-Geral de Regimes Especiais, Autorizações e Julgamentos",2023-02-07,http://pesquisa.in.gov.br/imprensa/jsp/visualiza/index.jsp?data=07/02/2023&jornal=515&pagina=21,
832,Ordinária,Ministério do Meio Ambiente e Mudança do Clima/Agência Nacional de Águas e Saneamento Básico/Superintendência de Regulação de Usos de Recursos Hídricos,2023-02-07,http://pesquisa.in.gov.br/imprensa/jsp/visualiza/index.jsp?data=07/02/2023&jornal=515&pagina=33,
833,Ordinária,Ministério do Meio Ambiente e Mudança do Clima/Agência Nacional de Águas e Saneamento Básico/Superintendência de Regulação de Usos de Recursos Hídricos,2023-02-07,http://pesquisa.in.gov.br/imprensa/jsp/visualiza/index.jsp?data=07/02/2023&jornal=515&pagina=33,
834,Ordinária,Ministério da Justiça e Segurança Pública/Secretaria Nacional de Justiça/Departamento de Migrações/Coordenação-Geral de Política Migratória/Coordenação de Processos Migratórios,2023-02-07,http://pesquisa.in.gov.br/imprensa/jsp/visualiza/index.jsp?data=07/02/2023&jornal=515&pagina=24,
835,Ordinária,Ministério das Comunicações/Secretaria de Comunicação Social Eletrônica,2023-02-07,http://pesquisa.in.gov.br/imprensa/jsp/visualiza/index.jsp?data=07/02/2023&jornal=515&pagina=6,
836,Ordinária,"Ministério do Desenvolvimento, Indústria, Comércio e Serviços/Banco Nacional de Desenvolvimento Econômico e Social",2023-02-07,http://pesquisa.in.gov.br/imprensa/jsp/visualiza/index.jsp?data=07/02/2023&jornal=515&pagina=9,
837,Ordinária,Ministério das Comunicações/Agência Nacional de Telecomunicações/Superintendência de Radiofrequência e Fiscalização/Gerência-Geral de Fiscalização/Escritório Regional no Estado da Bahia,2023-02-07,http://pesquisa.in.gov.br/imprensa/jsp/visualiza/index.jsp?data=07/02/2023&jornal=515&pagina=7,
838,Ordinária,Ministério Público da União/Ministério Público do Trabalho/Procuradoria-Geral/Câmara de Coordenação e Revisão,2023-02-07,http://pesquisa.in.gov.br/imprensa/jsp/visualiza/index.jsp?data=07/02/2023&jornal=515&pagina=55,
839,Ordinária,Ministério Público da União/Ministério Público do Distrito Federal e Territórios/Procuradoria-Geral de Justiça/Conselho Superior,2023-02-07,http://pesquisa.in.gov.br/imprensa/jsp/visualiza/index.jsp?data=07/02/2023&jornal=515&pagina=55,"Altera o artigo 21-A da Resolução nº 90, de 14 de setembro de 2009, que dispõe sobre as atribuições e distribuição de processos nas Promotorias de Justiça, e dá outras providências."
840,Ordinária,Ministério da Saúde/Agência Nacional de Saúde Suplementar/Diretoria Colegiada,2023-02-07,http://pesquisa.in.gov.br/imprensa/jsp/visualiza/index.jsp?data=07/02/2023&jornal=515&pagina=49,
841,Ordinária,"Ministério dos Transportes/VALEC - Engenharia, Construções e Ferrovias S.A.",2023-02-07,http://pesquisa.in.gov.br/imprensa/jsp/visualiza/index.jsp?data=07/02/2023&jornal=515&pagina=52,
842,Ordinária,Ministério do Trabalho e Emprego/Secretaria de Qualificação e Fomento à Geração de Emprego e Renda,2023-02-07,http://pesquisa.in.gov.br/imprensa/jsp/visualiza/index.jsp?data=07/02/2023&jornal=515&pagina=51,
843,Ordinária,"Ministério dos Transportes/VALEC - Engenharia, Construções e Ferrovias S.A.",2023-02-07,http://pesquisa.in.gov.br/imprensa/jsp/visualiza/index.jsp?data=07/02/2023&jornal=515&pagina=52,
844,Ordinária,Ministério do Trabalho e Emprego/Secretaria de Qualificação e Fomento à Geração de Emprego e Renda,2023-02-07,http://pesquisa.in.gov.br/imprensa/jsp/visualiza/index.jsp?data=07/02/2023&jornal=515&pagina=51,
845,Ordinária,Ministério do Trabalho e Emprego/Secretaria de Qualificação e Fomento à Geração de Emprego e Renda,2023-02-07,http://pesquisa.in.gov.br/imprensa/jsp/visualiza/index.jsp?data=07/02/2023&jornal=515&pagina=50,
846,Ordinária,Ministério do Trabalho e Emprego/Secretaria de Qualificação e Fomento à Geração de Emprego e Renda,2023-02-07,http://pesquisa.in.gov.br/imprensa/jsp/visualiza/index.jsp?data=07/02/2023&jornal=515&pagina=50,
847,Ordinária,Ministério do Trabalho e Emprego/Secretaria de Qualificação e Fomento à Geração de Emprego e Renda,2023-02-07,http://pesquisa.in.gov.br/imprensa/jsp/visualiza/index.jsp?data=07/02/2023&jornal=515&pagina=50,
848,Ordinária,Ministério do Trabalho e Emprego/Secretaria de Qualificação e Fomento à Geração de Emprego e Renda,2023-02-07,http://pesquisa.in.gov.br/imprensa/jsp/visualiza/index.jsp?data=07/02/2023&jornal=515&pagina=51,
849,Ordinária,Ministério da Justiça e Segurança Pública/Secretaria Nacional de Justiça/Departamento de Migrações/Coordenação-Geral de Política Migratória/Coordenação de Processos Migratórios,2023-02-07,http://pesquisa.in.gov.br/imprensa/jsp/visualiza/index.jsp?data=07/02/2023&jornal=515&pagina=24,
850,Ordinária,Ministério do Trabalho e Emprego/Secretaria de Qualificação e Fomento à Geração de Emprego e Renda,2023-02-07,http://pesquisa.in.gov.br/imprensa/jsp/visualiza/index.jsp?data=07/02/2023&jornal=515&pagina=50,
851,Ordinária,Ministério do Trabalho e Emprego/Secretaria de Qualificação e Fomento à Geração de Emprego e Renda,2023-02-07,http://pesquisa.in.gov.br/imprensa/jsp/visualiza/index.jsp?data=07/02/2023&jornal=515&pagina=50,
852,Ordinária,Ministério do Trabalho e Emprego/Secretaria de Qualificação e Fomento à Geração de Emprego e Renda,2023-02-07,http://pesquisa.in.gov.br/imprensa/jsp/visualiza/index.jsp?data=07/02/2023&jornal=515&pagina=50,
853,Ordinária,Ministério do Trabalho e Emprego/Secretaria de Qualificação e Fomento à Geração de Emprego e Renda,2023-02-07,http://pesquisa.in.gov.br/imprensa/jsp/visualiza/index.jsp?data=07/02/2023&jornal=515&pagina=50,
854,Ordinária,Ministério do Trabalho e Emprego/Secretaria de Qualificação e Fomento à Geração de Emprego e Renda,2023-02-07,http://pesquisa.in.gov.br/imprensa/jsp/visualiza/index.jsp?data=07/02/2023&jornal=515&pagina=50,
855,Ordinária,Ministério do Trabalho e Emprego/Secretaria de Qualificação e Fomento à Geração de Emprego e Renda,2023-02-07,http://pesquisa.in.gov.br/imprensa/jsp/visualiza/index.jsp?data=07/02/2023&jornal=515&pagina=50,
856,Ordinária,Ministério do Trabalho e Emprego/Secretaria de Qualificação e Fomento à Geração de Emprego e Renda,2023-02-07,http://pesquisa.in.gov.br/imprensa/jsp/visualiza/index.jsp?data=07/02/2023&jornal=515&pagina=50,
857,Ordinária,Ministério do Trabalho e Emprego/Secretaria de Qualificação e Fomento à Geração de Emprego e Renda,2023-02-07,http://pesquisa.in.gov.br/imprensa/jsp/visualiza/index.jsp?data=07/02/2023&jornal=515&pagina=50,
858,Ordinária,Ministério da Fazenda/Secretaria Especial da Receita Federal do Brasil/Subsecretaria-Geral da Receita Federal do Brasil/Superintendência Regional da Receita Federal do Brasil 7ª Região Fiscal,2023-02-07,http://pesquisa.in.gov.br/imprensa/jsp/visualiza/index.jsp?data=07/02/2023&jornal=515&pagina=17,Concede alteração de Regime Especial de Substituição Tributária do Imposto sobre Produtos Industrializados (IPI).
859,Ordinária,Ministério de Minas e Energia/Agência Nacional de Mineração/Gerência Regional da ANM no Estado do Tocantins,2023-02-07,http://pesquisa.in.gov.br/imprensa/jsp/visualiza/index.jsp?data=07/02/2023&jornal=515&pagina=43,
860,Ordinária,Ministério do Trabalho e Emprego/Secretaria de Qualificação e Fomento à Geração de Emprego e Renda,2023-02-07,http://pesquisa.in.gov.br/imprensa/jsp/visualiza/index.jsp?data=07/02/2023&jornal=515&pagina=50,
861,Ordinária,Ministério da Fazenda/Secretaria Especial da Receita Federal do Brasil/Subsecretaria-Geral da Receita Federal do Brasil/Superintendência Regional da Receita Federal do Brasil 6ª Região Fiscal/Delegacia da Receita Federal do Brasil em Varginha,2023-02-07,http://pesquisa.in.gov.br/imprensa/jsp/visualiza/index.jsp?data=07/02/2023&jornal=515&pagina=17,
862,Ordinária,Ministério de Minas e Energia/Agência Nacional de Mineração/Gerência Regional da ANM no Estado de Pernambuco,2023-02-07,http://pesquisa.in.gov.br/imprensa/jsp/visualiza/index.jsp?data=07/02/2023&jornal=515&pagina=41,
863,Ordinária,Ministério das Comunicações/Agência Nacional de Telecomunicações/Superintendência de Fiscalização/Gerência Regional no Estado de São Paulo,2023-02-07,http://pesquisa.in.gov.br/imprensa/jsp/visualiza/index.jsp?data=07/02/2023&jornal=515&pagina=8,
864,Ordinária,Ministério de Minas e Energia/Agência Nacional de Mineração/Gerência Regional da ANM no Estado do Rio de Janeiro,2023-02-07,http://pesquisa.in.gov.br/imprensa/jsp/visualiza/index.jsp?data=07/02/2023&jornal=515&pagina=43,
865,Ordinária,Ministério dos Transportes/Agência Nacional de Transportes Terrestres/Diretoria Colegiada,2023-02-07,http://pesquisa.in.gov.br/imprensa/jsp/visualiza/index.jsp?data=07/02/2023&jornal=515&pagina=51,
866,Ordinária,Ministério da Agricultura e Pecuária/Secretaria Executiva/Superintendência de Agricultura e Pecuária do Estado do Rio de Janeiro,2023-02-07,http://pesquisa.in.gov.br/imprensa/jsp/visualiza/index.jsp?data=07/02/2023&jornal=515&pagina=4,
867,Ordinária,Ministério de Minas e Energia/Agência Nacional de Mineração/Gerência Regional da ANM no Estado do Rio de Janeiro,2023-02-07,http://pesquisa.in.gov.br/imprensa/jsp/visualiza/index.jsp?data=07/02/2023&jornal=515&pagina=42,
868,Ordinária,Ministério da Justiça e Segurança Pública/Secretaria Nacional de Justiça,2023-02-07,http://pesquisa.in.gov.br/imprensa/jsp/visualiza/index.jsp?data=07/02/2023&jornal=515&pagina=22,
869,Ordinária,Ministério dos Transportes/Agência Nacional de Transportes Terrestres/Diretoria Colegiada,2023-02-07,http://pesquisa.in.gov.br/imprensa/jsp/visualiza/index.jsp?data=07/02/2023&jornal=515&pagina=51,
870,Ordinária,Ministério dos Transportes/Agência Nacional de Transportes Terrestres/Diretoria Colegiada,2023-02-07,http://pesquisa.in.gov.br/imprensa/jsp/visualiza/index.jsp?data=07/02/2023&jornal=515&pagina=51,
871,Ordinária,Ministério das Comunicações/Agência Nacional de Telecomunicações/Superintendência de Fiscalização/Gerência Regional no Estado de São Paulo,2023-02-07,http://pesquisa.in.gov.br/imprensa/jsp/visualiza/index.jsp?data=07/02/2023&jornal=515&pagina=8,
872,Ordinária,Ministério dos Transportes/Agência Nacional de Transportes Terrestres/Diretoria Colegiada,2023-02-07,http://pesquisa.in.gov.br/imprensa/jsp/visualiza/index.jsp?data=07/02/2023&jornal=515&pagina=51,
873,Ordinária,Ministério dos Transportes/Agência Nacional de Transportes Terrestres/Diretoria Colegiada,2023-02-07,http://pesquisa.in.gov.br/imprensa/jsp/visualiza/index.jsp?data=07/02/2023&jornal=515&pagina=52,
874,Ordinária,Ministério dos Transportes/Agência Nacional de Transportes Terrestres/Diretoria Colegiada,2023-02-07,http://pesquisa.in.gov.br/imprensa/jsp/visualiza/index.jsp?data=07/02/2023&jornal=515&pagina=51,"Altera a Resolução nº 5.845, de 14 de maio de 2019, que dispõe sobre as regras procedimentais para a autocomposição e a arbitragem no âmbito da ANTT."
875,Ordinária,Ministério de Minas e Energia/Agência Nacional de Mineração/Superintendência de Outorga de Títulos Minerários,2023-02-07,http://pesquisa.in.gov.br/imprensa/jsp/visualiza/index.jsp?data=07/02/2023&jornal=515&pagina=43,
876,Ordinária,Ministério dos Transportes/Agência Nacional de Transportes Terrestres/Diretoria Colegiada,2023-02-07,http://pesquisa.in.gov.br/imprensa/jsp/visualiza/index.jsp?data=07/02/2023&jornal=515&pagina=51,
877,Ordinária,Ministério dos Transportes/Agência Nacional de Transportes Terrestres/Diretoria Colegiada,2023-02-07,http://pesquisa.in.gov.br/imprensa/jsp/visualiza/index.jsp?data=07/02/2023&jornal=515&pagina=51,
878,Ordinária,Ministério dos Transportes/Agência Nacional de Transportes Terrestres/Diretoria Colegiada,2023-02-07,http://pesquisa.in.gov.br/imprensa/jsp/visualiza/index.jsp?data=07/02/2023&jornal=515&pagina=52,
879,Ordinária,Ministério dos Transportes/Agência Nacional de Transportes Terrestres/Diretoria Colegiada,2023-02-07,http://pesquisa.in.gov.br/imprensa/jsp/visualiza/index.jsp?data=07/02/2023&jornal=515&pagina=51,
880,Ordinária,Ministério dos Transportes/Agência Nacional de Transportes Terrestres/Diretoria Colegiada,2023-02-07,http://pesquisa.in.gov.br/imprensa/jsp/visualiza/index.jsp?data=07/02/2023&jornal=515&pagina=51,
881,Ordinária,Ministério dos Transportes/Agência Nacional de Transportes Terrestres/Diretoria Colegiada,2023-02-07,http://pesquisa.in.gov.br/imprensa/jsp/visualiza/index.jsp?data=07/02/2023&jornal=515&pagina=51,
882,Ordinária,Ministério da Justiça e Segurança Pública/Conselho Administrativo de Defesa Econômica,2023-02-07,http://pesquisa.in.gov.br/imprensa/jsp/visualiza/index.jsp?data=07/02/2023&jornal=515&pagina=33,
883,Ordinária,Ministério da Agricultura e Pecuária/Secretaria Executiva/Superintendência de Agricultura e Pecuária do Estado do Mato Grosso,2023-02-07,http://pesquisa.in.gov.br/imprensa/jsp/visualiza/index.jsp?data=07/02/2023&jornal=515&pagina=3,
884,Ordinária,Ministério de Minas e Energia/Agência Nacional de Mineração/Superintendência de Arrecadação e Fiscalização de Receitas/Coordenação de Cobrança de Auto de Infração e Taxas,2023-02-07,http://pesquisa.in.gov.br/imprensa/jsp/visualiza/index.jsp?data=07/02/2023&jornal=515&pagina=43,
885,Ordinária,Ministério da Justiça e Segurança Pública/Secretaria Nacional de Justiça/Departamento de Migrações/Coordenação-Geral de Política Migratória/Coordenação de Processos Migratórios,2023-02-07,http://pesquisa.in.gov.br/imprensa/jsp/visualiza/index.jsp?data=07/02/2023&jornal=515&pagina=25,
886,Ordinária,Ministério de Minas e Energia/Agência Nacional de Mineração/Gerência Regional da ANM no Estado do Rio de Janeiro,2023-02-07,http://pesquisa.in.gov.br/imprensa/jsp/visualiza/index.jsp?data=07/02/2023&jornal=515&pagina=43,
887,Ordinária,Ministério da Fazenda/Gabinete do Ministro,2023-02-07,http://pesquisa.in.gov.br/imprensa/jsp/visualiza/index.jsp?data=07/02/2023&jornal=515&pagina=15,
888,Ordinária,Ministério de Minas e Energia/Agência Nacional de Mineração/Gerência Regional da ANM no Estado do Ceará,2023-02-07,http://pesquisa.in.gov.br/imprensa/jsp/visualiza/index.jsp?data=07/02/2023&jornal=515&pagina=42,
889,Ordinária,Ministério dos Transportes/Agência Nacional de Transportes Terrestres/Diretoria Colegiada,2023-02-07,http://pesquisa.in.gov.br/imprensa/jsp/visualiza/index.jsp?data=07/02/2023&jornal=515&pagina=51,
890,Ordinária,Ministério de Minas e Energia/Agência Nacional de Mineração/Gerência Regional da ANM no Estado do Ceará,2023-02-07,http://pesquisa.in.gov.br/imprensa/jsp/visualiza/index.jsp?data=07/02/2023&jornal=515&pagina=42,
891,Ordinária,Ministério de Minas e Energia/Agência Nacional de Mineração/Gerência Regional da ANM no Estado do Pará,2023-02-07,http://pesquisa.in.gov.br/imprensa/jsp/visualiza/index.jsp?data=07/02/2023&jornal=515&pagina=42,
892,Ordinária,Ministério da Justiça e Segurança Pública/Conselho Administrativo de Defesa Econômica/Superintendência-Geral/Coordenação-Geral de Análise Antitruste 6,2023-02-07,http://pesquisa.in.gov.br/imprensa/jsp/visualiza/index.jsp?data=07/02/2023&jornal=515&pagina=33,
893,Ordinária,Ministério da Agricultura e Pecuária/Secretaria Executiva/Superintendência de Agricultura e Pecuária do Estado do Mato Grosso,2023-02-07,http://pesquisa.in.gov.br/imprensa/jsp/visualiza/index.jsp?data=07/02/2023&jornal=515&pagina=3,
894,Ordinária,Ministério de Minas e Energia/Agência Nacional de Mineração/Gerência Regional da ANM no Estado de Pernambuco,2023-02-07,http://pesquisa.in.gov.br/imprensa/jsp/visualiza/index.jsp?data=07/02/2023&jornal=515&pagina=41,
895,Ordinária,Ministério da Fazenda/Secretaria Especial da Receita Federal do Brasil/Subsecretaria-Geral da Receita Federal do Brasil/Superintendência Regional da Receita Federal do Brasil 4ª Região Fiscal/Delegacia da Receita Federal do Brasil em Natal,2023-02-07,http://pesquisa.in.gov.br/imprensa/jsp/visualiza/index.jsp?data=07/02/2023&jornal=515&pagina=16,"Concede, à pessoa jurídica que menciona CO-HABILITAÇÃO para operar no Regime Especial de Incentivos para o Desenvolvimento da Infra-Estrutura(REIDI) de que trata a Instrução Normativa SRF Nº 1.911/2019."
896,Ordinária,Ministério de Minas e Energia/Agência Nacional de Mineração/Gerência Regional da ANM no Estado de Paraíba,2023-02-07,http://pesquisa.in.gov.br/imprensa/jsp/visualiza/index.jsp?data=07/02/2023&jornal=515&pagina=41,
897,Ordinária,Ministério de Minas e Energia/Agência Nacional de Mineração/Gerência Regional da ANM no Estado de Paraíba,2023-02-07,http://pesquisa.in.gov.br/imprensa/jsp/visualiza/index.jsp?data=07/02/2023&jornal=515&pagina=41,
898,Ordinária,Ministério das Comunicações/Agência Nacional de Telecomunicações/Superintendência de Fiscalização/Gerência Regional no Estado de São Paulo,2023-02-07,http://pesquisa.in.gov.br/imprensa/jsp/visualiza/index.jsp?data=07/02/2023&jornal=515&pagina=8,
899,Ordinária,Ministério das Comunicações/Agência Nacional de Telecomunicações/Superintendência de Fiscalização/Gerência Regional no Estado de São Paulo,2023-02-07,http://pesquisa.in.gov.br/imprensa/jsp/visualiza/index.jsp?data=07/02/2023&jornal=515&pagina=8,
900,Ordinária,Ministério de Minas e Energia/Agência Nacional de Energia Elétrica,2023-02-07,http://pesquisa.in.gov.br/imprensa/jsp/visualiza/index.jsp?data=07/02/2023&jornal=515&pagina=34,
901,Ordinária,Ministério da Justiça e Segurança Pública/Secretaria Nacional de Justiça/Departamento de Migrações/Coordenação-Geral de Política Migratória/Coordenação de Processos Migratórios,2023-02-07,http://pesquisa.in.gov.br/imprensa/jsp/visualiza/index.jsp?data=07/02/2023&jornal=515&pagina=25,
902,Ordinária,Ministério da Justiça e Segurança Pública/Secretaria Nacional de Justiça,2023-02-07,http://pesquisa.in.gov.br/imprensa/jsp/visualiza/index.jsp?data=07/02/2023&jornal=515&pagina=22,
903,Ordinária,Ministério das Comunicações/Secretaria de Comunicação Social Eletrônica,2023-02-07,http://pesquisa.in.gov.br/imprensa/jsp/visualiza/index.jsp?data=07/02/2023&jornal=515&pagina=6,
904,Ordinária,Ministério das Comunicações/Agência Nacional de Telecomunicações/Conselho Diretor,2023-02-07,http://pesquisa.in.gov.br/imprensa/jsp/visualiza/index.jsp?data=07/02/2023&jornal=515&pagina=7,
905,Ordinária,Ministério da Saúde/Agência Nacional de Saúde Suplementar/Diretoria Colegiada,2023-02-07,http://pesquisa.in.gov.br/imprensa/jsp/visualiza/index.jsp?data=07/02/2023&jornal=515&pagina=49,
906,Ordinária,Ministério de Minas e Energia/Agência Nacional de Mineração/Gerência Regional da ANM no Estado de Minas Gerais,2023-02-07,http://pesquisa.in.gov.br/imprensa/jsp/visualiza/index.jsp?data=07/02/2023&jornal=515&pagina=38,
907,Ordinária,Ministério da Fazenda/Comissão de Valores Mobiliários/Superintendência-Geral/Superintendência de Relações com o Mercado e Intermediários,2023-02-07,http://pesquisa.in.gov.br/imprensa/jsp/visualiza/index.jsp?data=07/02/2023&jornal=515&pagina=21,
908,Ordinária,"Ministério da Fazenda/Superintendência de Seguros Privados/Diretoria Técnica 1/Coordenação-Geral de Regimes Especiais, Autorizações e Julgamentos",2023-02-07,http://pesquisa.in.gov.br/imprensa/jsp/visualiza/index.jsp?data=07/02/2023&jornal=515&pagina=21,
909,Ordinária,Ministério de Minas e Energia/Agência Nacional de Energia Elétrica,2023-02-07,http://pesquisa.in.gov.br/imprensa/jsp/visualiza/index.jsp?data=07/02/2023&jornal=515&pagina=35,
910,Ordinária,Ministério da Fazenda/Secretaria Especial da Receita Federal do Brasil/Subsecretaria de Fiscalização/Coordenação-Geral de Fiscalização,2023-02-07,http://pesquisa.in.gov.br/imprensa/jsp/visualiza/index.jsp?data=07/02/2023&jornal=515&pagina=15,"Autoriza fornecimento de selos de controle para importação de cigarros ao estabelecimento da empresa JTI Processadora de Tabaco do Brasil Ltda., CNPJ 03.334.170/0030-35."
911,Ordinária,Ministério da Fazenda/Secretaria Especial da Receita Federal do Brasil/Subsecretaria-Geral da Receita Federal do Brasil/Superintendência Regional da Receita Federal do Brasil 3ª Região Fiscal/Delegacia da Receita Federal do Brasil em São Luís,2023-02-07,http://pesquisa.in.gov.br/imprensa/jsp/visualiza/index.jsp?data=07/02/2023&jornal=515&pagina=15,"Concede habilitação ao Regime Especial de Incentivos para o Desenvolvimento da Infraestrutura (REIDI). Suspensão do PIS/PASEP e da COFINS, nos casos autorizados pelos diplomas legais e normativos a seguir citados."
912,Ordinária,Ministério da Fazenda/Conselho Nacional de Política Fazendária,2023-02-07,http://pesquisa.in.gov.br/imprensa/jsp/visualiza/index.jsp?data=07/02/2023&jornal=515&pagina=15,"Altera o Ato COTEPE/ICMS n° 2/20, que divulga relação de contribuintes remetentes, destinatários e prestadores de serviços de transporte de gás natural que operam por meio do gasoduto credenciados pelas unidades federadas."
913,Ordinária,Ministério da Fazenda/Secretaria Especial da Receita Federal do Brasil/Subsecretaria-Geral da Receita Federal do Brasil/Superintendência Regional da Receita Federal do Brasil 8ª Região Fiscal/Alfândega da Receita Federal do Brasil no Aeroporto Internacional de São Paulo/Guarulhos,2023-02-07,http://pesquisa.in.gov.br/imprensa/jsp/visualiza/index.jsp?data=07/02/2023&jornal=515&pagina=19,Renova a habilitação ao Despacho Aduaneiro de Remessa Expressa de empresa que menciona.
914,Ordinária,Ministério da Educação/Fundação Universidade Federal de Ouro Preto/Pró-Reitoria de Gestão de Pessoas,2023-02-07,http://pesquisa.in.gov.br/imprensa/jsp/visualiza/index.jsp?data=07/02/2023&jornal=515&pagina=14,
915,Ordinária,Ministério da Fazenda/Secretaria Especial da Receita Federal do Brasil/Subsecretaria-Geral da Receita Federal do Brasil/Superintendência Regional da Receita Federal do Brasil 3ª Região Fiscal/Delegacia da Receita Federal do Brasil em São Luís,2023-02-07,http://pesquisa.in.gov.br/imprensa/jsp/visualiza/index.jsp?data=07/02/2023&jornal=515&pagina=15,Concede habilitação ao Regime Tributário para Incentivo à Modernização e à Ampliação da Estrutura Portuária (Reporto)
916,Ordinária,Ministério de Minas e Energia/Agência Nacional de Energia Elétrica,2023-02-07,http://pesquisa.in.gov.br/imprensa/jsp/visualiza/index.jsp?data=07/02/2023&jornal=515&pagina=35,
917,Ordinária,Ministério da Fazenda/Secretaria Especial da Receita Federal do Brasil/Subsecretaria-Geral da Receita Federal do Brasil/Superintendência Regional da Receita Federal do Brasil 4ª Região Fiscal/Delegacia da Receita Federal do Brasil em Natal,2023-02-07,http://pesquisa.in.gov.br/imprensa/jsp/visualiza/index.jsp?data=07/02/2023&jornal=515&pagina=15,"Concede, à pessoa jurídica que menciona CO-HABILITAÇÃO para operar no Regime Especial de Incentivos para o Desenvolvimento da Infra-Estrutura(REIDI) de que trata a Instrução Normativa SRF Nº 1.911/2019."
918,Ordinária,Ministério da Educação/Universidade Federal do Rio de Janeiro,2023-02-07,http://pesquisa.in.gov.br/imprensa/jsp/visualiza/index.jsp?data=07/02/2023&jornal=515&pagina=14,Disciplina o funcionamento do sistema correcional na Universidade Federal do Rio de Janeiroe dá outras providências
919,Ordinária,Ministério da Fazenda/Secretaria Especial da Receita Federal do Brasil,2023-02-07,http://pesquisa.in.gov.br/imprensa/jsp/visualiza/index.jsp?data=07/02/2023&jornal=515&pagina=15,
920,Ordinária,Ministério da Fazenda/Secretaria Especial da Receita Federal do Brasil/Subsecretaria-Geral da Receita Federal do Brasil/Superintendência Regional da Receita Federal do Brasil 3ª Região Fiscal/Alfândega da Receita Federal do Brasil em Fortaleza,2023-02-07,http://pesquisa.in.gov.br/imprensa/jsp/visualiza/index.jsp?data=07/02/2023&jornal=515&pagina=15,"Altera artigo da Portaria ALF/FOR n.º 11, de 8 de novembro de 2022."
921,Ordinária,Ministério da Educação/Universidade Federal da Bahia/Pró-Reitoria de Desenvolvimento de Pessoas,2023-02-07,http://pesquisa.in.gov.br/imprensa/jsp/visualiza/index.jsp?data=07/02/2023&jornal=515&pagina=13,
922,Ordinária,Ministério da Educação/Universidade Federal do Recôncavo da Bahia,2023-02-07,http://pesquisa.in.gov.br/imprensa/jsp/visualiza/index.jsp?data=07/02/2023&jornal=515&pagina=13,Homologação do Resultado do Concurso Público Regulado pelo Edital nº 07/2022
923,Ordinária,Ministério da Educação/Instituto Nacional de Educação de Surdos,2023-02-07,http://pesquisa.in.gov.br/imprensa/jsp/visualiza/index.jsp?data=07/02/2023&jornal=515&pagina=12,
924,Ordinária,"Ministério do Desenvolvimento e Assistência Social, Família e Combate à Fome/Secretaria Executiva",2023-02-07,http://pesquisa.in.gov.br/imprensa/jsp/visualiza/index.jsp?data=07/02/2023&jornal=515&pagina=9,
925,Ordinária,Ministério da Educação/Secretaria de Educação Básica,2023-02-07,http://pesquisa.in.gov.br/imprensa/jsp/visualiza/index.jsp?data=07/02/2023&jornal=515&pagina=12,Divulga o resultado da fase recursal das obras inscritas no Programa Nacional do Livro e do Material Didático (PNLD) 2021 - Objeto 4 - Recursos Educacionais Digitais (REDs).
926,Ordinária,"Ministério da Educação/Instituto Federal de Educação, Ciência e Tecnologia do Sudeste de Minas Gerais",2023-02-07,http://pesquisa.in.gov.br/imprensa/jsp/visualiza/index.jsp?data=07/02/2023&jornal=515&pagina=13,
927,Ordinária,Ministério da Defesa/Comando da Aeronáutica/Gabinete do Comandante,2023-02-07,http://pesquisa.in.gov.br/imprensa/jsp/visualiza/index.jsp?data=07/02/2023&jornal=515&pagina=9,Aprova as Instruções para Designação de Militares para Missões no Exterior.
928,Ordinária,Ministério da Educação/Colégio Pedro II,2023-02-07,http://pesquisa.in.gov.br/imprensa/jsp/visualiza/index.jsp?data=07/02/2023&jornal=515&pagina=13,Regularizar a nomenclatura de cursos e distribuição de Funções Comissionadas de Coordenação de Curso
929,Ordinária,"Ministério da Educação/Instituto Federal de Educação, Ciência e Tecnologia de Sergipe",2023-02-07,http://pesquisa.in.gov.br/imprensa/jsp/visualiza/index.jsp?data=07/02/2023&jornal=515&pagina=13,
930,Ordinária,Ministério da Fazenda/Secretaria Especial da Receita Federal do Brasil/Subsecretaria-Geral da Receita Federal do Brasil/Superintendência Regional da Receita Federal do Brasil 5ª Região Fiscal/Delegacia da Receita Federal do Brasil em Feira de Santana,2023-02-07,http://pesquisa.in.gov.br/imprensa/jsp/visualiza/index.jsp?data=07/02/2023&jornal=515&pagina=16,Habilita a pessoa jurídica que menciona a operar no Regime Especial de Aquisição de Bens de Capital para Empresas Exportadoras (RECAP).
931,Ordinária,Ministério da Fazenda/Secretaria Especial da Receita Federal do Brasil/Subsecretaria-Geral da Receita Federal do Brasil/Superintendência Regional da Receita Federal do Brasil 4ª Região Fiscal/Delegacia da Receita Federal do Brasil em Recife,2023-02-07,http://pesquisa.in.gov.br/imprensa/jsp/visualiza/index.jsp?data=07/02/2023&jornal=515&pagina=16,"Cancelamento, a pedido, de habilitação ao Regime Especial de Incentivos para o Desenvolvimento da Infraestrutura (REIDI), de que trata a Instrução Normativa RFB nº 758/2007, vigente à época da solicitação."
932,Ordinária,Ministério das Comunicações/Agência Nacional de Telecomunicações/Superintendência de Fiscalização/Gerência Regional no Estado de São Paulo,2023-02-07,http://pesquisa.in.gov.br/imprensa/jsp/visualiza/index.jsp?data=07/02/2023&jornal=515&pagina=8,
933,Ordinária,"Ministério de Minas e Energia/Agência Nacional do Petróleo, Gás Natural e Biocombustíveis/Diretoria I/Superintendência de Distribuição e Logística",2023-02-07,http://pesquisa.in.gov.br/imprensa/jsp/visualiza/index.jsp?data=07/02/2023&jornal=515&pagina=44,
934,Ordinária,Ministério de Minas e Energia/Agência Nacional de Mineração/Gerência Regional da ANM no Estado de Minas Gerais,2023-02-07,http://pesquisa.in.gov.br/imprensa/jsp/visualiza/index.jsp?data=07/02/2023&jornal=515&pagina=39,
935,Ordinária,"Ministério da Educação/Instituto Federal de Educação, Ciência e Tecnologia de Sergipe",2023-02-07,http://pesquisa.in.gov.br/imprensa/jsp/visualiza/index.jsp?data=07/02/2023&jornal=515&pagina=13,
936,Ordinária,"Ministério de Minas e Energia/Agência Nacional do Petróleo, Gás Natural e Biocombustíveis/Diretoria I/Superintendência de Distribuição e Logística",2023-02-08,http://pesquisa.in.gov.br/imprensa/jsp/visualiza/index.jsp?data=08/02/2023&jornal=515&pagina=73,
937,Ordinária,Ministério de Minas e Energia/Agência Nacional de Energia Elétrica,2023-02-08,http://pesquisa.in.gov.br/imprensa/jsp/visualiza/index.jsp?data=08/02/2023&jornal=515&pagina=70,
938,Ordinária,"Ministério de Minas e Energia/Agência Nacional do Petróleo, Gás Natural e Biocombustíveis/Diretoria I/Superintendência de Distribuição e Logística",2023-02-08,http://pesquisa.in.gov.br/imprensa/jsp/visualiza/index.jsp?data=08/02/2023&jornal=515&pagina=73,
939,Ordinária,Ministério de Minas e Energia/Agência Nacional de Energia Elétrica/Superintendência de Regulação Econômica e Estudos do Mercado,2023-02-08,http://pesquisa.in.gov.br/imprensa/jsp/visualiza/index.jsp?data=08/02/2023&jornal=515&pagina=71,
940,Ordinária,"Ministério de Minas e Energia/Agência Nacional do Petróleo, Gás Natural e Biocombustíveis/Diretoria I/Superintendência de Distribuição e Logística",2023-02-08,http://pesquisa.in.gov.br/imprensa/jsp/visualiza/index.jsp?data=08/02/2023&jornal=515&pagina=73,
941,Ordinária,Ministério de Minas e Energia/Agência Nacional de Mineração/Superintendência de Outorga de Títulos Minerários,2023-02-08,http://pesquisa.in.gov.br/imprensa/jsp/visualiza/index.jsp?data=08/02/2023&jornal=515&pagina=73,
942,Ordinária,Ministério de Minas e Energia/Agência Nacional de Mineração/Superintendência de Outorga de Títulos Minerários,2023-02-08,http://pesquisa.in.gov.br/imprensa/jsp/visualiza/index.jsp?data=08/02/2023&jornal=515&pagina=73,
943,Ordinária,Ministério de Minas e Energia/Agência Nacional de Mineração/Gerência Regional da ANM no Estado do Paraná,2023-02-08,http://pesquisa.in.gov.br/imprensa/jsp/visualiza/index.jsp?data=08/02/2023&jornal=515&pagina=73,
944,Ordinária,"Ministério de Minas e Energia/Agência Nacional do Petróleo, Gás Natural e Biocombustíveis/Diretoria I/Superintendência de Distribuição e Logística",2023-02-08,http://pesquisa.in.gov.br/imprensa/jsp/visualiza/index.jsp?data=08/02/2023&jornal=515&pagina=73,
945,Ordinária,"Ministério de Minas e Energia/Agência Nacional do Petróleo, Gás Natural e Biocombustíveis/Diretoria I/Superintendência de Distribuição e Logística",2023-02-08,http://pesquisa.in.gov.br/imprensa/jsp/visualiza/index.jsp?data=08/02/2023&jornal=515&pagina=73,
946,Ordinária,"Ministério de Minas e Energia/Agência Nacional de Energia Elétrica/Superintendência de Concessões, Permissões e Autorizações de Transmissão e Distribuição",2023-02-08,http://pesquisa.in.gov.br/imprensa/jsp/visualiza/index.jsp?data=08/02/2023&jornal=515&pagina=70,
947,Ordinária,Ministério de Minas e Energia/Agência Nacional de Energia Elétrica,2023-02-08,http://pesquisa.in.gov.br/imprensa/jsp/visualiza/index.jsp?data=08/02/2023&jornal=515&pagina=70,
948,Ordinária,"Ministério de Minas e Energia/Agência Nacional do Petróleo, Gás Natural e Biocombustíveis/Diretoria I/Superintendência de Distribuição e Logística",2023-02-08,http://pesquisa.in.gov.br/imprensa/jsp/visualiza/index.jsp?data=08/02/2023&jornal=515&pagina=73,
949,Ordinária,Ministério de Minas e Energia/Agência Nacional de Mineração/Gerência Regional da ANM no Estado do Paraná,2023-02-08,http://pesquisa.in.gov.br/imprensa/jsp/visualiza/index.jsp?data=08/02/2023&jornal=515&pagina=72,
950,Ordinária,Ministério de Minas e Energia/Agência Nacional de Mineração/Gerência Regional da ANM no Estado de Mato Grosso do Sul,2023-02-08,http://pesquisa.in.gov.br/imprensa/jsp/visualiza/index.jsp?data=08/02/2023&jornal=515&pagina=71,
951,Ordinária,Ministério de Minas e Energia/Agência Nacional de Mineração/Gerência Regional da ANM no Estado de Mato Grosso do Sul,2023-02-08,http://pesquisa.in.gov.br/imprensa/jsp/visualiza/index.jsp?data=08/02/2023&jornal=515&pagina=71,
952,Ordinária,Ministério de Minas e Energia/Agência Nacional de Mineração/Gerência Regional da ANM no Estado de Goiás,2023-02-08,http://pesquisa.in.gov.br/imprensa/jsp/visualiza/index.jsp?data=08/02/2023&jornal=515&pagina=71,
953,Ordinária,Ministério de Minas e Energia/Agência Nacional de Energia Elétrica,2023-02-08,http://pesquisa.in.gov.br/imprensa/jsp/visualiza/index.jsp?data=08/02/2023&jornal=515&pagina=70,
954,Ordinária,Ministério de Minas e Energia/Agência Nacional de Energia Elétrica,2023-02-08,http://pesquisa.in.gov.br/imprensa/jsp/visualiza/index.jsp?data=08/02/2023&jornal=515&pagina=70,
955,Ordinária,Ministério de Minas e Energia/Agência Nacional de Mineração/Gerência Regional da ANM no Estado do Amapá,2023-02-08,http://pesquisa.in.gov.br/imprensa/jsp/visualiza/index.jsp?data=08/02/2023&jornal=515&pagina=72,
956,Ordinária,"Ministério de Minas e Energia/Agência Nacional do Petróleo, Gás Natural e Biocombustíveis/Diretoria I/Superintendência de Distribuição e Logística",2023-02-08,http://pesquisa.in.gov.br/imprensa/jsp/visualiza/index.jsp?data=08/02/2023&jornal=515&pagina=73,
957,Ordinária,Ministério de Minas e Energia/Agência Nacional de Energia Elétrica/Superintendência de Regulação Econômica e Estudos do Mercado,2023-02-08,http://pesquisa.in.gov.br/imprensa/jsp/visualiza/index.jsp?data=08/02/2023&jornal=515&pagina=70,
958,Ordinária,Ministério de Minas e Energia/Agência Nacional de Mineração/Gerência Regional da ANM no Estado de Santa Catarina,2023-02-08,http://pesquisa.in.gov.br/imprensa/jsp/visualiza/index.jsp?data=08/02/2023&jornal=515&pagina=72,
959,Ordinária,Ministério de Minas e Energia/Agência Nacional de Energia Elétrica,2023-02-08,http://pesquisa.in.gov.br/imprensa/jsp/visualiza/index.jsp?data=08/02/2023&jornal=515&pagina=70,
960,Ordinária,Ministério de Minas e Energia/Agência Nacional de Energia Elétrica,2023-02-08,http://pesquisa.in.gov.br/imprensa/jsp/visualiza/index.jsp?data=08/02/2023&jornal=515&pagina=70,
961,Ordinária,Ministério de Minas e Energia/Agência Nacional de Mineração/Gerência Regional da ANM no Estado de Santa Catarina,2023-02-08,http://pesquisa.in.gov.br/imprensa/jsp/visualiza/index.jsp?data=08/02/2023&jornal=515&pagina=72,
962,Ordinária,Ministério de Minas e Energia/Agência Nacional de Mineração/Gerência Regional da ANM no Estado do Pará,2023-02-08,http://pesquisa.in.gov.br/imprensa/jsp/visualiza/index.jsp?data=08/02/2023&jornal=515&pagina=72,
963,Ordinária,Ministério de Minas e Energia/Agência Nacional de Energia Elétrica/Superintendência de Fiscalização dos Serviços de Geração,2023-02-08,http://pesquisa.in.gov.br/imprensa/jsp/visualiza/index.jsp?data=08/02/2023&jornal=515&pagina=70,
964,Ordinária,Ministério da Fazenda/Secretaria Especial da Receita Federal do Brasil/Subsecretaria-Geral da Receita Federal do Brasil/Superintendência Regional da Receita Federal do Brasil 7ª Região Fiscal/Delegacia da Receita Federal do Brasil em Vitória,2023-02-08,http://pesquisa.in.gov.br/imprensa/jsp/visualiza/index.jsp?data=08/02/2023&jornal=515&pagina=56,Cancela o Registro Especial de Controle de Papel Imune da pessoa jurídica que menciona.
965,Ordinária,Ministério de Minas e Energia/Agência Nacional de Energia Elétrica,2023-02-08,http://pesquisa.in.gov.br/imprensa/jsp/visualiza/index.jsp?data=08/02/2023&jornal=515&pagina=69,
966,Ordinária,Ministério da Fazenda/Secretaria Especial da Receita Federal do Brasil/Subsecretaria-Geral da Receita Federal do Brasil/Superintendência Regional da Receita Federal do Brasil 7ª Região Fiscal,2023-02-08,http://pesquisa.in.gov.br/imprensa/jsp/visualiza/index.jsp?data=08/02/2023&jornal=515&pagina=55,Concede alteração de Regime Especial de Substituição Tributária do Imposto sobre Produtos Industrializados (IPI).
967,Ordinária,Ministério da Fazenda/Secretaria Especial da Receita Federal do Brasil/Subsecretaria-Geral da Receita Federal do Brasil/Superintendência Regional da Receita Federal do Brasil 7ª Região Fiscal/Delegacia da Receita Federal do Brasil no Rio de Janeiro I,2023-02-08,http://pesquisa.in.gov.br/imprensa/jsp/visualiza/index.jsp?data=08/02/2023&jornal=515&pagina=56,"Concede o Registro Especial de Controle de Papel Imune (Regpi) para operação destinado à impressão de livros, jornais e periódicos."
968,Ordinária,Ministério da Fazenda/Secretaria Especial da Receita Federal do Brasil/Subsecretaria-Geral da Receita Federal do Brasil/Superintendência Regional da Receita Federal do Brasil 7ª Região Fiscal/Delegacia da Receita Federal do Brasil no Rio de Janeiro I,2023-02-08,http://pesquisa.in.gov.br/imprensa/jsp/visualiza/index.jsp?data=08/02/2023&jornal=515&pagina=56,"Concede renovação para o Registro Especial de Controle de Papel Imune (Regpi) para operação destinado à impressão de livros, jornais e periódicos."
969,Ordinária,Ministério de Minas e Energia/Agência Nacional de Energia Elétrica,2023-02-08,http://pesquisa.in.gov.br/imprensa/jsp/visualiza/index.jsp?data=08/02/2023&jornal=515&pagina=69,
970,Ordinária,Ministério da Integração e do Desenvolvimento Regional/Secretaria Nacional de Proteção e Defesa Civil,2023-02-08,http://pesquisa.in.gov.br/imprensa/jsp/visualiza/index.jsp?data=08/02/2023&jornal=515&pagina=60,
971,Ordinária,"Ministério da Fazenda/Superintendência de Seguros Privados/Diretoria Técnica 1/Coordenação-Geral de Regimes Especiais, Autorizações e Julgamentos",2023-02-08,http://pesquisa.in.gov.br/imprensa/jsp/visualiza/index.jsp?data=08/02/2023&jornal=515&pagina=60,
972,Ordinária,Ministério de Minas e Energia/Agência Nacional de Mineração/Gerência Regional da ANM no Estado do Paraná,2023-02-08,http://pesquisa.in.gov.br/imprensa/jsp/visualiza/index.jsp?data=08/02/2023&jornal=515&pagina=73,
973,Ordinária,Ministério de Minas e Energia/Agência Nacional de Energia Elétrica,2023-02-08,http://pesquisa.in.gov.br/imprensa/jsp/visualiza/index.jsp?data=08/02/2023&jornal=515&pagina=69,
974,Ordinária,Ministério de Minas e Energia/Agência Nacional de Energia Elétrica,2023-02-08,http://pesquisa.in.gov.br/imprensa/jsp/visualiza/index.jsp?data=08/02/2023&jornal=515&pagina=70,
975,Ordinária,Ministério da Integração e do Desenvolvimento Regional/Secretaria Nacional de Proteção e Defesa Civil,2023-02-08,http://pesquisa.in.gov.br/imprensa/jsp/visualiza/index.jsp?data=08/02/2023&jornal=515&pagina=60,Reconhece Situação de Emergência em municípios do Estado do Maranhão/MA.
976,Ordinária,Ministério da Justiça e Segurança Pública/Secretaria Nacional de Políticas Penais/Conselho Nacional de Política Criminal e Penitenciária,2023-02-08,http://pesquisa.in.gov.br/imprensa/jsp/visualiza/index.jsp?data=08/02/2023&jornal=515&pagina=60,
977,Ordinária,Ministério da Justiça e Segurança Pública/Conselho Administrativo de Defesa Econômica,2023-02-08,http://pesquisa.in.gov.br/imprensa/jsp/visualiza/index.jsp?data=08/02/2023&jornal=515&pagina=68,
978,Ordinária,Ministério da Gestão e da Inovação em Serviços Públicos,2023-02-08,http://pesquisa.in.gov.br/imprensa/jsp/visualiza/index.jsp?data=08/02/2023&jornal=515&pagina=60,Subdelega a competência para a prática dos atos de gestão orçamentária e financeira nas matérias relacionadas a pagamento de pessoal.
979,Ordinária,Ministério da Integração e do Desenvolvimento Regional/Secretaria Nacional de Proteção e Defesa Civil,2023-02-08,http://pesquisa.in.gov.br/imprensa/jsp/visualiza/index.jsp?data=08/02/2023&jornal=515&pagina=60,
980,Ordinária,Ministério da Justiça e Segurança Pública/Secretaria Nacional de Justiça/Departamento de Migrações/Coordenação-Geral de Política Migratória/Coordenação de Processos Migratórios,2023-02-08,http://pesquisa.in.gov.br/imprensa/jsp/visualiza/index.jsp?data=08/02/2023&jornal=515&pagina=64,
981,Ordinária,Ministério de Minas e Energia/Agência Nacional de Energia Elétrica,2023-02-08,http://pesquisa.in.gov.br/imprensa/jsp/visualiza/index.jsp?data=08/02/2023&jornal=515&pagina=69,
982,Ordinária,"Ministério de Minas e Energia/Agência Nacional do Petróleo, Gás Natural e Biocombustíveis/Diretoria I/Superintendência de Distribuição e Logística",2023-02-08,http://pesquisa.in.gov.br/imprensa/jsp/visualiza/index.jsp?data=08/02/2023&jornal=515&pagina=74,
983,Ordinária,Ministério de Minas e Energia/Agência Nacional de Energia Elétrica,2023-02-08,http://pesquisa.in.gov.br/imprensa/jsp/visualiza/index.jsp?data=08/02/2023&jornal=515&pagina=69,
984,Ordinária,"Ministério da Fazenda/Secretaria Especial da Receita Federal do Brasil/Subsecretaria-Geral da Receita Federal do Brasil/Superintendência Regional da Receita Federal do Brasil 9ª Região Fiscal/Alfândega da Receita Federal do Brasil em Curitiba/Seção de Controle de Intervenientes, Carga e Trânsito Aduaneiro",2023-02-08,http://pesquisa.in.gov.br/imprensa/jsp/visualiza/index.jsp?data=08/02/2023&jornal=515&pagina=59,Inclusão no Registro de Despachantes Aduaneiros
985,Ordinária,Ministério de Minas e Energia/Agência Nacional de Mineração/Gerência Regional da ANM no Estado de Mato Grosso do Sul,2023-02-08,http://pesquisa.in.gov.br/imprensa/jsp/visualiza/index.jsp?data=08/02/2023&jornal=515&pagina=71,
986,Ordinária,Ministério da Integração e do Desenvolvimento Regional/Secretaria Nacional de Proteção e Defesa Civil,2023-02-08,http://pesquisa.in.gov.br/imprensa/jsp/visualiza/index.jsp?data=08/02/2023&jornal=515&pagina=60,
987,Ordinária,Ministério da Integração e do Desenvolvimento Regional/Secretaria Nacional de Proteção e Defesa Civil,2023-02-08,http://pesquisa.in.gov.br/imprensa/jsp/visualiza/index.jsp?data=08/02/2023&jornal=515&pagina=60,"Autoriza a transferência de recursos ao Município de Alvorada do Sul-PR, para a execução de ações de Defesa Civil."
988,Ordinária,Ministério da Fazenda/Secretaria Especial da Receita Federal do Brasil/Subsecretaria-Geral da Receita Federal do Brasil/Superintendência Regional da Receita Federal do Brasil 9ª Região Fiscal/Alfândega da Receita Federal do Brasil no Porto de São Francisco do Sul,2023-02-08,http://pesquisa.in.gov.br/imprensa/jsp/visualiza/index.jsp?data=08/02/2023&jornal=515&pagina=59,"Revoga a Portaria ALF/SFS n° 14, de 14 de abril de 2022."
989,Ordinária,Ministério da Fazenda/Secretaria Especial da Receita Federal do Brasil/Subsecretaria-Geral da Receita Federal do Brasil/Superintendência Regional da Receita Federal do Brasil 10ª Região Fiscal/Delegacia da Receita Federal do Brasil em Caxias do Sul,2023-02-08,http://pesquisa.in.gov.br/imprensa/jsp/visualiza/index.jsp?data=08/02/2023&jornal=515&pagina=59,"Altera o Ato Declaratório Executivo DRF/CXL nº 5, de 24 de MAIO de 2001, atualizando a relação de produtos constantes do Registro Especial de Bebidas nº 10106/060."
990,Ordinária,Ministério da Fazenda/Secretaria Especial da Receita Federal do Brasil/Subsecretaria-Geral da Receita Federal do Brasil/Superintendência Regional da Receita Federal do Brasil 8ª Região Fiscal/Delegacia de Fiscalização de Comércio Exterior da Receita Federal do Brasil em São Paulo,2023-02-08,http://pesquisa.in.gov.br/imprensa/jsp/visualiza/index.jsp?data=08/02/2023&jornal=515&pagina=59,Transferência de veículo consular
991,Ordinária,Ministério da Fazenda/Secretaria Especial da Receita Federal do Brasil/Subsecretaria-Geral da Receita Federal do Brasil/Superintendência Regional da Receita Federal do Brasil 8ª Região Fiscal/Delegacia da Receita Federal do Brasil em Sorocaba,2023-02-08,http://pesquisa.in.gov.br/imprensa/jsp/visualiza/index.jsp?data=08/02/2023&jornal=515&pagina=58,"Cancela, a pedido, o Registro Especial de Controle de Papel Imune - Regpi | Cancela, a pedido, o Registro Especial de Controle de Papel Imune - Regpi | Cancela, a pedido, o Registro Especial de Controle de Papel Imune - Regpi | Concede habilitação ao Regime Especial Tributário para a Indústria de Defesa (Retid)"
992,Ordinária,Ministério da Agricultura e Pecuária/Secretaria Executiva/Superintendência de Agricultura e Pecuária do Estado do Mato Grosso,2023-02-08,http://pesquisa.in.gov.br/imprensa/jsp/visualiza/index.jsp?data=08/02/2023&jornal=515&pagina=2,
993,Ordinária,Ministério da Fazenda/Secretaria Especial da Receita Federal do Brasil/Subsecretaria-Geral da Receita Federal do Brasil/Superintendência Regional da Receita Federal do Brasil 8ª Região Fiscal/Delegacia da Receita Federal do Brasil em Sorocaba,2023-02-08,http://pesquisa.in.gov.br/imprensa/jsp/visualiza/index.jsp?data=08/02/2023&jornal=515&pagina=58,Habilita a pessoa jurídica no Programa Mais Leite Saudável. | Co-Habilitada ao Regime Especial de Incentivos para o Desenvolvimento da Infraestrutura (REIDI).
994,Ordinária,Ministério da Justiça e Segurança Pública/Secretaria Nacional de Justiça,2023-02-08,http://pesquisa.in.gov.br/imprensa/jsp/visualiza/index.jsp?data=08/02/2023&jornal=515&pagina=61,
995,Ordinária,Ministério da Fazenda/Secretaria Especial da Receita Federal do Brasil/Subsecretaria-Geral da Receita Federal do Brasil/Superintendência Regional da Receita Federal do Brasil 8ª Região Fiscal/Delegacia da Receita Federal do Brasil em Sorocaba,2023-02-08,http://pesquisa.in.gov.br/imprensa/jsp/visualiza/index.jsp?data=08/02/2023&jornal=515&pagina=56,"Coabilita ao Regime Especial de Incentivos para o Desenvolvimento da Infra-Estrutura (REIDI). Retifica o ADE nº 68, de 07 de junho de 2022 | Coabilita ao Regime Especial de Incentivos para o Desenvolvimento da Infra-Estrutura (REIDI). Retifica o ADE nº 69, de 07 de junho de 2022 | Coabilita ao Regime Especial de Incentivos para o Desenvolvimento da Infra-Estrutura (REIDI). Retifica o ADE nº 70, de 07 de junho de 2022 | Coabilita ao Regime Especial de Incentivos para o Desenvolvimento da Infra-Estrutura (REIDI). Retifica o ADE nº 71, de 07 de junho de 2022"
996,Ordinária,Ministério da Fazenda/Secretaria Especial da Receita Federal do Brasil/Subsecretaria-Geral da Receita Federal do Brasil/Superintendência Regional da Receita Federal do Brasil 7ª Região Fiscal/Delegacia da Receita Federal do Brasil no Rio de Janeiro I,2023-02-08,http://pesquisa.in.gov.br/imprensa/jsp/visualiza/index.jsp?data=08/02/2023&jornal=515&pagina=56,"Concede renovação para o Registro Especial de Controle de Papel Imune (Regpi) para operação destinado à impressão de livros, jornais e periódicos."
997,Ordinária,Ministério da Fazenda/Secretaria Especial da Receita Federal do Brasil/Subsecretaria-Geral da Receita Federal do Brasil/Superintendência Regional da Receita Federal do Brasil 7ª Região Fiscal/Delegacia da Receita Federal do Brasil no Rio de Janeiro I,2023-02-08,http://pesquisa.in.gov.br/imprensa/jsp/visualiza/index.jsp?data=08/02/2023&jornal=515&pagina=56,"Concede renovação para o Registro Especial de Controle de Papel Imune (Regpi) para operação destinado à impressão de livros, jornais e periódicos."
998,Ordinária,Ministério de Minas e Energia/Agência Nacional de Mineração/Superintendência de Outorga de Títulos Minerários,2023-02-08,http://pesquisa.in.gov.br/imprensa/jsp/visualiza/index.jsp?data=08/02/2023&jornal=515&pagina=73,
999,Ordinária,"Ministério da Ciência, Tecnologia e Inovação/Gabinete da Ministra",2023-02-08,http://pesquisa.in.gov.br/imprensa/jsp/visualiza/index.jsp?data=08/02/2023&jornal=515&pagina=15,"Estabelece os procedimentos gerais de instituição do Programa de Gestão no âmbito da Secretaria de Políticas e Programas Estratégicos, do Ministério da Ciência, Tecnologia e Inovação."
1000,Ordinária,Ministério da Agricultura e Pecuária/Secretaria Executiva/Superintendência de Agricultura e Pecuária do Estado de Santa Catarina,2023-02-08,http://pesquisa.in.gov.br/imprensa/jsp/visualiza/index.jsp?data=08/02/2023&jornal=515&pagina=2,
1001,Ordinária,"Ministério da Ciência, Tecnologia e Inovação/Comissão Técnica Nacional de Biossegurança",2023-02-08,http://pesquisa.in.gov.br/imprensa/jsp/visualiza/index.jsp?data=08/02/2023&jornal=515&pagina=20,
1002,Ordinária,Ministério da Agricultura e Pecuária/Secretaria Executiva/Superintendência de Agricultura e Pecuária do Estado de Goiás,2023-02-08,http://pesquisa.in.gov.br/imprensa/jsp/visualiza/index.jsp?data=08/02/2023&jornal=515&pagina=1,
1003,Ordinária,Ministério da Justiça e Segurança Pública/Polícia Rodoviária Federal/Superintendência da Polícia Rodoviária Federal em Minas Gerais/Seção Administrativa e Financeira,2023-02-08,http://pesquisa.in.gov.br/imprensa/jsp/visualiza/index.jsp?data=08/02/2023&jornal=515&pagina=61,"Dispõe sobre a restrição do trânsito de Veículos e Combinações de veículos excedentes em peso e ou dimensões aos limites máximos estabelecidos pela Resolução nº882/2021 do Conselho Nacional de Trânsito e suas alterações, passíveis ou não da concessão de Autorização Especial de Trânsito - AET ou Autorização Específica - AE, em rodovias federais no Estado de Minas Gerais nos períodos dos feriados do ano de 2023."
1004,Ordinária,Ministério da Fazenda/Secretaria Especial da Receita Federal do Brasil/Subsecretaria-Geral da Receita Federal do Brasil/Superintendência Regional da Receita Federal do Brasil 8ª Região Fiscal/Delegacia da Receita Federal do Brasil em Sorocaba,2023-02-08,http://pesquisa.in.gov.br/imprensa/jsp/visualiza/index.jsp?data=08/02/2023&jornal=515&pagina=57,"Coabilita ao Regime Especial de Incentivos para o Desenvolvimento da Infra-Estrutura (REIDI).Retifica o ADE nº 72, de 07 de junho de 2022 | Coabilita ao Regime Especial de Incentivos para o Desenvolvimento da Infra-Estrutura (REIDI). Retifica o ADE nº 73, de 07 de junho de 2022 | Coabilita ao Regime Especial de Incentivos para o Desenvolvimento da Infra-Estrutura (REIDI). Retifica o ADE nº 74, de 07 de junho de 2022 | Coabilita ao Regime Especial de Incentivos para o Desenvolvimento da Infra-Estrutura (REIDI). Retifica o ADE nº 75, de 07 de junho de 2022 | Coabilita ao Regime Especial de Incentivos para o Desenvolvimento da Infra-Estrutura (REIDI). Retifica o ADE nº 76, de 07 de junho de 2022 | Coabilita ao Regime Especial de Incentivos para o Desenvolvimento da Infra-Estrutura (REIDI). Retifica o ADE nº 77, de 07 de junho de 2022"
1005,Ordinária,Ministério de Minas e Energia/Agência Nacional de Energia Elétrica/Superintendência de Fiscalização Econômica e Financeira,2023-02-08,http://pesquisa.in.gov.br/imprensa/jsp/visualiza/index.jsp?data=08/02/2023&jornal=515&pagina=70,
1006,Ordinária,Ministério das Comunicações/Agência Nacional de Telecomunicações/Superintendência de Fiscalização/Gerência Regional nos Estados do Paraná e Santa Catarina,2023-02-08,http://pesquisa.in.gov.br/imprensa/jsp/visualiza/index.jsp?data=08/02/2023&jornal=515&pagina=43,
1007,Ordinária,"Ministério da Ciência, Tecnologia e Inovação/Secretaria Executiva",2023-02-08,http://pesquisa.in.gov.br/imprensa/jsp/visualiza/index.jsp?data=08/02/2023&jornal=515&pagina=19,"Estabelece os procedimentos gerais de instituição do Programa de Gestão no âmbito da Secretaria-Executiva do Ministério da Ciência, Tecnologia e Inovação."
1008,Ordinária,Ministério das Comunicações/Agência Nacional de Telecomunicações/Conselho Diretor,2023-02-08,http://pesquisa.in.gov.br/imprensa/jsp/visualiza/index.jsp?data=08/02/2023&jornal=515&pagina=42,Aprova o Regulamento sobre Bloqueador de Sinais de Radiocomunicações.
1009,Ordinária,"Ministério das Comunicações/Agência Nacional de Telecomunicações/Superintendência de Fiscalização/Gerência Regional nos Estados do Amazonas, Acre, Rondônia e Roraima",2023-02-08,http://pesquisa.in.gov.br/imprensa/jsp/visualiza/index.jsp?data=08/02/2023&jornal=515&pagina=44,
1010,Ordinária,Ministério das Comunicações/Agência Nacional de Telecomunicações/Superintendência de Fiscalização/Gerência Regional nos Estados do Paraná e Santa Catarina,2023-02-08,http://pesquisa.in.gov.br/imprensa/jsp/visualiza/index.jsp?data=08/02/2023&jornal=515&pagina=43,
1011,Ordinária,Ministério de Minas e Energia/Agência Nacional de Mineração/Gerência Regional da ANM no Estado de Santa Catarina,2023-02-08,http://pesquisa.in.gov.br/imprensa/jsp/visualiza/index.jsp?data=08/02/2023&jornal=515&pagina=72,
1012,Ordinária,"Ministério da Ciência, Tecnologia e Inovação/Gabinete da Ministra",2023-02-08,http://pesquisa.in.gov.br/imprensa/jsp/visualiza/index.jsp?data=08/02/2023&jornal=515&pagina=18,"Estabelece os procedimentos gerais de instituição do Programa de Gestão no âmbito da Secretaria de Ciência e Tecnologia para Transformação Digital do Ministério da Ciência, Tecnologia e Inovação."
1013,Ordinária,"Ministério das Comunicações/Agência Nacional de Telecomunicações/Superintendência de Fiscalização/Gerência Regional nos Estados do Ceará, Rio Grande do Norte e Piauí",2023-02-08,http://pesquisa.in.gov.br/imprensa/jsp/visualiza/index.jsp?data=08/02/2023&jornal=515&pagina=44,
1014,Ordinária,Ministério de Minas e Energia/Agência Nacional de Mineração/Gerência Regional da ANM no Estado de Santa Catarina,2023-02-08,http://pesquisa.in.gov.br/imprensa/jsp/visualiza/index.jsp?data=08/02/2023&jornal=515&pagina=72,
1015,Ordinária,"Ministério das Comunicações/Agência Nacional de Telecomunicações/Superintendência de Fiscalização/Gerência Regional nos Estados de Goiás, Mato Grosso, Mato Grosso do Sul e Tocantins",2023-02-08,http://pesquisa.in.gov.br/imprensa/jsp/visualiza/index.jsp?data=08/02/2023&jornal=515&pagina=44,
1016,Ordinária,Ministério de Minas e Energia/Agência Nacional de Mineração/Gerência Regional da ANM no Estado de Minas Gerais,2023-02-08,http://pesquisa.in.gov.br/imprensa/jsp/visualiza/index.jsp?data=08/02/2023&jornal=515&pagina=72,
1017,Ordinária,Ministério das Comunicações/Agência Nacional de Telecomunicações/Superintendência de Fiscalização/Gerência Regional no Estado de São Paulo,2023-02-08,http://pesquisa.in.gov.br/imprensa/jsp/visualiza/index.jsp?data=08/02/2023&jornal=515&pagina=44,
1018,Ordinária,Ministério da Justiça e Segurança Pública/Secretaria Nacional de Justiça,2023-02-08,http://pesquisa.in.gov.br/imprensa/jsp/visualiza/index.jsp?data=08/02/2023&jornal=515&pagina=62,
1019,Ordinária,Ministério da Justiça e Segurança Pública/Secretaria Nacional de Justiça/Departamento de Migrações/Coordenação-Geral de Política Migratória/Coordenação de Processos Migratórios,2023-02-08,http://pesquisa.in.gov.br/imprensa/jsp/visualiza/index.jsp?data=08/02/2023&jornal=515&pagina=64,
1020,Ordinária,Ministério da Justiça e Segurança Pública/Secretaria Nacional de Justiça/Departamento de Migrações/Coordenação-Geral de Política Migratória/Coordenação de Processos Migratórios/Divisão de Naturalização,2023-02-08,http://pesquisa.in.gov.br/imprensa/jsp/visualiza/index.jsp?data=08/02/2023&jornal=515&pagina=67,
1021,Ordinária,Ministério de Minas e Energia/Agência Nacional de Energia Elétrica,2023-02-08,http://pesquisa.in.gov.br/imprensa/jsp/visualiza/index.jsp?data=08/02/2023&jornal=515&pagina=69,
1022,Ordinária,Ministério da Justiça e Segurança Pública/Conselho Administrativo de Defesa Econômica/Superintendência-Geral,2023-02-08,http://pesquisa.in.gov.br/imprensa/jsp/visualiza/index.jsp?data=08/02/2023&jornal=515&pagina=68,
1023,Ordinária,Ministério de Minas e Energia/Agência Nacional de Mineração/Gerência Regional da ANM no Estado da Bahia,2023-02-08,http://pesquisa.in.gov.br/imprensa/jsp/visualiza/index.jsp?data=08/02/2023&jornal=515&pagina=71,
1024,Ordinária,Ministério de Minas e Energia/Agência Nacional de Mineração/Superintendência de Arrecadação e Fiscalização de Receitas/Coordenação de Cobrança de Auto de Infração e Taxas,2023-02-08,http://pesquisa.in.gov.br/imprensa/jsp/visualiza/index.jsp?data=08/02/2023&jornal=515&pagina=73,
1025,Ordinária,Ministério da Fazenda/Secretaria Especial da Receita Federal do Brasil/Subsecretaria-Geral da Receita Federal do Brasil/Superintendência Regional da Receita Federal do Brasil 1ª Região Fiscal/Alfândega da Receita Federal do Brasil no Aeroporto Internacional de Brasília,2023-02-08,http://pesquisa.in.gov.br/imprensa/jsp/visualiza/index.jsp?data=08/02/2023&jornal=515&pagina=52,
1026,Ordinária,Ministério da Fazenda/Secretaria Especial da Receita Federal do Brasil/Subsecretaria-Geral da Receita Federal do Brasil/Superintendência Regional da Receita Federal do Brasil 5ª Região Fiscal/Delegacia da Receita Federal do Brasil em Feira de Santana,2023-02-08,http://pesquisa.in.gov.br/imprensa/jsp/visualiza/index.jsp?data=08/02/2023&jornal=515&pagina=53,"Habilitação ao Regime Especial de Incentivos para o Desenvolvimento da Infraestrutura (REIDI), art. 1° da Lei n° 11.488, de 15 de junho de 2007, da pessoa jurídica e projeto que menciona."
1027,Ordinária,Ministério da Fazenda/Secretaria Especial da Receita Federal do Brasil/Subsecretaria-Geral da Receita Federal do Brasil/Superintendência Regional da Receita Federal do Brasil 2ª Região Fiscal/Alfândega da Receita Federal do Brasil em Belém,2023-02-08,http://pesquisa.in.gov.br/imprensa/jsp/visualiza/index.jsp?data=08/02/2023&jornal=515&pagina=52,
1028,Ordinária,Ministério da Justiça e Segurança Pública/Secretaria Nacional de Justiça/Departamento de Migrações/Coordenação-Geral de Política Migratória/Coordenação de Processos Migratórios,2023-02-08,http://pesquisa.in.gov.br/imprensa/jsp/visualiza/index.jsp?data=08/02/2023&jornal=515&pagina=62,
1029,Ordinária,Ministério do Desenvolvimento Agrário e Agricultura Familiar/Gabinete do Ministro,2023-02-08,http://pesquisa.in.gov.br/imprensa/jsp/visualiza/index.jsp?data=08/02/2023&jornal=515&pagina=46,Prorroga o prazo de validade das Declarações de Aptidão ao Programa Nacional de Fortalecimento da Agricultura Familiar.
1030,Ordinária,Ministério de Portos e Aeroportos/Agência Nacional de Aviação Civil/Superintendência de Infraestrutura Aeroportuária/Gerência de Certificação e Segurança Operacional,2023-02-08,http://pesquisa.in.gov.br/imprensa/jsp/visualiza/index.jsp?data=08/02/2023&jornal=515&pagina=74,
1031,Ordinária,Ministério da Fazenda/Secretaria Especial da Receita Federal do Brasil/Subsecretaria-Geral da Receita Federal do Brasil/Superintendência Regional da Receita Federal do Brasil 7ª Região Fiscal,2023-02-08,http://pesquisa.in.gov.br/imprensa/jsp/visualiza/index.jsp?data=08/02/2023&jornal=515&pagina=54,Concede alteração de Regime Especial de Substituição Tributária do Imposto sobre Produtos Industrializados (IPI).
1032,Ordinária,Ministério da Fazenda/Secretaria Especial da Receita Federal do Brasil/Subsecretaria-Geral da Receita Federal do Brasil/Superintendência Regional da Receita Federal do Brasil 7ª Região Fiscal,2023-02-08,http://pesquisa.in.gov.br/imprensa/jsp/visualiza/index.jsp?data=08/02/2023&jornal=515&pagina=53,Concede Regime Especial de Substituição Tributária do Imposto sobre Produtos Industrializados (IPI).
1033,Ordinária,Ministério da Fazenda/Secretaria Especial da Receita Federal do Brasil/Subsecretaria-Geral da Receita Federal do Brasil/Superintendência Regional da Receita Federal do Brasil 5ª Região Fiscal/Delegacia da Receita Federal do Brasil em Feira de Santana,2023-02-08,http://pesquisa.in.gov.br/imprensa/jsp/visualiza/index.jsp?data=08/02/2023&jornal=515&pagina=53,"Habilitação ao Regime Especial de Incentivos para o Desenvolvimento da Infraestrutura (REIDI), art. 1° da Lei n° 11.488, de 15 de junho de 2007, da pessoa jurídica e projeto que menciona."
1034,Ordinária,Ministério da Fazenda/Conselho Nacional de Política Fazendária,2023-02-08,http://pesquisa.in.gov.br/imprensa/jsp/visualiza/index.jsp?data=08/02/2023&jornal=515&pagina=50,"Altera o Anexo Único do Ato COTEPE/ICMS nº 56/18, que divulga relação das empresas industriais fabricantes de veículos militares, peças, acessórios e outras mercadorias especificadas no Convênio ICMS nº 95/12, beneficiárias de redução de base de cálculo do ICMS."
1035,Ordinária,Ministério da Educação/Fundação Universidade Federal de Ouro Preto/Pró-Reitoria de Gestão de Pessoas,2023-02-08,http://pesquisa.in.gov.br/imprensa/jsp/visualiza/index.jsp?data=08/02/2023&jornal=515&pagina=50,
1036,Ordinária,Ministério da Educação/Hospital de Clínicas de Porto Alegre/Conselho de Administração,2023-02-08,http://pesquisa.in.gov.br/imprensa/jsp/visualiza/index.jsp?data=08/02/2023&jornal=515&pagina=49,
1037,Ordinária,Ministério da Educação/Instituto Nacional de Estudos e Pesquisas Educacionais Anísio Teixeira,2023-02-08,http://pesquisa.in.gov.br/imprensa/jsp/visualiza/index.jsp?data=08/02/2023&jornal=515&pagina=47,Regulamenta o Banco de Avaliadores do Sistema Nacional de Avaliação da Educação Superior - Basis.
1038,Ordinária,Ministério da Educação/Instituto Nacional de Estudos e Pesquisas Educacionais Anísio Teixeira,2023-02-08,http://pesquisa.in.gov.br/imprensa/jsp/visualiza/index.jsp?data=08/02/2023&jornal=515&pagina=49,
1039,Ordinária,Ministério da Fazenda/Secretaria Especial da Receita Federal do Brasil/Subsecretaria de Fiscalização/Coordenação-Geral de Fiscalização,2023-02-08,http://pesquisa.in.gov.br/imprensa/jsp/visualiza/index.jsp?data=08/02/2023&jornal=515&pagina=51,"Autoriza exportação de cigarros do estabelecimento da empresa Philip Morris Brasil Indústria e Comércio Ltda., inscrito no CNPJ 04.041.933/0013-11. | Autoriza exportação de cigarros do estabelecimento da empresa Philip Morris Brasil Indústria e Comércio Ltda., inscrito no CNPJ 04.041.933/0013-11."
1040,Ordinária,"Ministério do Desenvolvimento, Indústria, Comércio e Serviços/Secretaria de Comércio Exterior",2023-02-08,http://pesquisa.in.gov.br/imprensa/jsp/visualiza/index.jsp?data=08/02/2023&jornal=515&pagina=47,
1041,Ordinária,Ministério da Cultura/Instituto do Patrimônio Histórico e Artístico Nacional/Departamento do Patrimônio Material e Fiscalização/Centro Nacional de Arqueologia,2023-02-08,http://pesquisa.in.gov.br/imprensa/jsp/visualiza/index.jsp?data=08/02/2023&jornal=515&pagina=45,
1042,Ordinária,Ministério da Cultura/Agência Nacional do Cinema,2023-02-08,http://pesquisa.in.gov.br/imprensa/jsp/visualiza/index.jsp?data=08/02/2023&jornal=515&pagina=45,
1043,Ordinária,"Ministério das Comunicações/Agência Nacional de Telecomunicações/Superintendência de Fiscalização/Gerência Regional nos Estados do Amazonas, Acre, Rondônia e Roraima",2023-02-08,http://pesquisa.in.gov.br/imprensa/jsp/visualiza/index.jsp?data=08/02/2023&jornal=515&pagina=44,
1044,Ordinária,Ministério das Comunicações/Agência Nacional de Telecomunicações/Superintendência de Fiscalização/Gerência Regional no Estado de São Paulo,2023-02-08,http://pesquisa.in.gov.br/imprensa/jsp/visualiza/index.jsp?data=08/02/2023&jornal=515&pagina=44,
1045,Ordinária,"Ministério do Desenvolvimento, Indústria, Comércio e Serviços/Banco Nacional de Desenvolvimento Econômico e Social",2023-02-08,http://pesquisa.in.gov.br/imprensa/jsp/visualiza/index.jsp?data=08/02/2023&jornal=515&pagina=46,
1046,Ordinária,Ministério da Fazenda/Secretaria Especial da Receita Federal do Brasil/Subsecretaria de Tributação e Contencioso/Coordenação-Geral de Tributação,2023-02-08,http://pesquisa.in.gov.br/imprensa/jsp/visualiza/index.jsp?data=08/02/2023&jornal=515&pagina=51,
1047,Ordinária,"Ministério das Comunicações/Agência Nacional de Telecomunicações/Superintendência de Fiscalização/Gerência Regional nos Estados do Amazonas, Acre, Rondônia e Roraima",2023-02-08,http://pesquisa.in.gov.br/imprensa/jsp/visualiza/index.jsp?data=08/02/2023&jornal=515&pagina=44,
1048,Ordinária,Ministério das Comunicações/Agência Nacional de Telecomunicações/Superintendência de Fiscalização/Gerência Regional nos Estados do Paraná e Santa Catarina,2023-02-08,http://pesquisa.in.gov.br/imprensa/jsp/visualiza/index.jsp?data=08/02/2023&jornal=515&pagina=43,
1049,Ordinária,Ministério das Comunicações/Agência Nacional de Telecomunicações/Superintendência de Fiscalização/Gerência Regional no Estado de São Paulo,2023-02-08,http://pesquisa.in.gov.br/imprensa/jsp/visualiza/index.jsp?data=08/02/2023&jornal=515&pagina=44,
1050,Ordinária,Ministério das Comunicações/Agência Nacional de Telecomunicações/Conselho Diretor,2023-02-08,http://pesquisa.in.gov.br/imprensa/jsp/visualiza/index.jsp?data=08/02/2023&jornal=515&pagina=43,
1051,Ordinária,"Ministério das Comunicações/Secretaria de Comunicação Social Eletrônica/Departamento de Inovação, Regulamentação e Fiscalização",2023-02-08,http://pesquisa.in.gov.br/imprensa/jsp/visualiza/index.jsp?data=08/02/2023&jornal=515&pagina=41,
1052,Ordinária,Ministério das Comunicações/Gabinete do Ministro,2023-02-08,http://pesquisa.in.gov.br/imprensa/jsp/visualiza/index.jsp?data=08/02/2023&jornal=515&pagina=20,Aprova o Regimento Interno do Ministério das Comunicações e divulga o quadro demonstrativo de cargos em comissão e de funções de confiança do órgão.
1053,Ordinária,Ministério das Comunicações/Agência Nacional de Telecomunicações/Superintendência de Fiscalização/Gerência Regional nos Estados do Paraná e Santa Catarina,2023-02-08,http://pesquisa.in.gov.br/imprensa/jsp/visualiza/index.jsp?data=08/02/2023&jornal=515&pagina=44,
1054,Ordinária,Ministério das Comunicações/Agência Nacional de Telecomunicações/Superintendência de Radiofrequência e Fiscalização/Gerência-Geral de Fiscalização/Escritório Regional no Estado da Bahia,2023-02-08,http://pesquisa.in.gov.br/imprensa/jsp/visualiza/index.jsp?data=08/02/2023&jornal=515&pagina=43,
1055,Ordinária,"Ministério da Ciência, Tecnologia e Inovação/Gabinete da Ministra",2023-02-08,http://pesquisa.in.gov.br/imprensa/jsp/visualiza/index.jsp?data=08/02/2023&jornal=515&pagina=17,"Estabelece os procedimentos gerais de instituição do Programa de Gestão no âmbito da Secretaria de Desenvolvimento Tecnológico e Inovação, do Ministério da Ciência, Tecnologia e Inovação."
1056,Ordinária,"Ministério da Ciência, Tecnologia e Inovação/Gabinete da Ministra",2023-02-08,http://pesquisa.in.gov.br/imprensa/jsp/visualiza/index.jsp?data=08/02/2023&jornal=515&pagina=16,"Estabelece os procedimentos gerais de instituição do Programa de Gestão no âmbito da Secretaria de Ciência e Tecnologia para o Desenvolvimento Social, do Ministério da Ciência, Tecnologia e Inovação."
1057,Ordinária,"Ministério da Ciência, Tecnologia e Inovação/Gabinete da Ministra",2023-02-08,http://pesquisa.in.gov.br/imprensa/jsp/visualiza/index.jsp?data=08/02/2023&jornal=515&pagina=14,"Estabelece os procedimentos gerais de instituição do Programa de Gestão no âmbito do Gabinete da Ministra, do Ministério da Ciência, Tecnologia e Inovação."
1058,Ordinária,Ministério da Fazenda/Secretaria Especial da Receita Federal do Brasil,2023-02-08,http://pesquisa.in.gov.br/imprensa/jsp/visualiza/index.jsp?data=08/02/2023&jornal=515&pagina=51,Destina vagas à reversão de inativos da Carreira Tributária e Aduaneira da Receita Federal do Brasil para o ano de 2023.
1059,Ordinária,Ministério da Agricultura e Pecuária/Secretaria de Defesa Agropecuária/Departamento de Sanidade Vegetal e Insumos Agrícolas/Coordenação-Geral de Agrotóxicos e Afins,2023-02-08,http://pesquisa.in.gov.br/imprensa/jsp/visualiza/index.jsp?data=08/02/2023&jornal=515&pagina=3,
1060,Ordinária,Ministério da Agricultura e Pecuária/Secretaria de Defesa Agropecuária/Departamento de Sanidade Vegetal e Insumos Agrícolas/Coordenação-Geral de Agrotóxicos e Afins,2023-02-08,http://pesquisa.in.gov.br/imprensa/jsp/visualiza/index.jsp?data=08/02/2023&jornal=515&pagina=10,
1061,Ordinária,Ministério das Comunicações/Agência Nacional de Telecomunicações/Superintendência de Fiscalização/Gerência Regional no Estado de São Paulo,2023-02-08,http://pesquisa.in.gov.br/imprensa/jsp/visualiza/index.jsp?data=08/02/2023&jornal=515&pagina=44,
1062,Ordinária,"Ministério da Ciência, Tecnologia e Inovação/Comissão Técnica Nacional de Biossegurança",2023-02-08,http://pesquisa.in.gov.br/imprensa/jsp/visualiza/index.jsp?data=08/02/2023&jornal=515&pagina=20,
1063,Ordinária,Ministério da Agricultura e Pecuária/Secretaria Executiva/Superintendência de Agricultura e Pecuária do Estado de Amazonas,2023-02-08,http://pesquisa.in.gov.br/imprensa/jsp/visualiza/index.jsp?data=08/02/2023&jornal=515&pagina=1,Habilitação de médico veterinário
1064,Ordinária,"Ministério da Agricultura e Pecuária/Secretaria Executiva/Superintendência de Agricultura e Pecuária do Estado do Maranhão/Divisão de Defesa Agropecuária/Serviço de Inspeção, Fiscalização de Insumos e Sanidade Vegetal",2023-02-08,http://pesquisa.in.gov.br/imprensa/jsp/visualiza/index.jsp?data=08/02/2023&jornal=515&pagina=2,
1065,Ordinária,Ministério da Agricultura e Pecuária/Secretaria Executiva/Superintendência de Agricultura e Pecuária do Estado do Rio de Janeiro,2023-02-08,http://pesquisa.in.gov.br/imprensa/jsp/visualiza/index.jsp?data=08/02/2023&jornal=515&pagina=2,
1066,Ordinária,Ministério da Agricultura e Pecuária/Secretaria Executiva/Superintendência de Agricultura e Pecuária do Estado do Rio de Janeiro,2023-02-08,http://pesquisa.in.gov.br/imprensa/jsp/visualiza/index.jsp?data=08/02/2023&jornal=515&pagina=2,
1067,Ordinária,Ministério da Agricultura e Pecuária/Secretaria de Defesa Agropecuária,2023-02-08,http://pesquisa.in.gov.br/imprensa/jsp/visualiza/index.jsp?data=08/02/2023&jornal=515&pagina=2,Aprova a uniformização da nomenclatura dos ovos em natureza e dos produtos de ovos não submetidos a tratamento térmico.
1068,Ordinária,Ministério da Agricultura e Pecuária/Secretaria Executiva/Superintendência de Agricultura e Pecuária do Estado de Goiás,2023-02-08,http://pesquisa.in.gov.br/imprensa/jsp/visualiza/index.jsp?data=08/02/2023&jornal=515&pagina=1,
1069,Ordinária,Ministério da Fazenda/Secretaria Especial da Receita Federal do Brasil/Subsecretaria de Tributação e Contencioso/Coordenação-Geral de Tributação,2023-02-08,http://pesquisa.in.gov.br/imprensa/jsp/visualiza/index.jsp?data=08/02/2023&jornal=515&pagina=51,
1070,Ordinária,Ministério da Fazenda/Secretaria Especial da Receita Federal do Brasil/Subsecretaria-Geral da Receita Federal do Brasil/Superintendência Regional da Receita Federal do Brasil 3ª Região Fiscal/Delegacia da Receita Federal do Brasil em São Luís,2023-02-08,http://pesquisa.in.gov.br/imprensa/jsp/visualiza/index.jsp?data=08/02/2023&jornal=515&pagina=52,"Concede habilitação ao Regime Especial de Incentivos para o Desenvolvimento da Infraestrutura (REIDI). Suspensão do PIS/PASEP e da COFINS, nos casos autorizados pelos diplomas legais e normativos a seguir citados."
1071,Ordinária,Ministério da Educação/Universidade Federal de Alfenas,2023-02-08,http://pesquisa.in.gov.br/imprensa/jsp/visualiza/index.jsp?data=08/02/2023&jornal=515&pagina=49,
1072,Ordinária,Ministério da Educação/Universidade Federal de Santa Catarina/Pró-Reitoria de Desenvolvimento e Gestão de Pessoas/Departamento de Desenvolvimento de Pessoas,2023-02-08,http://pesquisa.in.gov.br/imprensa/jsp/visualiza/index.jsp?data=08/02/2023&jornal=515&pagina=49,
1073,Ordinária,Ministério da Educação/Universidade Federal do Espírito Santo/Secretaria de Órgãos Colegiados Superiores,2023-02-08,http://pesquisa.in.gov.br/imprensa/jsp/visualiza/index.jsp?data=08/02/2023&jornal=515&pagina=49,Alteração do inciso VI do artigo 22 do Estatuto desta Universidade.
1074,Ordinária,Ministério da Fazenda/Secretaria Especial da Receita Federal do Brasil,2023-02-08,http://pesquisa.in.gov.br/imprensa/jsp/visualiza/index.jsp?data=08/02/2023&jornal=515&pagina=50,"Altera a Portaria RFB nº 224, de 7 de fevereiro de 2019, que delega e subdelega competências no âmbito da Secretaria Especial da Receita Federal do Brasil."
1075,Ordinária,Ministério da Educação/Fundação Universidade Federal de Ouro Preto/Pró-Reitoria de Gestão de Pessoas,2023-02-08,http://pesquisa.in.gov.br/imprensa/jsp/visualiza/index.jsp?data=08/02/2023&jornal=515&pagina=50,
1076,Ordinária,Ministério do Desenvolvimento Agrário e Agricultura Familiar/Secretaria Executiva,2023-02-08,http://pesquisa.in.gov.br/imprensa/jsp/visualiza/index.jsp?data=08/02/2023&jornal=515&pagina=46,"Informa o percentual do bônus de desconto, referente ao PGPAF, a ser concedido no pagamento de parcelas ou na liquidação das operações de crédito rural do Pronaf, para produtos que tiveram preço de mercado inferior ao preço de garantia."
1077,Ordinária,Ministério da Cultura/Instituto do Patrimônio Histórico e Artístico Nacional/Departamento do Patrimônio Material e Fiscalização/Centro Nacional de Arqueologia,2023-02-08,http://pesquisa.in.gov.br/imprensa/jsp/visualiza/index.jsp?data=08/02/2023&jornal=515&pagina=45,
1078,Ordinária,Ministério da Fazenda/Secretaria Especial da Receita Federal do Brasil/Subsecretaria-Geral da Receita Federal do Brasil/Superintendência Regional da Receita Federal do Brasil 2ª Região Fiscal/Delegacia da Receita Federal do Brasil em Santarém,2023-02-08,http://pesquisa.in.gov.br/imprensa/jsp/visualiza/index.jsp?data=08/02/2023&jornal=515&pagina=52,
1079,Ordinária,Ministério da Agricultura e Pecuária/Secretaria Executiva/Superintendência de Agricultura e Pecuária do Estado de Santa Catarina,2023-02-08,http://pesquisa.in.gov.br/imprensa/jsp/visualiza/index.jsp?data=08/02/2023&jornal=515&pagina=1,
1080,Ordinária,Ministério dos Transportes/Secretaria Nacional de Trânsito,2023-02-08,http://pesquisa.in.gov.br/imprensa/jsp/visualiza/index.jsp?data=08/02/2023&jornal=515&pagina=143,
1081,Ordinária,Ministério dos Transportes/Agência Nacional de Transportes Terrestres/Superintendência de Serviços de Transporte Rodoviário de Passageiros,2023-02-08,http://pesquisa.in.gov.br/imprensa/jsp/visualiza/index.jsp?data=08/02/2023&jornal=515&pagina=143,
1082,Ordinária,Ministério dos Transportes/Agência Nacional de Transportes Terrestres/Superintendência de Serviços de Transporte Rodoviário de Passageiros,2023-02-08,http://pesquisa.in.gov.br/imprensa/jsp/visualiza/index.jsp?data=08/02/2023&jornal=515&pagina=143,
1083,Ordinária,Ministério dos Transportes/Agência Nacional de Transportes Terrestres/Superintendência de Serviços de Transporte Rodoviário de Passageiros,2023-02-08,http://pesquisa.in.gov.br/imprensa/jsp/visualiza/index.jsp?data=08/02/2023&jornal=515&pagina=143,
1084,Ordinária,Ministério dos Transportes/Secretaria Nacional de Trânsito,2023-02-08,http://pesquisa.in.gov.br/imprensa/jsp/visualiza/index.jsp?data=08/02/2023&jornal=515&pagina=143,
1085,Ordinária,Ministério Público da União/Atos do Procurador-Geral da República,2023-02-08,http://pesquisa.in.gov.br/imprensa/jsp/visualiza/index.jsp?data=08/02/2023&jornal=515&pagina=143,
1086,Ordinária,Ministério dos Transportes/Agência Nacional de Transportes Terrestres/Superintendência de Serviços de Transporte Rodoviário de Passageiros,2023-02-08,http://pesquisa.in.gov.br/imprensa/jsp/visualiza/index.jsp?data=08/02/2023&jornal=515&pagina=143,
1087,Ordinária,Ministério dos Transportes/Secretaria Nacional de Trânsito,2023-02-08,http://pesquisa.in.gov.br/imprensa/jsp/visualiza/index.jsp?data=08/02/2023&jornal=515&pagina=142,
1088,Ordinária,Ministério dos Transportes/Agência Nacional de Transportes Terrestres/Superintendência de Serviços de Transporte Rodoviário de Passageiros,2023-02-08,http://pesquisa.in.gov.br/imprensa/jsp/visualiza/index.jsp?data=08/02/2023&jornal=515&pagina=143,
1089,Ordinária,Ministério da Saúde/Agência Nacional de Vigilância Sanitária/Diretoria Colegiada,2023-02-08,http://pesquisa.in.gov.br/imprensa/jsp/visualiza/index.jsp?data=08/02/2023&jornal=515&pagina=141,
1090,Ordinária,Ministério da Saúde/Agência Nacional de Vigilância Sanitária/4ª Diretoria/Gerência-Geral de Inspeção e Fiscalização Sanitária,2023-02-08,http://pesquisa.in.gov.br/imprensa/jsp/visualiza/index.jsp?data=08/02/2023&jornal=515&pagina=141,
1091,Ordinária,Ministério do Trabalho e Emprego/Secretaria de Inspeção do Trabalho/Departamento de Fiscalização do Trabalho/Coordenação-Geral de Recursos,2023-02-08,http://pesquisa.in.gov.br/imprensa/jsp/visualiza/index.jsp?data=08/02/2023&jornal=515&pagina=141,
1092,Ordinária,Ministério da Saúde/Gabinete da Ministra,2023-02-08,http://pesquisa.in.gov.br/imprensa/jsp/visualiza/index.jsp?data=08/02/2023&jornal=515&pagina=141,
1093,Ordinária,Ministério dos Transportes/Agência Nacional de Transportes Terrestres/Superintendência de Serviços de Transporte Rodoviário de Passageiros,2023-02-08,http://pesquisa.in.gov.br/imprensa/jsp/visualiza/index.jsp?data=08/02/2023&jornal=515&pagina=143,
1094,Ordinária,Ministério da Previdência Social/Superintendência Nacional de Previdência Complementar/Diretoria de Licenciamento,2023-02-08,http://pesquisa.in.gov.br/imprensa/jsp/visualiza/index.jsp?data=08/02/2023&jornal=515&pagina=75,
1095,Ordinária,Ministério de Portos e Aeroportos/Agência Nacional de Aviação Civil/Superintendência de Infraestrutura Aeroportuária/Gerência de Certificação e Segurança Operacional,2023-02-08,http://pesquisa.in.gov.br/imprensa/jsp/visualiza/index.jsp?data=08/02/2023&jornal=515&pagina=75,
1096,Ordinária,Ministério dos Transportes/Secretaria Nacional de Trânsito,2023-02-08,http://pesquisa.in.gov.br/imprensa/jsp/visualiza/index.jsp?data=08/02/2023&jornal=515&pagina=142,
1097,Ordinária,Ministério da Saúde/Gabinete da Ministra,2023-02-08,http://pesquisa.in.gov.br/imprensa/jsp/visualiza/index.jsp?data=08/02/2023&jornal=515&pagina=75,"Estabelece os parâmetros para a definição do auxílio financeiro às entidades privadas sem fins lucrativos que complementam o Sistema Único de Saúde - SUS, decorrentes da transposição e transferência dos saldos financeiros remanescentes de exercícios anteriores a 2018, nos termos da Lei Complementar nº 197, de 6 de dezembro de 2022."
1098,Ordinária,Ministério de Portos e Aeroportos/Agência Nacional de Aviação Civil/Superintendência de Infraestrutura Aeroportuária/Gerência de Certificação e Segurança Operacional,2023-02-08,http://pesquisa.in.gov.br/imprensa/jsp/visualiza/index.jsp?data=08/02/2023&jornal=515&pagina=74,
1099,Ordinária,Ministério de Portos e Aeroportos/Agência Nacional de Aviação Civil/Superintendência de Infraestrutura Aeroportuária/Gerência de Certificação e Segurança Operacional,2023-02-08,http://pesquisa.in.gov.br/imprensa/jsp/visualiza/index.jsp?data=08/02/2023&jornal=515&pagina=74,
1100,Ordinária,"Ministério de Minas e Energia/Agência Nacional do Petróleo, Gás Natural e Biocombustíveis/Diretoria II/Superintendência de Biocombustíveis e Qualidade de Produtos/Centro de Pesquisas e Análises Tecnológicas",2023-02-08,http://pesquisa.in.gov.br/imprensa/jsp/visualiza/index.jsp?data=08/02/2023&jornal=515&pagina=74,
1101,Ordinária,"Ministério de Minas e Energia/Agência Nacional do Petróleo, Gás Natural e Biocombustíveis/Diretoria I/Superintendência de Distribuição e Logística",2023-02-08,http://pesquisa.in.gov.br/imprensa/jsp/visualiza/index.jsp?data=08/02/2023&jornal=515&pagina=74,
1102,Ordinária,Ministério de Portos e Aeroportos/Agência Nacional de Transportes Aquaviários,2023-02-08,http://pesquisa.in.gov.br/imprensa/jsp/visualiza/index.jsp?data=08/02/2023&jornal=515&pagina=75,
1103,Ordinária,"Ministério de Minas e Energia/Agência Nacional do Petróleo, Gás Natural e Biocombustíveis/Diretoria I/Superintendência de Distribuição e Logística",2023-02-08,http://pesquisa.in.gov.br/imprensa/jsp/visualiza/index.jsp?data=08/02/2023&jornal=515&pagina=74,
1104,Ordinária,Ministério do Trabalho e Emprego/Secretaria de Relações do Trabalho/Departamento de Relações de Trabalho,2023-02-08,http://pesquisa.in.gov.br/imprensa/jsp/visualiza/index.jsp?data=08/02/2023&jornal=515&pagina=142,
1105,Ordinária,"Ministério de Minas e Energia/Agência Nacional do Petróleo, Gás Natural e Biocombustíveis/Diretoria I/Superintendência de Distribuição e Logística",2023-02-08,http://pesquisa.in.gov.br/imprensa/jsp/visualiza/index.jsp?data=08/02/2023&jornal=515&pagina=74,
1106,Ordinária,Ministério da Fazenda/Secretaria Especial da Receita Federal do Brasil/Subsecretaria-Geral da Receita Federal do Brasil/Superintendência Regional da Receita Federal do Brasil 4ª Região Fiscal/Delegacia da Receita Federal do Brasil em Recife,2023-02-08,http://pesquisa.in.gov.br/imprensa/jsp/visualiza/index.jsp?data=08/02/2023&jornal=515&pagina=52,Exclui pessoa jurídica do Refis.
1107,Ordinária,Ministério da Fazenda/Secretaria Especial da Receita Federal do Brasil/Subsecretaria-Geral da Receita Federal do Brasil/Superintendência Regional da Receita Federal do Brasil 1ª Região Fiscal/Delegacia da Receita Federal do Brasil em Cuiabá,2023-02-08,http://pesquisa.in.gov.br/imprensa/jsp/visualiza/index.jsp?data=08/02/2023&jornal=515&pagina=52,Aplica a pena de perdimento do veículo objeto do processo que especifica.
1108,Ordinária,Ministério do Trabalho e Emprego/Secretaria de Qualificação e Fomento à Geração de Emprego e Renda,2023-02-08,http://pesquisa.in.gov.br/imprensa/jsp/visualiza/index.jsp?data=08/02/2023&jornal=515&pagina=142,
1109,Ordinária,Ministério de Portos e Aeroportos/Agência Nacional de Aviação Civil/Superintendência de Infraestrutura Aeroportuária/Gerência de Certificação e Segurança Operacional,2023-02-08,http://pesquisa.in.gov.br/imprensa/jsp/visualiza/index.jsp?data=08/02/2023&jornal=515&pagina=74,
1110,Ordinária,Ministério da Justiça e Segurança Pública/Secretaria Nacional de Justiça/Departamento de Migrações/Coordenação-Geral de Política Migratória/Coordenação de Processos Migratórios,2023-02-08,http://pesquisa.in.gov.br/imprensa/jsp/visualiza/index.jsp?data=08/02/2023&jornal=515&pagina=62,
1111,Ordinária,Ministério da Fazenda/Secretaria Especial da Receita Federal do Brasil/Subsecretaria-Geral da Receita Federal do Brasil/Superintendência Regional da Receita Federal do Brasil 2ª Região Fiscal/Delegacia da Receita Federal do Brasil em Rio Branco,2023-02-08,http://pesquisa.in.gov.br/imprensa/jsp/visualiza/index.jsp?data=08/02/2023&jornal=515&pagina=52,Autoriza aeronave nacional a sair do país e a retornar utilizando aeroporto não alfandegado.
1112,Ordinária,Ministério das Comunicações/Agência Nacional de Telecomunicações/Superintendência de Fiscalização/Gerência Regional no Estado de São Paulo,2023-02-08,http://pesquisa.in.gov.br/imprensa/jsp/visualiza/index.jsp?data=08/02/2023&jornal=515&pagina=44,
1113,Ordinária,Ministério dos Transportes/Secretaria Nacional de Trânsito,2023-02-08,http://pesquisa.in.gov.br/imprensa/jsp/visualiza/index.jsp?data=08/02/2023&jornal=515&pagina=142,
1114,Ordinária,Ministério das Relações Exteriores/Gabinete do Ministro,2023-02-09,http://pesquisa.in.gov.br/imprensa/jsp/visualiza/index.jsp?data=09/02/2023&jornal=515&pagina=216,
1115,Ordinária,Ministério da Saúde/Gabinete da Ministra,2023-02-09,http://pesquisa.in.gov.br/imprensa/jsp/visualiza/index.jsp?data=09/02/2023&jornal=515&pagina=216,"Restabelece o repasse de recurso financeiro destinado ao financiamento do Componente Básico da Assistência Farmacêutica (CBAF), nos termos definidos pela PRC nº 6/2017, do Município de Cáceres (MT)."
1116,Ordinária,Ministério da Saúde/Gabinete da Ministra,2023-02-09,http://pesquisa.in.gov.br/imprensa/jsp/visualiza/index.jsp?data=09/02/2023&jornal=515&pagina=216,"Altera a habilitação da Unidade de Assistência de Alta Complexidade em Oncologia - UNACON, para UNACON com Serviço de Radioterapia e estabelece recurso do Bloco de Manutenção das Ações e Serviços Públicos de Saúde - Grupo de Atenção Especializada, a ser incorporado ao limite financeiro de Média e Alta Complexidade - MAC do Estado de Minas Gerais e Município de Ponte Nova."
1117,Ordinária,Ministério de Portos e Aeroportos/Agência Nacional de Transportes Aquaviários/Superintendência de Fiscalização e Coordenação das Unidades Regionais/Gerência de Apoio Técnico,2023-02-09,http://pesquisa.in.gov.br/imprensa/jsp/visualiza/index.jsp?data=09/02/2023&jornal=515&pagina=215,
1118,Ordinária,Ministério de Portos e Aeroportos/Agência Nacional de Aviação Civil/Superintendência de Infraestrutura Aeroportuária/Gerência de Certificação e Segurança Operacional,2023-02-09,http://pesquisa.in.gov.br/imprensa/jsp/visualiza/index.jsp?data=09/02/2023&jornal=515&pagina=215,
1119,Ordinária,Ministério das Relações Exteriores/Gabinete do Ministro,2023-02-09,http://pesquisa.in.gov.br/imprensa/jsp/visualiza/index.jsp?data=09/02/2023&jornal=515&pagina=216,"Delega competência para responder como representante do Ministério das Relações Exteriores no Cadastro Nacional da Pessoa Jurídica pelas atribuições e atividades que especifica, e dá outras providências."
1120,Ordinária,Ministério de Portos e Aeroportos/Agência Nacional de Transportes Aquaviários/Superintendência de Fiscalização e Coordenação das Unidades Regionais/Gerência de Apoio Técnico,2023-02-09,http://pesquisa.in.gov.br/imprensa/jsp/visualiza/index.jsp?data=09/02/2023&jornal=515&pagina=215,
1121,Ordinária,Ministério de Portos e Aeroportos/Agência Nacional de Transportes Aquaviários/Superintendência de Fiscalização e Coordenação das Unidades Regionais/Gerência Regional de Belém,2023-02-09,http://pesquisa.in.gov.br/imprensa/jsp/visualiza/index.jsp?data=09/02/2023&jornal=515&pagina=215,
1122,Ordinária,Ministério de Portos e Aeroportos/Agência Nacional de Aviação Civil/Superintendência de Padrões Operacionais/Gerência de Certificação de Aeronavegabilidade Continuada/Gerência Técnica de Certificação de Organizações de Manutenção,2023-02-09,http://pesquisa.in.gov.br/imprensa/jsp/visualiza/index.jsp?data=09/02/2023&jornal=515&pagina=215,
1123,Ordinária,Ministério de Portos e Aeroportos/Agência Nacional de Aviação Civil/Superintendência de Infraestrutura Aeroportuária/Gerência de Certificação e Segurança Operacional,2023-02-09,http://pesquisa.in.gov.br/imprensa/jsp/visualiza/index.jsp?data=09/02/2023&jornal=515&pagina=214,
1124,Ordinária,Ministério de Portos e Aeroportos/Agência Nacional de Aviação Civil/Superintendência de Infraestrutura Aeroportuária/Gerência de Certificação e Segurança Operacional,2023-02-09,http://pesquisa.in.gov.br/imprensa/jsp/visualiza/index.jsp?data=09/02/2023&jornal=515&pagina=214,
1125,Ordinária,Ministério de Portos e Aeroportos/Agência Nacional de Aviação Civil/Superintendência de Infraestrutura Aeroportuária/Gerência de Certificação e Segurança Operacional,2023-02-09,http://pesquisa.in.gov.br/imprensa/jsp/visualiza/index.jsp?data=09/02/2023&jornal=515&pagina=214,
1126,Ordinária,Ministério de Portos e Aeroportos/Agência Nacional de Aviação Civil/Superintendência de Infraestrutura Aeroportuária/Gerência de Certificação e Segurança Operacional,2023-02-09,http://pesquisa.in.gov.br/imprensa/jsp/visualiza/index.jsp?data=09/02/2023&jornal=515&pagina=214,
1127,Ordinária,Ministério de Portos e Aeroportos/Agência Nacional de Aviação Civil/Superintendência de Infraestrutura Aeroportuária/Gerência de Certificação e Segurança Operacional,2023-02-09,http://pesquisa.in.gov.br/imprensa/jsp/visualiza/index.jsp?data=09/02/2023&jornal=515&pagina=214,
1128,Ordinária,Ministério de Portos e Aeroportos/Agência Nacional de Aviação Civil/Superintendência de Infraestrutura Aeroportuária/Gerência de Certificação e Segurança Operacional,2023-02-09,http://pesquisa.in.gov.br/imprensa/jsp/visualiza/index.jsp?data=09/02/2023&jornal=515&pagina=213,
1129,Ordinária,Ministério de Portos e Aeroportos/Agência Nacional de Aviação Civil/Superintendência de Infraestrutura Aeroportuária/Gerência de Certificação e Segurança Operacional,2023-02-09,http://pesquisa.in.gov.br/imprensa/jsp/visualiza/index.jsp?data=09/02/2023&jornal=515&pagina=213,
1130,Ordinária,Ministério de Portos e Aeroportos/Agência Nacional de Aviação Civil/Superintendência de Infraestrutura Aeroportuária/Gerência de Controle e Fiscalização,2023-02-09,http://pesquisa.in.gov.br/imprensa/jsp/visualiza/index.jsp?data=09/02/2023&jornal=515&pagina=213,
1131,Ordinária,Ministério de Portos e Aeroportos/Agência Nacional de Aviação Civil/Superintendência de Infraestrutura Aeroportuária/Gerência de Certificação e Segurança Operacional,2023-02-09,http://pesquisa.in.gov.br/imprensa/jsp/visualiza/index.jsp?data=09/02/2023&jornal=515&pagina=213,
1132,Ordinária,Ministério de Portos e Aeroportos/Agência Nacional de Aviação Civil/Superintendência de Infraestrutura Aeroportuária/Gerência de Certificação e Segurança Operacional,2023-02-09,http://pesquisa.in.gov.br/imprensa/jsp/visualiza/index.jsp?data=09/02/2023&jornal=515&pagina=214,
1133,Ordinária,Ministério de Portos e Aeroportos/Agência Nacional de Aviação Civil/Superintendência de Infraestrutura Aeroportuária/Gerência de Certificação e Segurança Operacional,2023-02-09,http://pesquisa.in.gov.br/imprensa/jsp/visualiza/index.jsp?data=09/02/2023&jornal=515&pagina=214,
1134,Ordinária,Ministério de Portos e Aeroportos/Agência Nacional de Aviação Civil/Superintendência de Infraestrutura Aeroportuária/Gerência de Certificação e Segurança Operacional,2023-02-09,http://pesquisa.in.gov.br/imprensa/jsp/visualiza/index.jsp?data=09/02/2023&jornal=515&pagina=213,
1135,Ordinária,Ministério de Portos e Aeroportos/Agência Nacional de Aviação Civil/Superintendência de Infraestrutura Aeroportuária/Gerência de Certificação e Segurança Operacional,2023-02-09,http://pesquisa.in.gov.br/imprensa/jsp/visualiza/index.jsp?data=09/02/2023&jornal=515&pagina=213,
1136,Ordinária,Ministério de Portos e Aeroportos/Agência Nacional de Aviação Civil/Superintendência de Infraestrutura Aeroportuária,2023-02-09,http://pesquisa.in.gov.br/imprensa/jsp/visualiza/index.jsp?data=09/02/2023&jornal=515&pagina=213,
1137,Ordinária,"Ministério da Saúde/Agência Nacional de Vigilância Sanitária/3ª Diretoria/Gerência de Produtos de Higiene, Perfumes, Cosméticos e Saneantes",2023-02-09,http://pesquisa.in.gov.br/imprensa/jsp/visualiza/index.jsp?data=09/02/2023&jornal=515&pagina=221,
1138,Ordinária,Ministério de Portos e Aeroportos/Agência Nacional de Aviação Civil/Superintendência de Infraestrutura Aeroportuária/Gerência de Certificação e Segurança Operacional,2023-02-09,http://pesquisa.in.gov.br/imprensa/jsp/visualiza/index.jsp?data=09/02/2023&jornal=515&pagina=213,
1139,Ordinária,Ministério de Portos e Aeroportos/Agência Nacional de Aviação Civil/Superintendência de Infraestrutura Aeroportuária/Gerência de Certificação e Segurança Operacional,2023-02-09,http://pesquisa.in.gov.br/imprensa/jsp/visualiza/index.jsp?data=09/02/2023&jornal=515&pagina=213,
1140,Ordinária,Ministério de Portos e Aeroportos/Agência Nacional de Aviação Civil/Superintendência de Infraestrutura Aeroportuária/Gerência de Certificação e Segurança Operacional,2023-02-09,http://pesquisa.in.gov.br/imprensa/jsp/visualiza/index.jsp?data=09/02/2023&jornal=515&pagina=213,
1141,Ordinária,Ministério da Saúde/Agência Nacional de Vigilância Sanitária/2ª Diretoria/Coordenação de Pesquisa Clínica em Medicamentos e Produtos Biológicos,2023-02-09,http://pesquisa.in.gov.br/imprensa/jsp/visualiza/index.jsp?data=09/02/2023&jornal=515&pagina=221,
1142,Ordinária,Ministério da Saúde/Agência Nacional de Vigilância Sanitária/2ª Diretoria/Coordenação de Pesquisa Clínica em Medicamentos e Produtos Biológicos,2023-02-09,http://pesquisa.in.gov.br/imprensa/jsp/visualiza/index.jsp?data=09/02/2023&jornal=515&pagina=221,
1143,Ordinária,Ministério de Portos e Aeroportos/Agência Nacional de Aviação Civil/Superintendência de Infraestrutura Aeroportuária/Gerência de Certificação e Segurança Operacional,2023-02-09,http://pesquisa.in.gov.br/imprensa/jsp/visualiza/index.jsp?data=09/02/2023&jornal=515&pagina=214,
1144,Ordinária,Ministério de Portos e Aeroportos/Agência Nacional de Aviação Civil/Superintendência de Infraestrutura Aeroportuária/Gerência de Certificação e Segurança Operacional,2023-02-09,http://pesquisa.in.gov.br/imprensa/jsp/visualiza/index.jsp?data=09/02/2023&jornal=515&pagina=214,
1145,Ordinária,Ministério da Saúde/Agência Nacional de Vigilância Sanitária/4ª Diretoria/Gerência-Geral de Inspeção e Fiscalização Sanitária/Coordenação de Autorização de Funcionamento de Empresas,2023-02-09,http://pesquisa.in.gov.br/imprensa/jsp/visualiza/index.jsp?data=09/02/2023&jornal=515&pagina=222,
1146,Ordinária,Ministério de Portos e Aeroportos/Agência Nacional de Transportes Aquaviários/Superintendência de Fiscalização e Coordenação das Unidades Regionais/Gerência Regional de Recife,2023-02-09,http://pesquisa.in.gov.br/imprensa/jsp/visualiza/index.jsp?data=09/02/2023&jornal=515&pagina=215,
1147,Ordinária,Ministério de Minas e Energia/Superintendência de Distribuição e Logística,2023-02-09,http://pesquisa.in.gov.br/imprensa/jsp/visualiza/index.jsp?data=09/02/2023&jornal=515&pagina=211,
1148,Ordinária,Ministério de Minas e Energia/Agência Nacional de Mineração/Superintendência de Outorga de Títulos Minerários,2023-02-09,http://pesquisa.in.gov.br/imprensa/jsp/visualiza/index.jsp?data=09/02/2023&jornal=515&pagina=210,
1149,Ordinária,Ministério de Minas e Energia/Superintendência de Distribuição e Logística,2023-02-09,http://pesquisa.in.gov.br/imprensa/jsp/visualiza/index.jsp?data=09/02/2023&jornal=515&pagina=211,
1150,Ordinária,Ministério de Minas e Energia/Agência Nacional de Mineração/Superintendência de Outorga de Títulos Minerários,2023-02-09,http://pesquisa.in.gov.br/imprensa/jsp/visualiza/index.jsp?data=09/02/2023&jornal=515&pagina=210,
1151,Ordinária,Ministério de Minas e Energia/Agência Nacional de Mineração/Superintendência de Outorga de Títulos Minerários,2023-02-09,http://pesquisa.in.gov.br/imprensa/jsp/visualiza/index.jsp?data=09/02/2023&jornal=515&pagina=210,
1152,Ordinária,Ministério de Minas e Energia/Superintendência de Segurança Operacional e Meio Ambiente,2023-02-09,http://pesquisa.in.gov.br/imprensa/jsp/visualiza/index.jsp?data=09/02/2023&jornal=515&pagina=210,
1153,Ordinária,Ministério de Minas e Energia/Agência Nacional de Mineração/Superintendência de Outorga de Títulos Minerários,2023-02-09,http://pesquisa.in.gov.br/imprensa/jsp/visualiza/index.jsp?data=09/02/2023&jornal=515&pagina=210,
1154,Ordinária,Ministério de Minas e Energia/Agência Nacional de Energia Elétrica,2023-02-09,http://pesquisa.in.gov.br/imprensa/jsp/visualiza/index.jsp?data=09/02/2023&jornal=515&pagina=207,
1155,Ordinária,Ministério de Minas e Energia/Agência Nacional de Mineração/Superintendência de Outorga de Títulos Minerários,2023-02-09,http://pesquisa.in.gov.br/imprensa/jsp/visualiza/index.jsp?data=09/02/2023&jornal=515&pagina=209,
1156,Ordinária,Ministério de Minas e Energia/Agência Nacional de Energia Elétrica,2023-02-09,http://pesquisa.in.gov.br/imprensa/jsp/visualiza/index.jsp?data=09/02/2023&jornal=515&pagina=207,
1157,Ordinária,Ministério de Minas e Energia/Agência Nacional de Energia Elétrica,2023-02-09,http://pesquisa.in.gov.br/imprensa/jsp/visualiza/index.jsp?data=09/02/2023&jornal=515&pagina=207,
1158,Ordinária,Ministério de Minas e Energia/Agência Nacional de Energia Elétrica,2023-02-09,http://pesquisa.in.gov.br/imprensa/jsp/visualiza/index.jsp?data=09/02/2023&jornal=515&pagina=49,
1159,Ordinária,Ministério de Minas e Energia/Agência Nacional de Energia Elétrica,2023-02-09,http://pesquisa.in.gov.br/imprensa/jsp/visualiza/index.jsp?data=09/02/2023&jornal=515&pagina=207,
1160,Ordinária,Ministério de Minas e Energia/Agência Nacional de Energia Elétrica,2023-02-09,http://pesquisa.in.gov.br/imprensa/jsp/visualiza/index.jsp?data=09/02/2023&jornal=515&pagina=207,
1161,Ordinária,Ministério de Minas e Energia/Agência Nacional de Energia Elétrica,2023-02-09,http://pesquisa.in.gov.br/imprensa/jsp/visualiza/index.jsp?data=09/02/2023&jornal=515&pagina=49,
1162,Ordinária,Ministério de Minas e Energia/Agência Nacional de Energia Elétrica,2023-02-09,http://pesquisa.in.gov.br/imprensa/jsp/visualiza/index.jsp?data=09/02/2023&jornal=515&pagina=49,
1163,Ordinária,Ministério de Minas e Energia/Agência Nacional de Energia Elétrica,2023-02-09,http://pesquisa.in.gov.br/imprensa/jsp/visualiza/index.jsp?data=09/02/2023&jornal=515&pagina=49,
1164,Ordinária,Ministério de Minas e Energia/Agência Nacional de Energia Elétrica,2023-02-09,http://pesquisa.in.gov.br/imprensa/jsp/visualiza/index.jsp?data=09/02/2023&jornal=515&pagina=49,
1165,Ordinária,Ministério de Minas e Energia/Agência Nacional de Energia Elétrica,2023-02-09,http://pesquisa.in.gov.br/imprensa/jsp/visualiza/index.jsp?data=09/02/2023&jornal=515&pagina=49,
1166,Ordinária,Ministério de Minas e Energia/Agência Nacional de Mineração/Superintendência de Outorga de Títulos Minerários,2023-02-09,http://pesquisa.in.gov.br/imprensa/jsp/visualiza/index.jsp?data=09/02/2023&jornal=515&pagina=209,
1167,Ordinária,Ministério de Minas e Energia/Agência Nacional de Energia Elétrica,2023-02-09,http://pesquisa.in.gov.br/imprensa/jsp/visualiza/index.jsp?data=09/02/2023&jornal=515&pagina=48,
1168,Ordinária,Ministério de Minas e Energia/Agência Nacional de Energia Elétrica,2023-02-09,http://pesquisa.in.gov.br/imprensa/jsp/visualiza/index.jsp?data=09/02/2023&jornal=515&pagina=48,
1169,Ordinária,Ministério de Minas e Energia/Agência Nacional de Energia Elétrica,2023-02-09,http://pesquisa.in.gov.br/imprensa/jsp/visualiza/index.jsp?data=09/02/2023&jornal=515&pagina=48,
1170,Ordinária,Ministério de Minas e Energia/Agência Nacional de Energia Elétrica,2023-02-09,http://pesquisa.in.gov.br/imprensa/jsp/visualiza/index.jsp?data=09/02/2023&jornal=515&pagina=48,
1171,Ordinária,Ministério do Meio Ambiente e Mudança do Clima/Instituto Chico Mendes de Conservação da Biodiversidade,2023-02-09,http://pesquisa.in.gov.br/imprensa/jsp/visualiza/index.jsp?data=09/02/2023&jornal=515&pagina=47,Criação da Reserva Particular do Patrimônio Natural -RPPN Serra Bonita VIII. Processo Administrativo ICMBio/MMA nº 02070.003585/2018-59.
1172,Ordinária,Ministério do Meio Ambiente e Mudança do Clima/Instituto Chico Mendes de Conservação da Biodiversidade,2023-02-09,http://pesquisa.in.gov.br/imprensa/jsp/visualiza/index.jsp?data=09/02/2023&jornal=515&pagina=46,Criação da Reserva Particular do Patrimônio Natural -RPPN Serra Bonita VI. Processo Administrativo ICMBio/MMA nº 02070.003583/2018-60.
1173,Ordinária,Ministério de Minas e Energia/Agência Nacional de Energia Elétrica,2023-02-09,http://pesquisa.in.gov.br/imprensa/jsp/visualiza/index.jsp?data=09/02/2023&jornal=515&pagina=48,
1174,Ordinária,Ministério do Meio Ambiente e Mudança do Clima/Agência Nacional de Águas e Saneamento Básico/Superintendência de Regulação de Usos de Recursos Hídricos,2023-02-09,http://pesquisa.in.gov.br/imprensa/jsp/visualiza/index.jsp?data=09/02/2023&jornal=515&pagina=47,
1175,Ordinária,Ministério da Justiça e Segurança Pública/Secretaria Nacional de Justiça/Departamento de Migrações/Coordenação-Geral de Imigração Laboral,2023-02-09,http://pesquisa.in.gov.br/imprensa/jsp/visualiza/index.jsp?data=09/02/2023&jornal=515&pagina=41,
1176,Ordinária,Ministério da Justiça e Segurança Pública/Polícia Rodoviária Federal/Diretoria de Operações,2023-02-09,http://pesquisa.in.gov.br/imprensa/jsp/visualiza/index.jsp?data=09/02/2023&jornal=515&pagina=37,"Credencia a Empresa PRO-SERVICE CONSTRUÇÃO E MONTAGEM LTDA., para a Execução dos Serviços de Escolta."
1177,Ordinária,Ministério da Justiça e Segurança Pública/Polícia Federal/Diretoria de Polícia Administrativa/Coordenação-Geral de Controle de Serviços e Produtos,2023-02-09,http://pesquisa.in.gov.br/imprensa/jsp/visualiza/index.jsp?data=09/02/2023&jornal=515&pagina=30,
1178,Ordinária,Ministério de Minas e Energia/Agência Nacional de Energia Elétrica,2023-02-09,http://pesquisa.in.gov.br/imprensa/jsp/visualiza/index.jsp?data=09/02/2023&jornal=515&pagina=48,
1179,Ordinária,Ministério de Minas e Energia/Agência Nacional de Mineração/Superintendência de Outorga de Títulos Minerários,2023-02-09,http://pesquisa.in.gov.br/imprensa/jsp/visualiza/index.jsp?data=09/02/2023&jornal=515&pagina=209,
1180,Ordinária,"Ministério da Justiça e Segurança Pública/Secretaria Nacional de Segurança Pública/Comissão Nacional de Segurança Pública nos Portos, Terminais e Vias Navegáveis",2023-02-09,http://pesquisa.in.gov.br/imprensa/jsp/visualiza/index.jsp?data=09/02/2023&jornal=515&pagina=46,
1181,Ordinária,Ministério da Integração e do Desenvolvimento Regional/Secretaria Nacional de Proteção e Defesa Civil,2023-02-09,http://pesquisa.in.gov.br/imprensa/jsp/visualiza/index.jsp?data=09/02/2023&jornal=515&pagina=29,
1182,Ordinária,Ministério da Fazenda/Secretaria Especial da Receita Federal do Brasil/Subsecretaria-Geral da Receita Federal do Brasil/Superintendência Regional da Receita Federal do Brasil 8ª Região Fiscal/Delegacia da Receita Federal do Brasil em Sorocaba,2023-02-09,http://pesquisa.in.gov.br/imprensa/jsp/visualiza/index.jsp?data=09/02/2023&jornal=515&pagina=26,Concede o Regime Especial de Substituição Tributária do Imposto Sobre Produtos Industrializados (IPI)
1183,Ordinária,Ministério da Fazenda/Secretaria Especial da Receita Federal do Brasil/Subsecretaria-Geral da Receita Federal do Brasil/Superintendência Regional da Receita Federal do Brasil 8ª Região Fiscal/Delegacia da Receita Federal do Brasil em Sorocaba,2023-02-09,http://pesquisa.in.gov.br/imprensa/jsp/visualiza/index.jsp?data=09/02/2023&jornal=515&pagina=26,Co-Habilitada ao Regime Especial de Incentivos para o Desenvolvimento da Infraestrutura (REIDI).
1184,Ordinária,Ministério da Fazenda/Secretaria Especial da Receita Federal do Brasil/Subsecretaria-Geral da Receita Federal do Brasil/Superintendência Regional da Receita Federal do Brasil 7ª Região Fiscal,2023-02-09,http://pesquisa.in.gov.br/imprensa/jsp/visualiza/index.jsp?data=09/02/2023&jornal=515&pagina=26,"Concede, à pessoa jurídica que menciona, habilitação para operar no Regime Especial de Incentivos para o Desenvolvimento da Infraestrutura (REIDI) de que trata a Instrução Normativa RFB nº 2.121/2022."
1185,Ordinária,Ministério da Fazenda/Secretaria Especial da Receita Federal do Brasil/Subsecretaria-Geral da Receita Federal do Brasil/Superintendência Regional da Receita Federal do Brasil 6ª Região Fiscal/Delegacia da Receita Federal do Brasil em Montes Claros,2023-02-09,http://pesquisa.in.gov.br/imprensa/jsp/visualiza/index.jsp?data=09/02/2023&jornal=515&pagina=25,"Declara, a pessoa jurídica que menciona, Habilitada para operar no Regime Especial de Incentivos para o Desenvolvimento da Infraestrutura - REIDI, de que trata a Instrução Normativa RFB nº 2.121/22."
1186,Ordinária,Ministério da Fazenda/Secretaria Especial da Receita Federal do Brasil/Subsecretaria-Geral da Receita Federal do Brasil/Superintendência Regional da Receita Federal do Brasil 6ª Região Fiscal/Delegacia da Receita Federal do Brasil em Montes Claros,2023-02-09,http://pesquisa.in.gov.br/imprensa/jsp/visualiza/index.jsp?data=09/02/2023&jornal=515&pagina=24,"Declara, a pessoa jurídica que menciona, Habilitada para operar no Regime Especial de Incentivos para o Desenvolvimento da Infraestrutura - REIDI, de que trata a Instrução Normativa RFB nº 2.121/22."
1187,Ordinária,Ministério da Fazenda/Secretaria Especial da Receita Federal do Brasil/Subsecretaria-Geral da Receita Federal do Brasil/Superintendência Regional da Receita Federal do Brasil 6ª Região Fiscal/Delegacia da Receita Federal do Brasil em Varginha,2023-02-09,http://pesquisa.in.gov.br/imprensa/jsp/visualiza/index.jsp?data=09/02/2023&jornal=515&pagina=25,Declara a inscrição de Pessoa Jurídica no Registro Especial para engarrafador de bebidas alcoólicas.
1188,Ordinária,Ministério da Fazenda/Secretaria Especial da Receita Federal do Brasil/Subsecretaria-Geral da Receita Federal do Brasil/Superintendência Regional da Receita Federal do Brasil 7ª Região Fiscal,2023-02-09,http://pesquisa.in.gov.br/imprensa/jsp/visualiza/index.jsp?data=09/02/2023&jornal=515&pagina=25,"Concede, à pessoa jurídica que menciona, habilitação para operar no Regime Especial de Incentivos para o Desenvolvimento da Infraestrutura (REIDI) de que trata a Instrução Normativa RFB nº 2.121/2022."
1189,Ordinária,Ministério da Fazenda/Secretaria Especial da Receita Federal do Brasil/Subsecretaria-Geral da Receita Federal do Brasil/Superintendência Regional da Receita Federal do Brasil 5ª Região Fiscal,2023-02-09,http://pesquisa.in.gov.br/imprensa/jsp/visualiza/index.jsp?data=09/02/2023&jornal=515&pagina=23,Concede Registro Especial de Controle de Papel Imune (REGPI)
1190,Ordinária,Ministério da Fazenda/Secretaria Especial da Receita Federal do Brasil/Subsecretaria-Geral da Receita Federal do Brasil/Superintendência Regional da Receita Federal do Brasil 6ª Região Fiscal/Delegacia da Receita Federal do Brasil em Montes Claros,2023-02-09,http://pesquisa.in.gov.br/imprensa/jsp/visualiza/index.jsp?data=09/02/2023&jornal=515&pagina=24,"Declara, a pessoa jurídica que menciona, Habilitada para operar no Regime Especial de Incentivos para o Desenvolvimento da Infraestrutura - REIDI, de que trata a Instrução Normativa RFB nº 2.121/22."
1191,Ordinária,Ministério da Fazenda/Secretaria Especial da Receita Federal do Brasil/Subsecretaria-Geral da Receita Federal do Brasil/Superintendência Regional da Receita Federal do Brasil 4ª Região Fiscal/Delegacia da Receita Federal do Brasil em Recife,2023-02-09,http://pesquisa.in.gov.br/imprensa/jsp/visualiza/index.jsp?data=09/02/2023&jornal=515&pagina=23,Inclusão no Registro de Despachantes Aduaneiros.
1192,Ordinária,Ministério da Fazenda/Secretaria Especial da Receita Federal do Brasil/Subsecretaria-Geral da Receita Federal do Brasil/Superintendência Regional da Receita Federal do Brasil 4ª Região Fiscal/Delegacia da Receita Federal do Brasil em Natal,2023-02-09,http://pesquisa.in.gov.br/imprensa/jsp/visualiza/index.jsp?data=09/02/2023&jornal=515&pagina=22,"Cancelamento, a pedido, de habilitação ao Regime Especial de Incentivos para o Desenvolvimento da Infraestrutura (REIDI), de que trata a Instrução Normativa RFB nº 758/2007, vigente à época da solicitação. | Cancelamento, a pedido, de habilitação ao Regime Especial de Incentivos para o Desenvolvimento da Infraestrutura (REIDI), de que trata a Instrução Normativa RFB nº 758/2007, vigente à época da solicitação. | Cancelamento, a pedido, de habilitação ao Regime Especial de Incentivos para o Desenvolvimento da Infraestrutura (REIDI), de que trata a Instrução Normativa RFB nº 758/2007, vigente à época da solicitação. | Cancelamento, a pedido, de habilitação ao Regime Especial de Incentivos para o Desenvolvimento da Infraestrutura (REIDI), de que trata a Instrução Normativa RFB nº 758/2007, vigente à época da solicitação. | Cancelamento, a pedido, de habilitação ao Regime Especial de Incentivos para o Desenvolvimento da Infraestrutura (REIDI), de que trata a Instrução Normativa RFB nº 758/2007, vigente à época da solicitação. | Cancelamento, a pedido, de habilitação ao Regime Especial de Incentivos para o Desenvolvimento da Infraestrutura (REIDI), de que trata a Instrução Normativa RFB nº 758/2007, vigente à época da solicitação. | Cancelamento, a pedido, de habilitação ao Regime Especial de Incentivos para o Desenvolvimento da Infraestrutura (REIDI), de que trata a Instrução Normativa RFB nº 758/2007, vigente à época da solicitação."
1193,Ordinária,Ministério da Fazenda/Secretaria Especial da Receita Federal do Brasil/Subsecretaria-Geral da Receita Federal do Brasil/Superintendência Regional da Receita Federal do Brasil 4ª Região Fiscal/Delegacia da Receita Federal do Brasil em Natal,2023-02-09,http://pesquisa.in.gov.br/imprensa/jsp/visualiza/index.jsp?data=09/02/2023&jornal=515&pagina=22,"Habilitar a Pessoa Jurídica que menciona a operar no regime de redução do IRPJ, inclusive adicionais não restituíveis, calculados com base no Lucro da Exploração. | Habilitar a Pessoa Jurídica que menciona a operar no regime de redução do IRPJ, inclusive adicionais não restituíveis, calculados com base no Lucro da Exploração. | Habilitar a Pessoa Jurídica que menciona a operar no regime de redução do IRPJ, inclusive adicionais não restituíveis, calculados com base no Lucro da Exploração."
1194,Ordinária,Ministério da Fazenda/Secretaria Especial da Receita Federal do Brasil/Subsecretaria-Geral da Receita Federal do Brasil/Superintendência Regional da Receita Federal do Brasil 6ª Região Fiscal/Delegacia da Receita Federal do Brasil em Montes Claros,2023-02-09,http://pesquisa.in.gov.br/imprensa/jsp/visualiza/index.jsp?data=09/02/2023&jornal=515&pagina=24,"Declara, a pessoa jurídica que menciona, Habilitada para operar no Regime Especial de Incentivos para o Desenvolvimento da Infraestrutura - REIDI, de que trata a Instrução Normativa RFB nº 2.121/22."
1195,Ordinária,Ministério da Fazenda/Secretaria Especial da Receita Federal do Brasil/Subsecretaria-Geral da Receita Federal do Brasil/Superintendência Regional da Receita Federal do Brasil 3ª Região Fiscal/Delegacia da Receita Federal do Brasil em São Luís,2023-02-09,http://pesquisa.in.gov.br/imprensa/jsp/visualiza/index.jsp?data=09/02/2023&jornal=515&pagina=21,"Concede habilitação ao Regime Especial de Incentivos para o Desenvolvimento da Infraestrutura (REIDI). Suspensão do PIS/PASEP e da COFINS, nos casos autorizados pelos diplomas legais e normativos a seguir citados."
1196,Ordinária,Ministério da Fazenda/Secretaria Especial da Receita Federal do Brasil/Subsecretaria-Geral da Receita Federal do Brasil/Superintendência Regional da Receita Federal do Brasil 2ª Região Fiscal/Alfândega da Receita Federal do Brasil no Porto de Manaus,2023-02-09,http://pesquisa.in.gov.br/imprensa/jsp/visualiza/index.jsp?data=09/02/2023&jornal=515&pagina=20,Habilita a empresa mencionada ao procedimento simplificado de internação.
1197,Ordinária,Ministério da Fazenda/Secretaria Especial da Receita Federal do Brasil/Subsecretaria-Geral da Receita Federal do Brasil/Superintendência Regional da Receita Federal do Brasil 2ª Região Fiscal/Alfândega da Receita Federal do Brasil no Porto de Manaus,2023-02-09,http://pesquisa.in.gov.br/imprensa/jsp/visualiza/index.jsp?data=09/02/2023&jornal=515&pagina=20,Habilita a empresa mencionada ao regime de suspensão da contribuição para o PIS/Pasep-Importação e da COFINS/Importação.
1198,Ordinária,Ministério da Fazenda/Secretaria Especial da Receita Federal do Brasil/Subsecretaria-Geral da Receita Federal do Brasil/Superintendência Regional da Receita Federal do Brasil 2ª Região Fiscal/Alfândega da Receita Federal do Brasil no Porto de Manaus,2023-02-09,http://pesquisa.in.gov.br/imprensa/jsp/visualiza/index.jsp?data=09/02/2023&jornal=515&pagina=20,Dispõe sobre o abandono de mercadorias apreendidas.
1199,Ordinária,Ministério da Educação/Universidade Federal Rural do Semi-Árido,2023-02-09,http://pesquisa.in.gov.br/imprensa/jsp/visualiza/index.jsp?data=09/02/2023&jornal=515&pagina=19,Dispõe sobre o Plano de Contratações Anual - PCA da Universidade Federal Rural do Semi-Árido - Ufersa.
1200,Ordinária,Ministério da Educação/Fundo Nacional de Desenvolvimento da Educação,2023-02-09,http://pesquisa.in.gov.br/imprensa/jsp/visualiza/index.jsp?data=09/02/2023&jornal=515&pagina=17,Estabelece os parâmetros utilizados para a distribuição dos recursos da Quota Estadual e Municipal do Salário-Educação e divulga a estimativa anual de repasse aos entes subnacionais no ano de 2023 e dá outras providências.
1201,Ordinária,Ministério da Fazenda/Secretaria Especial da Receita Federal do Brasil/Subsecretaria-Geral da Receita Federal do Brasil/Superintendência Regional da Receita Federal do Brasil 2ª Região Fiscal/Alfândega da Receita Federal do Brasil no Porto de Manaus,2023-02-09,http://pesquisa.in.gov.br/imprensa/jsp/visualiza/index.jsp?data=09/02/2023&jornal=515&pagina=20,Habilita a empresa mencionada ao procedimento simplificado de internação.
1202,Ordinária,"Ministério da Educação/Instituto Federal de Educação, Ciência e Tecnologia do Amazonas",2023-02-09,http://pesquisa.in.gov.br/imprensa/jsp/visualiza/index.jsp?data=09/02/2023&jornal=515&pagina=18,"Deflagração do processo de consulta para os Cargos de Reitor e para Diretores Gerais de campi do Instituto Federal de Educação, Ciência e Tecnologia do Amazonas - IFAM, para o quadriênio 2023/2027."
1203,Ordinária,"Ministério do Desenvolvimento e Assistência Social, Família e Combate à Fome/Secretaria Nacional de Renda de Cidadania",2023-02-09,http://pesquisa.in.gov.br/imprensa/jsp/visualiza/index.jsp?data=09/02/2023&jornal=515&pagina=16,"Altera a Instrução Normativa nº 23/SEDS/SENARC/MC, de 26 de dezembro de 2022, que estabelece os calendários do exercício de 2023 para o acompanhamento das condicionalidades de saúde e educação, aplicação de efeitos, os recursos administrativos e a interrupção temporária dos efeitos de descumprimento."
1204,Ordinária,Ministério do Desenvolvimento Agrário e Agricultura Familiar/Instituto Nacional de Colonização e Reforma Agrária,2023-02-09,http://pesquisa.in.gov.br/imprensa/jsp/visualiza/index.jsp?data=09/02/2023&jornal=515&pagina=16,
1205,Ordinária,Ministério da Educação/Gabinete do Ministro,2023-02-09,http://pesquisa.in.gov.br/imprensa/jsp/visualiza/index.jsp?data=09/02/2023&jornal=515&pagina=16,"Altera a Portaria nº 1.053, de 28 de dezembro de 2022, que estabeleceu as competências, o funcionamento e os procedimentos relativos às atividades da Ouvidoria do Ministério da Educação - MEC, e dá outras providências."
1206,Ordinária,Ministério do Desenvolvimento Agrário e Agricultura Familiar/Instituto Nacional de Colonização e Reforma Agrária,2023-02-09,http://pesquisa.in.gov.br/imprensa/jsp/visualiza/index.jsp?data=09/02/2023&jornal=515&pagina=15,
1207,Ordinária,Ministério de Minas e Energia/Agência Nacional de Mineração/Superintendência de Outorga de Títulos Minerários,2023-02-09,http://pesquisa.in.gov.br/imprensa/jsp/visualiza/index.jsp?data=09/02/2023&jornal=515&pagina=209,
1208,Ordinária,"Ministério do Desenvolvimento e Assistência Social, Família e Combate à Fome/Secretaria de Avaliação, Gestão da Informação e Cadastro Único",2023-02-09,http://pesquisa.in.gov.br/imprensa/jsp/visualiza/index.jsp?data=09/02/2023&jornal=515&pagina=16,"Suspende temporariamente os prazos do cronograma de repercussões do processo de Averiguação Cadastral Unipessoal, de que trata a Instrução Normativa Conjunta nº 06 /SECAD/SE/SEDS/SENARC/MC, de 20 de dezembro de 2022, e dá outras providências."
1209,Ordinária,Ministério da Fazenda/Secretaria Especial da Receita Federal do Brasil/Subsecretaria-Geral da Receita Federal do Brasil/Superintendência Regional da Receita Federal do Brasil 3ª Região Fiscal/Delegacia da Receita Federal do Brasil em São Luís,2023-02-09,http://pesquisa.in.gov.br/imprensa/jsp/visualiza/index.jsp?data=09/02/2023&jornal=515&pagina=21,"Concede habilitação ao Regime Especial de Incentivos para o Desenvolvimento da Infraestrutura (REIDI). Suspensão do PIS/PASEP e da COFINS, nos casos autorizados pelos diplomas legais e normativos a seguir citados."
1210,Ordinária,Ministério da Gestão e da Inovação em Serviços Públicos/Secretaria de Gestão e Inovação,2023-02-09,http://pesquisa.in.gov.br/imprensa/jsp/visualiza/index.jsp?data=09/02/2023&jornal=515&pagina=27,"Dispõe sobre a licitação pelo critério de julgamento por técnica e preço, na forma eletrônica, no âmbito da Administração Pública federal direta, autárquica e fundacional."
1211,Ordinária,Ministério do Desenvolvimento Agrário e Agricultura Familiar/Instituto Nacional de Colonização e Reforma Agrária,2023-02-09,http://pesquisa.in.gov.br/imprensa/jsp/visualiza/index.jsp?data=09/02/2023&jornal=515&pagina=16,
1212,Ordinária,"Ministério do Desenvolvimento e Assistência Social, Família e Combate à Fome/Gabinete do Ministro",2023-02-09,http://pesquisa.in.gov.br/imprensa/jsp/visualiza/index.jsp?data=09/02/2023&jornal=515&pagina=16,"Altera o limite estabelecido no caput do artigo 6º-B da Lei nº 10.820, de 17 de dezembro de 2003, para o desconto mensal no benefício pago às famílias beneficiárias do Programa Auxílio Brasil e de outros programas federais de transferência condicionada de renda, para o pagamento dos empréstimos consignados, o número de prestações e a taxa de juros dos empréstimos consignados, e dá outras providências."
1213,Ordinária,"Ministério da Ciência, Tecnologia e Inovação/Comissão Nacional de Energia Nuclear/Diretoria de Gestão Institucional/Coordenação-Geral de Tecnologia da Informação",2023-02-09,http://pesquisa.in.gov.br/imprensa/jsp/visualiza/index.jsp?data=09/02/2023&jornal=515&pagina=11,
1214,Ordinária,Ministério da Fazenda/Secretaria Especial da Receita Federal do Brasil/Subsecretaria-Geral da Receita Federal do Brasil/Superintendência Regional da Receita Federal do Brasil 3ª Região Fiscal/Delegacia da Receita Federal do Brasil em São Luís,2023-02-09,http://pesquisa.in.gov.br/imprensa/jsp/visualiza/index.jsp?data=09/02/2023&jornal=515&pagina=21,"Concede habilitação ao Regime Especial de Incentivos para o Desenvolvimento da Infraestrutura (REIDI). Suspensão do PIS/PASEP e da COFINS, nos casos autorizados pelos diplomas legais e normativos a seguir citados."
1215,Ordinária,Ministério da Educação/Universidade Federal de Santa Catarina/Pró-Reitoria de Desenvolvimento e Gestão de Pessoas/Departamento de Desenvolvimento de Pessoas,2023-02-09,http://pesquisa.in.gov.br/imprensa/jsp/visualiza/index.jsp?data=09/02/2023&jornal=515&pagina=19,
1216,Ordinária,Ministério da Fazenda/Secretaria Especial da Receita Federal do Brasil/Subsecretaria-Geral da Receita Federal do Brasil/Superintendência Regional da Receita Federal do Brasil 3ª Região Fiscal/Delegacia da Receita Federal do Brasil em São Luís,2023-02-09,http://pesquisa.in.gov.br/imprensa/jsp/visualiza/index.jsp?data=09/02/2023&jornal=515&pagina=21,"Concede habilitação ao Regime Especial de Incentivos para o Desenvolvimento da Infraestrutura (REIDI). Suspensão do PIS/PASEP e da COFINS, nos casos autorizados pelos diplomas legais e normativos a seguir citados. | Concede habilitação ao Regime Especial de Incentivos para o Desenvolvimento da Infraestrutura (REIDI). Suspensão do PIS/PASEP e da COFINS, nos casos autorizados pelos diplomas legais e normativos a seguir citados."
1217,Ordinária,Ministério da Fazenda/Secretaria Especial da Receita Federal do Brasil/Subsecretaria-Geral da Receita Federal do Brasil/Superintendência Regional da Receita Federal do Brasil 1ª Região Fiscal/Delegacia da Receita Federal do Brasil em Cuiabá,2023-02-09,http://pesquisa.in.gov.br/imprensa/jsp/visualiza/index.jsp?data=09/02/2023&jornal=515&pagina=20,Cancela adesão ao Programa Empresa Cidadã.
1218,Ordinária,Ministério da Educação/Universidade Federal de Santa Catarina/Pró-Reitoria de Desenvolvimento e Gestão de Pessoas/Departamento de Desenvolvimento de Pessoas,2023-02-09,http://pesquisa.in.gov.br/imprensa/jsp/visualiza/index.jsp?data=09/02/2023&jornal=515&pagina=20,
1219,Ordinária,Ministério da Fazenda/Secretaria Especial da Receita Federal do Brasil/Subsecretaria-Geral da Receita Federal do Brasil/Superintendência Regional da Receita Federal do Brasil 2ª Região Fiscal/Alfândega da Receita Federal do Brasil no Porto de Manaus,2023-02-09,http://pesquisa.in.gov.br/imprensa/jsp/visualiza/index.jsp?data=09/02/2023&jornal=515&pagina=20,Dispõe sobre o Registro de Despachantes Aduaneiros e de Ajudantes de Despachante Aduaneiro.
1220,Ordinária,Ministério da Defesa/Comando da Aeronáutica/Departamento de Ciência e Tecnologia Aeroespacial/Instituto Tecnológico de Aeronáutica,2023-02-09,http://pesquisa.in.gov.br/imprensa/jsp/visualiza/index.jsp?data=09/02/2023&jornal=515&pagina=14,
1221,Ordinária,Ministério da Agricultura e Pecuária/Secretaria de Política Agrícola,2023-02-09,http://pesquisa.in.gov.br/imprensa/jsp/visualiza/index.jsp?data=09/02/2023&jornal=515&pagina=10,"Altera o Anexo da Resolução nº 93, de 13 de maio de 2022, do Comitê Gestor Interministerial do Seguro Rural (CGSR)."
1222,Ordinária,Ministério da Fazenda/Comissão de Valores Mobiliários/Gerência Executiva,2023-02-09,http://pesquisa.in.gov.br/imprensa/jsp/visualiza/index.jsp?data=09/02/2023&jornal=515&pagina=27,
1223,Ordinária,Ministério da Fazenda/Secretaria Especial da Receita Federal do Brasil/Subsecretaria-Geral da Receita Federal do Brasil/Superintendência Regional da Receita Federal do Brasil 3ª Região Fiscal/Delegacia da Receita Federal do Brasil em São Luís,2023-02-09,http://pesquisa.in.gov.br/imprensa/jsp/visualiza/index.jsp?data=09/02/2023&jornal=515&pagina=21,"Concede habilitação ao Regime Especial de Incentivos para o Desenvolvimento da Infraestrutura (REIDI). Suspensão do PIS/PASEP e da COFINS, nos casos autorizados pelos diplomas legais e normativos a seguir citados."
1224,Ordinária,Ministério da Agricultura e Pecuária/Secretaria de Defesa Agropecuária,2023-02-09,http://pesquisa.in.gov.br/imprensa/jsp/visualiza/index.jsp?data=09/02/2023&jornal=515&pagina=5,Aprova o Regulamento Técnico de Identidade e Qualidade do bacon.
1225,Ordinária,Ministério da Defesa/Comando da Marinha/Diretoria-Geral de Navegação/Diretoria de Portos e Costas,2023-02-09,http://pesquisa.in.gov.br/imprensa/jsp/visualiza/index.jsp?data=09/02/2023&jornal=515&pagina=14,"Reconhece, em caráter provisório, a empresa SALVAGE CERTIFICAÇÃO, PROJETOS E SERVIÇOS OFFSHORE LTDA como entidade especializada na realização de vistorias, emissão de Certificados e outros em nome da AUTORIDADE MARÍTIMA BRASILEIRA."
1226,Ordinária,Ministério da Agricultura e Pecuária/Secretaria Executiva/Superintendência de Agricultura e Pecuária do Estado do Rio Grande do Sul,2023-02-09,http://pesquisa.in.gov.br/imprensa/jsp/visualiza/index.jsp?data=09/02/2023&jornal=515&pagina=5,
1227,Ordinária,Ministério da Fazenda/Secretaria Especial da Receita Federal do Brasil/Subsecretaria-Geral da Receita Federal do Brasil/Superintendência Regional da Receita Federal do Brasil 6ª Região Fiscal/Delegacia da Receita Federal do Brasil em Belo Horizonte,2023-02-09,http://pesquisa.in.gov.br/imprensa/jsp/visualiza/index.jsp?data=09/02/2023&jornal=515&pagina=23,Declara a inscrição de Pessoa Jurídica no Registro Especial para produtor de bebidas alcoólicas. | Declara a inscrição de Pessoa Jurídica no Registro Especial para engarrafador de bebidas alcoólicas.
1228,Ordinária,Ministério da Fazenda/Secretaria Especial da Receita Federal do Brasil/Subsecretaria-Geral da Receita Federal do Brasil/Superintendência Regional da Receita Federal do Brasil 6ª Região Fiscal/Delegacia da Receita Federal do Brasil em Montes Claros,2023-02-09,http://pesquisa.in.gov.br/imprensa/jsp/visualiza/index.jsp?data=09/02/2023&jornal=515&pagina=24,"Declara, a pessoa jurídica que menciona, Habilitada para operar no Regime Especial de Incentivos para o Desenvolvimento da Infraestrutura - REIDI, de que trata a Instrução Normativa RFB nº 2.121/22."
1229,Ordinária,Ministério da Fazenda/Secretaria Especial da Receita Federal do Brasil/Subsecretaria-Geral da Receita Federal do Brasil/Superintendência Regional da Receita Federal do Brasil 6ª Região Fiscal/Delegacia da Receita Federal do Brasil em Montes Claros,2023-02-09,http://pesquisa.in.gov.br/imprensa/jsp/visualiza/index.jsp?data=09/02/2023&jornal=515&pagina=24,"Declara, a pessoa jurídica que menciona, Habilitada para operar no Regime Especial de Incentivos para o Desenvolvimento da Infraestrutura - REIDI, de que trata a Instrução Normativa RFB nº 2.121/22."
1230,Ordinária,Ministério da Fazenda/Comissão de Valores Mobiliários/Superintendência-Geral/Superintendência de Supervisão de Investidores Institucionais/Gerência de Acompanhamento de Investidores Institucionais,2023-02-09,http://pesquisa.in.gov.br/imprensa/jsp/visualiza/index.jsp?data=09/02/2023&jornal=515&pagina=27,
1231,Ordinária,Ministério da Fazenda/Secretaria Especial da Receita Federal do Brasil/Subsecretaria-Geral da Receita Federal do Brasil/Superintendência Regional da Receita Federal do Brasil 6ª Região Fiscal/Delegacia da Receita Federal do Brasil em Montes Claros,2023-02-09,http://pesquisa.in.gov.br/imprensa/jsp/visualiza/index.jsp?data=09/02/2023&jornal=515&pagina=25,"Declara, a pessoa jurídica que menciona, Habilitada para operar no Regime Especial de Incentivos para o Desenvolvimento da Infraestrutura - REIDI, de que trata a Instrução Normativa RFB nº 2.121/22."
1232,Ordinária,Ministério da Agricultura e Pecuária/Secretaria Executiva/Superintendência de Agricultura e Pecuária do Estado de Goiás,2023-02-09,http://pesquisa.in.gov.br/imprensa/jsp/visualiza/index.jsp?data=09/02/2023&jornal=515&pagina=4,
1233,Ordinária,Ministério da Fazenda/Secretaria Especial da Receita Federal do Brasil/Subsecretaria-Geral da Receita Federal do Brasil/Superintendência Regional da Receita Federal do Brasil 7ª Região Fiscal,2023-02-09,http://pesquisa.in.gov.br/imprensa/jsp/visualiza/index.jsp?data=09/02/2023&jornal=515&pagina=26,"Concede, à pessoa jurídica que menciona, habilitação para operar no Regime Especial de Incentivos para o Desenvolvimento da Infraestrutura (REIDI) de que trata a Instrução Normativa RFB nº 2.121/2022."
1234,Ordinária,Ministério da Fazenda/Secretaria Especial da Receita Federal do Brasil/Subsecretaria-Geral da Receita Federal do Brasil/Superintendência Regional da Receita Federal do Brasil 7ª Região Fiscal,2023-02-09,http://pesquisa.in.gov.br/imprensa/jsp/visualiza/index.jsp?data=09/02/2023&jornal=515&pagina=26,"Concede, à pessoa jurídica que menciona, habilitação para operar no Regime Especial de Incentivos para o Desenvolvimento da Infraestrutura (REIDI) de que trata a Instrução Normativa RFB nº 2.121/2022."
1235,Ordinária,"Ministério da Fazenda/Secretaria Especial da Receita Federal do Brasil/Subsecretaria-Geral da Receita Federal do Brasil/Superintendência Regional da Receita Federal do Brasil 9ª Região Fiscal/Alfândega da Receita Federal do Brasil em Curitiba/Seção de Controle de Intervenientes, Carga e Trânsito Aduaneiro",2023-02-09,http://pesquisa.in.gov.br/imprensa/jsp/visualiza/index.jsp?data=09/02/2023&jornal=515&pagina=26,Cancelamento de Registro de Despachante Aduaneiro
1236,Ordinária,Ministério da Cultura/Instituto do Patrimônio Histórico e Artístico Nacional,2023-02-09,http://pesquisa.in.gov.br/imprensa/jsp/visualiza/index.jsp?data=09/02/2023&jornal=515&pagina=14,"Efetivar a permuta entre Função Comissionada Executiva - FCE e Cargo Comissionado Executivo - CCE, de mesmo nível e categoria, da Estrutura Regimental e Quadro Demonstrativo dos Cargos em Comissão e das Funções de Confiança do Instituto do Patrimônio Histórico e Artístico Nacional, aprovada pelo Decreto nº 11.178, de 18 de agosto de 2022."
1237,Ordinária,Ministério da Agricultura e Pecuária/Secretaria Executiva/Superintendência de Agricultura e Pecuária do Estado de São Paulo/Divisão de Defesa Agropecuária/Serviço de Fiscalização de Insumos e Sanidade Vegetal,2023-02-09,http://pesquisa.in.gov.br/imprensa/jsp/visualiza/index.jsp?data=09/02/2023&jornal=515&pagina=4,
1238,Ordinária,Ministério da Agricultura e Pecuária/Secretaria Executiva/Superintendência de Agricultura e Pecuária do Estado do Mato Grosso,2023-02-09,http://pesquisa.in.gov.br/imprensa/jsp/visualiza/index.jsp?data=09/02/2023&jornal=515&pagina=4,
1239,Ordinária,Ministério da Agricultura e Pecuária/Secretaria Executiva/Superintendência de Agricultura e Pecuária do Estado do Rio Grande do Sul,2023-02-09,http://pesquisa.in.gov.br/imprensa/jsp/visualiza/index.jsp?data=09/02/2023&jornal=515&pagina=5,
1240,Ordinária,Ministério da Agricultura e Pecuária/Secretaria Executiva/Superintendência de Agricultura e Pecuária do Estado do Rio Grande do Sul,2023-02-09,http://pesquisa.in.gov.br/imprensa/jsp/visualiza/index.jsp?data=09/02/2023&jornal=515&pagina=4,
1241,Ordinária,Ministério da Justiça e Segurança Pública/Secretaria Nacional de Justiça/Departamento de Migrações/Coordenação-Geral de Política Migratória/Coordenação de Processos Migratórios/Divisão de Naturalização,2023-02-09,http://pesquisa.in.gov.br/imprensa/jsp/visualiza/index.jsp?data=09/02/2023&jornal=515&pagina=46,
1242,Ordinária,Ministério da Justiça e Segurança Pública/Secretaria Nacional de Justiça/Departamento de Migrações/Coordenação-Geral de Imigração Laboral,2023-02-09,http://pesquisa.in.gov.br/imprensa/jsp/visualiza/index.jsp?data=09/02/2023&jornal=515&pagina=37,
1243,Ordinária,Ministério da Justiça e Segurança Pública/Secretaria Nacional de Justiça/Departamento de Migrações/Coordenação-Geral de Política Migratória/Coordenação de Processos Migratórios,2023-02-09,http://pesquisa.in.gov.br/imprensa/jsp/visualiza/index.jsp?data=09/02/2023&jornal=515&pagina=42,
1244,Ordinária,Ministério da Justiça e Segurança Pública/Secretaria Nacional de Justiça/Departamento de Migrações/Coordenação-Geral de Imigração Laboral,2023-02-09,http://pesquisa.in.gov.br/imprensa/jsp/visualiza/index.jsp?data=09/02/2023&jornal=515&pagina=41,
1245,Ordinária,Ministério da Agricultura e Pecuária/Secretaria Executiva/Superintendência de Agricultura e Pecuária do Estado do Pernambuco,2023-02-09,http://pesquisa.in.gov.br/imprensa/jsp/visualiza/index.jsp?data=09/02/2023&jornal=515&pagina=4,
1246,Ordinária,Ministério da Agricultura e Pecuária/Secretaria Executiva/Superintendência de Agricultura e Pecuária do Estado do Rio Grande do Sul,2023-02-09,http://pesquisa.in.gov.br/imprensa/jsp/visualiza/index.jsp?data=09/02/2023&jornal=515&pagina=4,
1247,Ordinária,Ministério da Agricultura e Pecuária/Secretaria Executiva/Superintendência de Agricultura e Pecuária do Estado do Rio Grande do Sul,2023-02-09,http://pesquisa.in.gov.br/imprensa/jsp/visualiza/index.jsp?data=09/02/2023&jornal=515&pagina=4,
1248,Ordinária,Ministério do Desenvolvimento Agrário e Agricultura Familiar/Instituto Nacional de Colonização e Reforma Agrária,2023-02-09,http://pesquisa.in.gov.br/imprensa/jsp/visualiza/index.jsp?data=09/02/2023&jornal=515&pagina=15,
1249,Ordinária,Ministério da Agricultura e Pecuária/Secretaria Executiva/Superintendência de Agricultura e Pecuária do Estado do Rio Grande do Sul,2023-02-09,http://pesquisa.in.gov.br/imprensa/jsp/visualiza/index.jsp?data=09/02/2023&jornal=515&pagina=4,
1250,Ordinária,Ministério do Desenvolvimento Agrário e Agricultura Familiar/Instituto Nacional de Colonização e Reforma Agrária,2023-02-09,http://pesquisa.in.gov.br/imprensa/jsp/visualiza/index.jsp?data=09/02/2023&jornal=515&pagina=15,
1251,Ordinária,Ministério de Minas e Energia/Agência Nacional de Energia Elétrica,2023-02-09,http://pesquisa.in.gov.br/imprensa/jsp/visualiza/index.jsp?data=09/02/2023&jornal=515&pagina=48,
1252,Ordinária,Ministério do Meio Ambiente e Mudança do Clima/Instituto Chico Mendes de Conservação da Biodiversidade,2023-02-09,http://pesquisa.in.gov.br/imprensa/jsp/visualiza/index.jsp?data=09/02/2023&jornal=515&pagina=47,Criação da Reserva Particular do Patrimônio Natural -RPPN Ipuçaba. Processo Administrativo ICMBio/MMA nº 02070.008146/2022-19.
1253,Ordinária,Ministério do Meio Ambiente e Mudança do Clima/Agência Nacional de Águas e Saneamento Básico/Superintendência de Regulação de Usos de Recursos Hídricos,2023-02-09,http://pesquisa.in.gov.br/imprensa/jsp/visualiza/index.jsp?data=09/02/2023&jornal=515&pagina=48,
1254,Ordinária,Ministério de Minas e Energia/Agência Nacional de Energia Elétrica,2023-02-09,http://pesquisa.in.gov.br/imprensa/jsp/visualiza/index.jsp?data=09/02/2023&jornal=515&pagina=48,
1255,Ordinária,Ministério de Minas e Energia/Agência Nacional de Energia Elétrica,2023-02-09,http://pesquisa.in.gov.br/imprensa/jsp/visualiza/index.jsp?data=09/02/2023&jornal=515&pagina=48,
1256,Ordinária,Ministério de Minas e Energia/Agência Nacional de Energia Elétrica,2023-02-09,http://pesquisa.in.gov.br/imprensa/jsp/visualiza/index.jsp?data=09/02/2023&jornal=515&pagina=49,
1257,Ordinária,Ministério de Minas e Energia/Agência Nacional de Energia Elétrica,2023-02-09,http://pesquisa.in.gov.br/imprensa/jsp/visualiza/index.jsp?data=09/02/2023&jornal=515&pagina=49,
1258,Ordinária,Ministério de Minas e Energia/Agência Nacional de Energia Elétrica,2023-02-09,http://pesquisa.in.gov.br/imprensa/jsp/visualiza/index.jsp?data=09/02/2023&jornal=515&pagina=49,
1259,Ordinária,Ministério de Minas e Energia/Agência Nacional de Energia Elétrica,2023-02-09,http://pesquisa.in.gov.br/imprensa/jsp/visualiza/index.jsp?data=09/02/2023&jornal=515&pagina=49,
1260,Ordinária,Ministério de Minas e Energia/Agência Nacional de Energia Elétrica,2023-02-09,http://pesquisa.in.gov.br/imprensa/jsp/visualiza/index.jsp?data=09/02/2023&jornal=515&pagina=49,Aprova as Regras de Comercialização de Energia Elétrica aplicáveis ao Sistema de Contabilização e Liquidação - SCL e os Procedimentos de Comercialização.
1261,Ordinária,Ministério de Portos e Aeroportos/Agência Nacional de Transportes Aquaviários/Superintendência de Fiscalização e Coordenação das Unidades Regionais/Gerência Regional de Belém,2023-02-09,http://pesquisa.in.gov.br/imprensa/jsp/visualiza/index.jsp?data=09/02/2023&jornal=515&pagina=215,
1262,Ordinária,Ministério de Portos e Aeroportos/Agência Nacional de Transportes Aquaviários/Superintendência de Outorgas,2023-02-09,http://pesquisa.in.gov.br/imprensa/jsp/visualiza/index.jsp?data=09/02/2023&jornal=515&pagina=215,
1263,Ordinária,Ministério de Minas e Energia/Agência Nacional de Mineração/Superintendência de Outorga de Títulos Minerários,2023-02-09,http://pesquisa.in.gov.br/imprensa/jsp/visualiza/index.jsp?data=09/02/2023&jornal=515&pagina=209,
1264,Ordinária,Ministério de Minas e Energia/Agência Nacional de Energia Elétrica,2023-02-09,http://pesquisa.in.gov.br/imprensa/jsp/visualiza/index.jsp?data=09/02/2023&jornal=515&pagina=207,
1265,Ordinária,Ministério de Minas e Energia/Agência Nacional de Energia Elétrica,2023-02-09,http://pesquisa.in.gov.br/imprensa/jsp/visualiza/index.jsp?data=09/02/2023&jornal=515&pagina=207,
1266,Ordinária,Ministério de Minas e Energia/Agência Nacional de Energia Elétrica/Superintendência de Regulação Econômica e Estudos do Mercado,2023-02-09,http://pesquisa.in.gov.br/imprensa/jsp/visualiza/index.jsp?data=09/02/2023&jornal=515&pagina=208,
1267,Ordinária,Ministério de Minas e Energia/Agência Nacional de Energia Elétrica,2023-02-09,http://pesquisa.in.gov.br/imprensa/jsp/visualiza/index.jsp?data=09/02/2023&jornal=515&pagina=207,
1268,Ordinária,Ministério da Fazenda/Caixa Econômica Federal/Vice-Presidência Agente Operador,2023-02-09,http://pesquisa.in.gov.br/imprensa/jsp/visualiza/index.jsp?data=09/02/2023&jornal=515&pagina=26,Publica a versão 10 do Manual de Produtos - Loterias CAIXA como instrumento que consolida a regulação das Loterias Federais.
1269,Ordinária,Ministério da Previdência Social/Câmara de Recursos da Previdência Complementar,2023-02-09,http://pesquisa.in.gov.br/imprensa/jsp/visualiza/index.jsp?data=09/02/2023&jornal=515&pagina=216,
1270,Ordinária,Ministério da Fazenda/Secretaria Especial da Receita Federal do Brasil/Subsecretaria de Tributação e Contencioso/Coordenação-Geral de Tributação,2023-02-09,http://pesquisa.in.gov.br/imprensa/jsp/visualiza/index.jsp?data=09/02/2023&jornal=515&pagina=20,
1271,Ordinária,Ministério de Portos e Aeroportos/Empresa Brasileira de Infraestrutura Aeroportuária,2023-02-09,http://pesquisa.in.gov.br/imprensa/jsp/visualiza/index.jsp?data=09/02/2023&jornal=515&pagina=215,
1272,Ordinária,Ministério da Justiça e Segurança Pública/Secretaria Nacional de Justiça/Departamento de Migrações/Coordenação-Geral de Política Migratória/Coordenação de Processos Migratórios,2023-02-09,http://pesquisa.in.gov.br/imprensa/jsp/visualiza/index.jsp?data=09/02/2023&jornal=515&pagina=41,
1273,Ordinária,Ministério das Comunicações/Agência Nacional de Telecomunicações/Conselho Diretor,2023-02-09,http://pesquisa.in.gov.br/imprensa/jsp/visualiza/index.jsp?data=09/02/2023&jornal=515&pagina=12,
1274,Ordinária,Ministério da Justiça e Segurança Pública/Secretaria Nacional de Justiça/Departamento de Migrações/Coordenação-Geral de Política Migratória/Coordenação de Processos Migratórios,2023-02-09,http://pesquisa.in.gov.br/imprensa/jsp/visualiza/index.jsp?data=09/02/2023&jornal=515&pagina=43,
1275,Ordinária,Ministério das Comunicações/Agência Nacional de Telecomunicações/Conselho Diretor,2023-02-09,http://pesquisa.in.gov.br/imprensa/jsp/visualiza/index.jsp?data=09/02/2023&jornal=515&pagina=12,
1276,Ordinária,Ministério das Comunicações/Agência Nacional de Telecomunicações/Conselho Diretor,2023-02-09,http://pesquisa.in.gov.br/imprensa/jsp/visualiza/index.jsp?data=09/02/2023&jornal=515&pagina=12,
1277,Ordinária,"Ministério de Minas e Energia/Agência Nacional de Energia Elétrica/Superintendência de Concessões, Permissões e Autorizações de Transmissão e Distribuição",2023-02-09,http://pesquisa.in.gov.br/imprensa/jsp/visualiza/index.jsp?data=09/02/2023&jornal=515&pagina=208,
1278,Ordinária,Ministério das Comunicações/Agência Nacional de Telecomunicações/Conselho Diretor,2023-02-09,http://pesquisa.in.gov.br/imprensa/jsp/visualiza/index.jsp?data=09/02/2023&jornal=515&pagina=12,
1279,Ordinária,Ministério da Agricultura e Pecuária/Secretaria de Defesa Agropecuária/Departamento de Sanidade Vegetal e Insumos Agrícolas/Coordenação-Geral de Agrotóxicos e Afins,2023-02-09,http://pesquisa.in.gov.br/imprensa/jsp/visualiza/index.jsp?data=09/02/2023&jornal=515&pagina=5,
1280,Ordinária,Ministério das Comunicações/Agência Nacional de Telecomunicações/Conselho Diretor,2023-02-09,http://pesquisa.in.gov.br/imprensa/jsp/visualiza/index.jsp?data=09/02/2023&jornal=515&pagina=11,
1281,Ordinária,Ministério da Justiça e Segurança Pública/Conselho Administrativo de Defesa Econômica/Superintendência-Geral,2023-02-09,http://pesquisa.in.gov.br/imprensa/jsp/visualiza/index.jsp?data=09/02/2023&jornal=515&pagina=46,
1282,Ordinária,Ministério das Comunicações/Agência Nacional de Telecomunicações/Conselho Diretor,2023-02-09,http://pesquisa.in.gov.br/imprensa/jsp/visualiza/index.jsp?data=09/02/2023&jornal=515&pagina=12,
1283,Ordinária,Ministério da Justiça e Segurança Pública/Conselho Administrativo de Defesa Econômica/Superintendência-Geral,2023-02-09,http://pesquisa.in.gov.br/imprensa/jsp/visualiza/index.jsp?data=09/02/2023&jornal=515&pagina=46,
1284,Ordinária,Ministério da Saúde/Agência Nacional de Saúde Suplementar,2023-02-09,http://pesquisa.in.gov.br/imprensa/jsp/visualiza/index.jsp?data=09/02/2023&jornal=515&pagina=217,Dispõe sobre a retificação do termo legal da liquidação extrajudicial da CENTRO OESTE ADMINISTRADORA DE BENEFÍCIOS EIRELI. - EM LIQUIDAÇÃO EXTRAJUDICIAL.
1285,Ordinária,Ministério da Saúde/Agência Nacional de Saúde Suplementar,2023-02-09,http://pesquisa.in.gov.br/imprensa/jsp/visualiza/index.jsp?data=09/02/2023&jornal=515&pagina=217,Dispõe sobre encerramento do regime de direção fiscal da operadora ASSOCIAÇÃO BENEFICENTE CATÓLICA.
1286,Ordinária,Ministério da Saúde/Agência Nacional de Saúde Suplementar,2023-02-09,http://pesquisa.in.gov.br/imprensa/jsp/visualiza/index.jsp?data=09/02/2023&jornal=515&pagina=217,Dispõe sobre encerramento do regime de direção fiscal da operadora UNIÃO DE CLÍNICAS RIO GRANDE LTDA.
1287,Ordinária,Ministério da Saúde/Agência Nacional de Saúde Suplementar,2023-02-09,http://pesquisa.in.gov.br/imprensa/jsp/visualiza/index.jsp?data=09/02/2023&jornal=515&pagina=217,Dispõe sobre a concessão da portabilidade especial de carências aos beneficiários da operadora SAÚDE CASSEB ASSISTÊNCIA MÉDICA LTDA.
1288,Ordinária,Ministério da Saúde/Agência Nacional de Saúde Suplementar,2023-02-09,http://pesquisa.in.gov.br/imprensa/jsp/visualiza/index.jsp?data=09/02/2023&jornal=515&pagina=217,Dispõe sobre a instauração do regime de direção fiscal na operadora UNIMED PETRÓPOLIS - RJ COOPERATIVA DE TRABALHO MÉDICO.
1289,Ordinária,Ministério da Saúde/Agência Nacional de Saúde Suplementar,2023-02-09,http://pesquisa.in.gov.br/imprensa/jsp/visualiza/index.jsp?data=09/02/2023&jornal=515&pagina=217,Dispõe sobre a decretação de liquidação extrajudicial da SAÚDE CASSEB ASSISTÊNCIA MÉDICA LTDA.
1290,Ordinária,Ministério da Justiça e Segurança Pública/Polícia Rodoviária Federal/Superintendência Regional em São Paulo,2023-02-09,http://pesquisa.in.gov.br/imprensa/jsp/visualiza/index.jsp?data=09/02/2023&jornal=515&pagina=35,
1291,Ordinária,Ministério das Comunicações/Agência Nacional de Telecomunicações/Superintendência de Fiscalização/Gerência Regional no Estado do Rio Grande do Sul,2023-02-09,http://pesquisa.in.gov.br/imprensa/jsp/visualiza/index.jsp?data=09/02/2023&jornal=515&pagina=13,
1292,Ordinária,"Ministério das Comunicações/Agência Nacional de Telecomunicações/Superintendência de Fiscalização/Gerência Regional nos Estados de Goiás, Mato Grosso, Mato Grosso do Sul e Tocantins/Unidade Operacional no Estado de Mato Grosso do Sul",2023-02-09,http://pesquisa.in.gov.br/imprensa/jsp/visualiza/index.jsp?data=09/02/2023&jornal=515&pagina=13,
1293,Ordinária,Ministério de Minas e Energia/Agência Nacional de Mineração/Superintendência de Outorga de Títulos Minerários,2023-02-09,http://pesquisa.in.gov.br/imprensa/jsp/visualiza/index.jsp?data=09/02/2023&jornal=515&pagina=210,
1294,Ordinária,Ministério da Saúde/Agência Nacional de Saúde Suplementar,2023-02-09,http://pesquisa.in.gov.br/imprensa/jsp/visualiza/index.jsp?data=09/02/2023&jornal=515&pagina=218,Dispõe sobre a determinação da alienação da carteira do UNIODONTO DE NOVA IGUAÇU COOPERATIVA ODONTOLÓGICA.
1295,Ordinária,Ministério de Minas e Energia/Agência Nacional de Mineração/Superintendência de Outorga de Títulos Minerários,2023-02-09,http://pesquisa.in.gov.br/imprensa/jsp/visualiza/index.jsp?data=09/02/2023&jornal=515&pagina=210,
1296,Ordinária,Ministério de Minas e Energia/Agência Nacional de Mineração/Superintendência de Outorga de Títulos Minerários,2023-02-09,http://pesquisa.in.gov.br/imprensa/jsp/visualiza/index.jsp?data=09/02/2023&jornal=515&pagina=210,
1297,Ordinária,"Ministério de Minas e Energia/Agência Nacional de Energia Elétrica/Superintendência de Concessões, Permissões e Autorizações de Transmissão e Distribuição",2023-02-09,http://pesquisa.in.gov.br/imprensa/jsp/visualiza/index.jsp?data=09/02/2023&jornal=515&pagina=208,
1298,Ordinária,"Ministério de Minas e Energia/Agência Nacional de Energia Elétrica/Superintendência de Concessões, Permissões e Autorizações de Transmissão e Distribuição",2023-02-09,http://pesquisa.in.gov.br/imprensa/jsp/visualiza/index.jsp?data=09/02/2023&jornal=515&pagina=208,
1299,Ordinária,Ministério de Minas e Energia/Agência Nacional de Mineração/Superintendência de Ordenamento Mineral e Disponibilidade de Áreas,2023-02-09,http://pesquisa.in.gov.br/imprensa/jsp/visualiza/index.jsp?data=09/02/2023&jornal=515&pagina=209,
1300,Ordinária,Ministério da Saúde/Agência Nacional de Saúde Suplementar,2023-02-09,http://pesquisa.in.gov.br/imprensa/jsp/visualiza/index.jsp?data=09/02/2023&jornal=515&pagina=218,Dispõe sobre a concessão da portabilidade especial de carências aos beneficiários da operadora VIVA PLANOS DE SAÚDE LTDA.
1301,Ordinária,Ministério do Desenvolvimento Agrário e Agricultura Familiar/Instituto Nacional de Colonização e Reforma Agrária,2023-02-09,http://pesquisa.in.gov.br/imprensa/jsp/visualiza/index.jsp?data=09/02/2023&jornal=515&pagina=15,
1302,Ordinária,Ministério de Minas e Energia/Agência Nacional de Mineração/Gerência Regional da ANM no Estado de São Paulo,2023-02-09,http://pesquisa.in.gov.br/imprensa/jsp/visualiza/index.jsp?data=09/02/2023&jornal=515&pagina=209,
1303,Ordinária,Ministério de Minas e Energia/Agência Nacional de Mineração/Superintendência de Ordenamento Mineral e Disponibilidade de Áreas,2023-02-09,http://pesquisa.in.gov.br/imprensa/jsp/visualiza/index.jsp?data=09/02/2023&jornal=515&pagina=209,
1304,Ordinária,Ministério da Justiça e Segurança Pública/Secretaria Nacional de Justiça/Departamento de Migrações/Coordenação-Geral de Política Migratória/Coordenação de Processos Migratórios,2023-02-09,http://pesquisa.in.gov.br/imprensa/jsp/visualiza/index.jsp?data=09/02/2023&jornal=515&pagina=43,
1305,Ordinária,Ministério de Minas e Energia/Agência Nacional de Mineração/Gerência Regional da ANM no Estado do Espírito Santo,2023-02-09,http://pesquisa.in.gov.br/imprensa/jsp/visualiza/index.jsp?data=09/02/2023&jornal=515&pagina=209,
1306,Ordinária,Ministério de Minas e Energia/Agência Nacional de Mineração/Gerência Regional da ANM no Estado de São Paulo,2023-02-09,http://pesquisa.in.gov.br/imprensa/jsp/visualiza/index.jsp?data=09/02/2023&jornal=515&pagina=209,
1307,Ordinária,Ministério de Minas e Energia/Agência Nacional de Mineração/Gerência Regional da ANM no Estado do Pará,2023-02-09,http://pesquisa.in.gov.br/imprensa/jsp/visualiza/index.jsp?data=09/02/2023&jornal=515&pagina=209,
1308,Ordinária,Ministério dos Transportes/Agência Nacional de Transportes Terrestres/Superintendência de Infraestrutura Rodoviária,2023-02-09,http://pesquisa.in.gov.br/imprensa/jsp/visualiza/index.jsp?data=09/02/2023&jornal=515&pagina=234,"Promove nova prorrogação do prazo para conclusão dos trabalhos definidos pela Portaria SUROD nº 077, de 24 de fevereiro de 2022, que criou o grupo de trabalho para elaboração e proposição de manual de procedimentos para encerramento dos contratos de concessão de infraestrutura rodoviária sob competência da Agência Nacional dos Transportes Terrestres (ANTT), que teve o prazo inicialmente prorrogado nos termos da Portaria SUROD nº 131, de 07 de agosto de 2022."
1309,Ordinária,Ministério de Minas e Energia/Agência Nacional de Mineração/Gerência Regional da ANM no Estado de São Paulo,2023-02-09,http://pesquisa.in.gov.br/imprensa/jsp/visualiza/index.jsp?data=09/02/2023&jornal=515&pagina=209,
1310,Ordinária,Ministério de Minas e Energia/Agência Nacional de Mineração/Gerência Regional da ANM no Estado de São Paulo,2023-02-09,http://pesquisa.in.gov.br/imprensa/jsp/visualiza/index.jsp?data=09/02/2023&jornal=515&pagina=208,
1311,Ordinária,"Ministério de Minas e Energia/Agência Nacional de Mineração/Superintendência de Segurança de Barragens de Mineração/Coordenação de Gerenciamento de Riscos Geotécnicos em Barragens de Mineração,",2023-02-09,http://pesquisa.in.gov.br/imprensa/jsp/visualiza/index.jsp?data=09/02/2023&jornal=515&pagina=210,
1312,Ordinária,Ministério de Minas e Energia/Agência Nacional de Mineração/Gerência Regional da ANM no Estado de Alagoas,2023-02-09,http://pesquisa.in.gov.br/imprensa/jsp/visualiza/index.jsp?data=09/02/2023&jornal=515&pagina=208,
1313,Ordinária,Ministério do Meio Ambiente e Mudança do Clima/Instituto Chico Mendes de Conservação da Biodiversidade/Gerência Regional Norte,2023-02-09,http://pesquisa.in.gov.br/imprensa/jsp/visualiza/index.jsp?data=09/02/2023&jornal=515&pagina=47,"Modifica a composição do Conselho Consultivo da Floresta Nacional do Jatuarana, no estado do Amazonas."
1314,Ordinária,Ministério de Minas e Energia/Agência Nacional de Mineração/Gerência Regional da ANM no Estado de Minas Gerais,2023-02-09,http://pesquisa.in.gov.br/imprensa/jsp/visualiza/index.jsp?data=09/02/2023&jornal=515&pagina=208,
1315,Ordinária,Ministério de Minas e Energia/Agência Nacional de Mineração/Gerência Regional da ANM no Estado de Minas Gerais,2023-02-09,http://pesquisa.in.gov.br/imprensa/jsp/visualiza/index.jsp?data=09/02/2023&jornal=515&pagina=208,
1316,Ordinária,Ministério das Comunicações/Agência Nacional de Telecomunicações/Superintendência de Outorga e Recursos à Prestação/Gerência de Outorga e Licenciamento de Estações,2023-02-09,http://pesquisa.in.gov.br/imprensa/jsp/visualiza/index.jsp?data=09/02/2023&jornal=515&pagina=13,
1317,Ordinária,"Ministério das Comunicações/Agência Nacional de Telecomunicações/Superintendência de Fiscalização/Gerência Regional nos Estados de Pernambuco, Paraíba e Alagoas",2023-02-09,http://pesquisa.in.gov.br/imprensa/jsp/visualiza/index.jsp?data=09/02/2023&jornal=515&pagina=13,
1318,Ordinária,Ministério das Comunicações/Agência Nacional de Telecomunicações/Superintendência de Outorga e Recursos à Prestação/Gerência de Certificação e Numeração,2023-02-09,http://pesquisa.in.gov.br/imprensa/jsp/visualiza/index.jsp?data=09/02/2023&jornal=515&pagina=13,
1319,Ordinária,Ministério das Comunicações/Agência Nacional de Telecomunicações/Superintendência de Outorga e Recursos à Prestação/Gerência de Outorga e Licenciamento de Estações,2023-02-09,http://pesquisa.in.gov.br/imprensa/jsp/visualiza/index.jsp?data=09/02/2023&jornal=515&pagina=13,
1320,Ordinária,"Ministério das Comunicações/Agência Nacional de Telecomunicações/Superintendência de Fiscalização/Gerência Regional nos Estados de Pernambuco, Paraíba e Alagoas",2023-02-09,http://pesquisa.in.gov.br/imprensa/jsp/visualiza/index.jsp?data=09/02/2023&jornal=515&pagina=13,
1321,Ordinária,Ministério das Comunicações/Agência Nacional de Telecomunicações/Superintendência de Outorga e Recursos à Prestação/Gerência de Outorga e Licenciamento de Estações,2023-02-09,http://pesquisa.in.gov.br/imprensa/jsp/visualiza/index.jsp?data=09/02/2023&jornal=515&pagina=13,
1322,Ordinária,Ministério das Comunicações/Agência Nacional de Telecomunicações/Superintendência de Fiscalização/Gerência Regional nos Estados do Paraná e Santa Catarina,2023-02-09,http://pesquisa.in.gov.br/imprensa/jsp/visualiza/index.jsp?data=09/02/2023&jornal=515&pagina=12,
1323,Ordinária,"Ministério das Comunicações/Agência Nacional de Telecomunicações/Superintendência de Fiscalização/Gerência Regional nos Estados de Pernambuco, Paraíba e Alagoas",2023-02-09,http://pesquisa.in.gov.br/imprensa/jsp/visualiza/index.jsp?data=09/02/2023&jornal=515&pagina=13,
1324,Ordinária,Ministério das Comunicações/Agência Nacional de Telecomunicações/Superintendência de Radiofrequência e Fiscalização/Gerência-Geral de Fiscalização/Escritório Regional no Estado do Rio de Janeiro/Unidade Operacional no Estado do Espírito Santo,2023-02-09,http://pesquisa.in.gov.br/imprensa/jsp/visualiza/index.jsp?data=09/02/2023&jornal=515&pagina=12,
1325,Ordinária,Ministério das Comunicações/Agência Nacional de Telecomunicações/Superintendência de Fiscalização/Gerência Regional no Estado de Minas Gerais,2023-02-09,http://pesquisa.in.gov.br/imprensa/jsp/visualiza/index.jsp?data=09/02/2023&jornal=515&pagina=12,
1326,Ordinária,"Ministério de Minas e Energia/Agência Nacional de Mineração/Superintendência de Segurança de Barragens de Mineração/Coordenação de Gerenciamento de Riscos Geotécnicos em Barragens de Mineração,",2023-02-09,http://pesquisa.in.gov.br/imprensa/jsp/visualiza/index.jsp?data=09/02/2023&jornal=515&pagina=210,
1327,Ordinária,Ministério das Comunicações/Agência Nacional de Telecomunicações/Superintendência de Fiscalização/Gerência Regional nos Estados do Paraná e Santa Catarina,2023-02-09,http://pesquisa.in.gov.br/imprensa/jsp/visualiza/index.jsp?data=09/02/2023&jornal=515&pagina=12,
1328,Ordinária,Ministério das Comunicações/Agência Nacional de Telecomunicações/Superintendência de Fiscalização/Gerência Regional nos Estados do Paraná e Santa Catarina,2023-02-09,http://pesquisa.in.gov.br/imprensa/jsp/visualiza/index.jsp?data=09/02/2023&jornal=515&pagina=12,
1329,Ordinária,Ministério das Comunicações/Agência Nacional de Telecomunicações/Superintendência de Fiscalização/Gerência Regional nos Estados do Paraná e Santa Catarina,2023-02-09,http://pesquisa.in.gov.br/imprensa/jsp/visualiza/index.jsp?data=09/02/2023&jornal=515&pagina=12,
1330,Ordinária,Ministério das Comunicações/Agência Nacional de Telecomunicações/Superintendência de Fiscalização/Gerência Regional no Estado de Minas Gerais,2023-02-09,http://pesquisa.in.gov.br/imprensa/jsp/visualiza/index.jsp?data=09/02/2023&jornal=515&pagina=12,
1331,Ordinária,Ministério das Comunicações/Agência Nacional de Telecomunicações/Superintendência de Fiscalização/Gerência Regional nos Estados do Paraná e Santa Catarina,2023-02-09,http://pesquisa.in.gov.br/imprensa/jsp/visualiza/index.jsp?data=09/02/2023&jornal=515&pagina=12,
1332,Ordinária,Ministério da Fazenda/Secretaria Especial da Receita Federal do Brasil/Subsecretaria-Geral da Receita Federal do Brasil/Superintendência Regional da Receita Federal do Brasil 2ª Região Fiscal/Divisão de Tributação,2023-02-09,http://pesquisa.in.gov.br/imprensa/jsp/visualiza/index.jsp?data=09/02/2023&jornal=515&pagina=20,
1333,Ordinária,Ministério da Fazenda/Secretaria Especial da Receita Federal do Brasil/Subsecretaria-Geral da Receita Federal do Brasil/Superintendência Regional da Receita Federal do Brasil 6ª Região Fiscal/Divisão de Tributação,2023-02-09,http://pesquisa.in.gov.br/imprensa/jsp/visualiza/index.jsp?data=09/02/2023&jornal=515&pagina=25,
1334,Ordinária,Ministério Público da União/Atos do Procurador-Geral da República,2023-02-09,http://pesquisa.in.gov.br/imprensa/jsp/visualiza/index.jsp?data=09/02/2023&jornal=515&pagina=236,
1335,Ordinária,Ministério dos Transportes/Agência Nacional de Transportes Terrestres/Superintendência de Infraestrutura Rodoviária,2023-02-09,http://pesquisa.in.gov.br/imprensa/jsp/visualiza/index.jsp?data=09/02/2023&jornal=515&pagina=236,"Autoriza a implantação de adutora na rodovia na rodovia BR-116/MG, sob concessão à Concessionária EcoRioMinas - Interessado: Departamento Municipal de Saneamento Urbano de Muriaé - DEMSUR."
1336,Ordinária,Ministério dos Transportes/Agência Nacional de Transportes Terrestres/Superintendência de Infraestrutura Rodoviária,2023-02-09,http://pesquisa.in.gov.br/imprensa/jsp/visualiza/index.jsp?data=09/02/2023&jornal=515&pagina=235,"Autoriza a implantação de rede de fibra óptica em travessia na faixa de domínio da Rodovia Fernão Dias BR-381/MG, sob concessão à Concessionária Autopista Fernão Dias S/A. - Interessado: Sempre Telecomunicações LTDA."
1337,Ordinária,Ministério da Saúde/Agência Nacional de Vigilância Sanitária/Gerência-Geral de Recursos,2023-02-09,http://pesquisa.in.gov.br/imprensa/jsp/visualiza/index.jsp?data=09/02/2023&jornal=515&pagina=218,
1338,Ordinária,Ministério dos Transportes/Agência Nacional de Transportes Terrestres/Superintendência de Infraestrutura Rodoviária,2023-02-09,http://pesquisa.in.gov.br/imprensa/jsp/visualiza/index.jsp?data=09/02/2023&jornal=515&pagina=235,"Autoriza a readequação de acesso na rodovia BR-101/ES, sob concessão à Eco101 Concessionária de Rodovias S.A. - Interessado: Tasco Comércio e Representações LTDA - Posto Serramar"
1339,Ordinária,Ministério dos Transportes/Agência Nacional de Transportes Terrestres/Superintendência de Infraestrutura Rodoviária,2023-02-09,http://pesquisa.in.gov.br/imprensa/jsp/visualiza/index.jsp?data=09/02/2023&jornal=515&pagina=235,"Autoriza a implantação de rede de energia elétrica na rodovia BR-381/MG, sob concessão à Concessionária Autopista Fernão Dias S.A. - Interessado: Cemig Distribuição S.A."
1340,Ordinária,Ministério dos Transportes/Agência Nacional de Transportes Terrestres/Superintendência de Infraestrutura Rodoviária,2023-02-09,http://pesquisa.in.gov.br/imprensa/jsp/visualiza/index.jsp?data=09/02/2023&jornal=515&pagina=235,"Autoriza a implantação de rede de esgoto na rodovia BR-116/RJ, sob concessão à Concessionária do Sistema Rodoviário Rio - São Paulo S.A. - CCR RioSP - Interessado: Água das Agulhas Negras S/A."
1341,Ordinária,Ministério dos Transportes/Agência Nacional de Transportes Terrestres/Superintendência de Serviços de Transporte Rodoviário de Passageiros,2023-02-09,http://pesquisa.in.gov.br/imprensa/jsp/visualiza/index.jsp?data=09/02/2023&jornal=515&pagina=234,
1342,Ordinária,Ministério dos Transportes/Secretaria Nacional de Trânsito,2023-02-09,http://pesquisa.in.gov.br/imprensa/jsp/visualiza/index.jsp?data=09/02/2023&jornal=515&pagina=234,
1343,Ordinária,Ministério dos Transportes/Gabinete do Ministro,2023-02-09,http://pesquisa.in.gov.br/imprensa/jsp/visualiza/index.jsp?data=09/02/2023&jornal=515&pagina=233,
1344,Ordinária,Ministério dos Transportes/Agência Nacional de Transportes Terrestres/Superintendência de Infraestrutura Rodoviária,2023-02-09,http://pesquisa.in.gov.br/imprensa/jsp/visualiza/index.jsp?data=09/02/2023&jornal=515&pagina=234,"Autoriza a implantação de rede de gás natural na rodovia BR-101/RJ, sob concessão à Concessionária do Sistema Rodoviário Rio - São Paulo S.A. - CCR RioSP. - Interessado: Companhia Distribuidora de Gás do Rio de Janeiro - CEG."
1345,Ordinária,Ministério da Saúde/Agência Nacional de Vigilância Sanitária/4ª Diretoria/Gerência-Geral de Inspeção e Fiscalização Sanitária/Coordenação de Autorização de Funcionamento de Empresas,2023-02-09,http://pesquisa.in.gov.br/imprensa/jsp/visualiza/index.jsp?data=09/02/2023&jornal=515&pagina=232,
1346,Ordinária,Ministério da Saúde/Agência Nacional de Vigilância Sanitária/4ª Diretoria/Gerência-Geral de Inspeção e Fiscalização Sanitária/Coordenação de Autorização de Funcionamento de Empresas,2023-02-09,http://pesquisa.in.gov.br/imprensa/jsp/visualiza/index.jsp?data=09/02/2023&jornal=515&pagina=232,
1347,Ordinária,Ministério da Saúde/Agência Nacional de Vigilância Sanitária/4ª Diretoria/Gerência-Geral de Inspeção e Fiscalização Sanitária/Coordenação de Autorização de Funcionamento de Empresas,2023-02-09,http://pesquisa.in.gov.br/imprensa/jsp/visualiza/index.jsp?data=09/02/2023&jornal=515&pagina=232,
1348,Ordinária,Ministério dos Transportes/Agência Nacional de Transportes Terrestres/Superintendência de Serviços de Transporte Rodoviário de Passageiros,2023-02-09,http://pesquisa.in.gov.br/imprensa/jsp/visualiza/index.jsp?data=09/02/2023&jornal=515&pagina=234,
1349,Ordinária,Ministério da Saúde/Agência Nacional de Vigilância Sanitária/4ª Diretoria/Gerência-Geral de Inspeção e Fiscalização Sanitária/Coordenação de Autorização de Funcionamento de Empresas,2023-02-09,http://pesquisa.in.gov.br/imprensa/jsp/visualiza/index.jsp?data=09/02/2023&jornal=515&pagina=231,
1350,Ordinária,Ministério da Saúde/Agência Nacional de Vigilância Sanitária/4ª Diretoria/Gerência-Geral de Inspeção e Fiscalização Sanitária/Coordenação de Autorização de Funcionamento de Empresas,2023-02-09,http://pesquisa.in.gov.br/imprensa/jsp/visualiza/index.jsp?data=09/02/2023&jornal=515&pagina=231,
1351,Ordinária,Ministério da Saúde/Agência Nacional de Vigilância Sanitária/4ª Diretoria/Gerência-Geral de Inspeção e Fiscalização Sanitária/Coordenação de Autorização de Funcionamento de Empresas,2023-02-09,http://pesquisa.in.gov.br/imprensa/jsp/visualiza/index.jsp?data=09/02/2023&jornal=515&pagina=231,
1352,Ordinária,Ministério da Saúde/Agência Nacional de Vigilância Sanitária/4ª Diretoria/Gerência-Geral de Inspeção e Fiscalização Sanitária/Coordenação de Autorização de Funcionamento de Empresas,2023-02-09,http://pesquisa.in.gov.br/imprensa/jsp/visualiza/index.jsp?data=09/02/2023&jornal=515&pagina=229,
1353,Ordinária,Ministério dos Transportes/Agência Nacional de Transportes Terrestres/Superintendência de Serviços de Transporte Rodoviário de Passageiros,2023-02-09,http://pesquisa.in.gov.br/imprensa/jsp/visualiza/index.jsp?data=09/02/2023&jornal=515&pagina=234,
1354,Ordinária,"Ministério da Saúde/Agência Nacional de Vigilância Sanitária/3ª Diretoria/Gerência de Produtos de Higiene, Perfumes, Cosméticos e Saneantes",2023-02-09,http://pesquisa.in.gov.br/imprensa/jsp/visualiza/index.jsp?data=09/02/2023&jornal=515&pagina=222,
1355,Ordinária,Ministério da Saúde/Agência Nacional de Vigilância Sanitária/4ª Diretoria/Gerência-Geral de Inspeção e Fiscalização Sanitária/Coordenação de Autorização de Funcionamento de Empresas,2023-02-09,http://pesquisa.in.gov.br/imprensa/jsp/visualiza/index.jsp?data=09/02/2023&jornal=515&pagina=224,
1356,Ordinária,Ministério de Portos e Aeroportos/Agência Nacional de Transportes Aquaviários/Superintendência de Outorgas,2023-02-09,http://pesquisa.in.gov.br/imprensa/jsp/visualiza/index.jsp?data=09/02/2023&jornal=515&pagina=215,
1357,Ordinária,Ministério do Trabalho e Emprego/Secretaria de Inspeção do Trabalho/Departamento de Fiscalização do Trabalho/Coordenação-Geral de Recursos,2023-02-09,http://pesquisa.in.gov.br/imprensa/jsp/visualiza/index.jsp?data=09/02/2023&jornal=515&pagina=232,
1358,Ordinária,Ministério de Minas e Energia/Agência Nacional de Mineração/Superintendência de Outorga de Títulos Minerários,2023-02-09,http://pesquisa.in.gov.br/imprensa/jsp/visualiza/index.jsp?data=09/02/2023&jornal=515&pagina=209,
1359,Ordinária,Ministério da Saúde/Agência Nacional de Vigilância Sanitária/4ª Diretoria/Gerência-Geral de Inspeção e Fiscalização Sanitária,2023-02-09,http://pesquisa.in.gov.br/imprensa/jsp/visualiza/index.jsp?data=09/02/2023&jornal=515&pagina=222,
1360,Ordinária,Ministério da Saúde/Agência Nacional de Vigilância Sanitária/4ª Diretoria/Gerência-Geral de Inspeção e Fiscalização Sanitária/Coordenação de Autorização de Funcionamento de Empresas,2023-02-09,http://pesquisa.in.gov.br/imprensa/jsp/visualiza/index.jsp?data=09/02/2023&jornal=515&pagina=222,
1361,Ordinária,Ministério das Comunicações/Agência Nacional de Telecomunicações/Superintendência de Outorga e Recursos à Prestação,2023-02-09,http://pesquisa.in.gov.br/imprensa/jsp/visualiza/index.jsp?data=09/02/2023&jornal=515&pagina=13,
1362,Ordinária,Ministério do Planejamento e Orçamento,2023-02-09,http://pesquisa.in.gov.br/imprensa/jsp/visualiza/index.jsp?data=09/02/2023&jornal=515&pagina=212,"Abre ao Orçamento Fiscal da União, em favor do Ministério da Educação, crédito suplementar no valor de R$ 74.680.252,00, para reforço de dotações constantes da Lei Orçamentária vigente."
1363,Ordinária,Ministério da Fazenda/Secretaria Especial da Receita Federal do Brasil/Subsecretaria-Geral da Receita Federal do Brasil/Superintendência Regional da Receita Federal do Brasil 8ª Região Fiscal/Delegacia da Receita Federal do Brasil em Sorocaba,2023-02-10,http://pesquisa.in.gov.br/imprensa/jsp/visualiza/index.jsp?data=10/02/2023&jornal=515&pagina=22,Renova o Registro Especial de Controle de Papel Imune na atividade de Usuário.
1364,Ordinária,Ministério da Fazenda/Secretaria Especial da Receita Federal do Brasil/Subsecretaria de Tributação e Contencioso/Coordenação-Geral de Tributação,2023-02-10,http://pesquisa.in.gov.br/imprensa/jsp/visualiza/index.jsp?data=10/02/2023&jornal=515&pagina=21,"Enquadra veículo em ""Ex"" da TIPI"
1365,Ordinária,Ministério da Fazenda/Secretaria Especial da Receita Federal do Brasil/Subsecretaria-Geral da Receita Federal do Brasil/Superintendência Regional da Receita Federal do Brasil 7ª Região Fiscal,2023-02-10,http://pesquisa.in.gov.br/imprensa/jsp/visualiza/index.jsp?data=10/02/2023&jornal=515&pagina=21,"Concede, à pessoa jurídica que menciona, habilitação para operar no Regime Especial de Incentivos para o Desenvolvimento da Infraestrutura (REIDI) de que trata a Instrução Normativa RFB nº 2.121/2022."
1366,Ordinária,Ministério da Fazenda/Secretaria Especial da Receita Federal do Brasil/Subsecretaria-Geral da Receita Federal do Brasil/Superintendência Regional da Receita Federal do Brasil 8ª Região Fiscal/Delegacia da Receita Federal do Brasil em Sorocaba,2023-02-10,http://pesquisa.in.gov.br/imprensa/jsp/visualiza/index.jsp?data=10/02/2023&jornal=515&pagina=22,Renova o Registro Especial de Controle de Papel Imune na atividade de Usuário. | Renova o Registro Especial de Controle de Papel Imune na atividade de Usuário.
1367,Ordinária,Ministério da Fazenda/Secretaria Especial da Receita Federal do Brasil/Subsecretaria-Geral da Receita Federal do Brasil/Superintendência Regional da Receita Federal do Brasil 7ª Região Fiscal/Delegacia de Fiscalização de Comércio Exterior da Receita Federal do Brasil no Rio de Janeiro,2023-02-10,http://pesquisa.in.gov.br/imprensa/jsp/visualiza/index.jsp?data=10/02/2023&jornal=515&pagina=22,"Declara habilitada ao regime aduaneiro especial de utilização econômica destinado a bens a serem utilizados nas atividades de exploração, desenvolvimento e produção de petróleo e de gás natural (Repetro), na modalidade Repetro-Sped, a pessoa jurídica que menciona."
1368,Ordinária,Ministério da Fazenda/Conselho Nacional de Política Fazendária,2023-02-10,http://pesquisa.in.gov.br/imprensa/jsp/visualiza/index.jsp?data=10/02/2023&jornal=515&pagina=18,Preço médio ponderado ao consumidor final (PMPF) de combustíveis.
1369,Ordinária,Ministério da Educação/Universidade Federal da Bahia/Pró-Reitoria de Desenvolvimento de Pessoas,2023-02-10,http://pesquisa.in.gov.br/imprensa/jsp/visualiza/index.jsp?data=10/02/2023&jornal=515&pagina=18,
1370,Ordinária,"Ministério do Desenvolvimento, Indústria, Comércio e Serviços/Secretaria de Comércio Exterior",2023-02-10,http://pesquisa.in.gov.br/imprensa/jsp/visualiza/index.jsp?data=10/02/2023&jornal=515&pagina=17,
1371,Ordinária,Ministério da Educação/Secretaria Executiva,2023-02-10,http://pesquisa.in.gov.br/imprensa/jsp/visualiza/index.jsp?data=10/02/2023&jornal=515&pagina=17,"Institui o Comitê de Governança para a Gestão Orçamentária e Financeira - CGGOF, no âmbito do Ministério da Educação."
1372,Ordinária,"Ministério do Desenvolvimento, Indústria, Comércio e Serviços/Superintendência da Zona Franca de Manaus",2023-02-10,http://pesquisa.in.gov.br/imprensa/jsp/visualiza/index.jsp?data=10/02/2023&jornal=515&pagina=17,Aprova o projeto industrial de IMPLANTAÇÃO da empresa FAMA INDÚSTRIA E SERVIÇOS DE SUPORTE TÉCNICO LTDA.
1373,Ordinária,"Ministério do Desenvolvimento e Assistência Social, Família e Combate à Fome/Gabinete do Ministro",2023-02-10,http://pesquisa.in.gov.br/imprensa/jsp/visualiza/index.jsp?data=10/02/2023&jornal=515&pagina=9,"Dispõe sobre o detalhamento das unidades administrativas constantes do quadro demonstrativo de cargos em comissão e de funções de confiança da estrutura regimental do Ministério do Desenvolvimento e Assistência Social, Família e Combate à Fome - MDS."
1374,Ordinária,Ministério da Fazenda/Secretaria Especial da Receita Federal do Brasil/Subsecretaria de Fiscalização/Coordenação-Geral de Fiscalização,2023-02-10,http://pesquisa.in.gov.br/imprensa/jsp/visualiza/index.jsp?data=10/02/2023&jornal=515&pagina=20,
1375,Extra,Ministério do Trabalho e Emprego/Gabinete do Ministro,2023-02-10,http://pesquisa.in.gov.br/imprensa/jsp/visualiza/index.jsp?data=10/02/2023&jornal=600&pagina=2,"Permuta Cargo Comissionado Executivo - CCE por Função Comissionada Executiva - FCE, de mesmo nível e categoria. (Processo nº 19964.102698/2023-31)."
1376,Extra,Ministério da Saúde/Agência Nacional de Vigilância Sanitária/Diretoria Colegiada,2023-02-10,http://pesquisa.in.gov.br/imprensa/jsp/visualiza/index.jsp?data=10/02/2023&jornal=600&pagina=2,
1377,Ordinária,Ministério das Comunicações/Secretaria de Comunicação Social Eletrônica/Departamento de Radiodifusão Privada,2023-02-10,http://pesquisa.in.gov.br/imprensa/jsp/visualiza/index.jsp?data=10/02/2023&jornal=515&pagina=6,
1378,Ordinária,Ministério da Defesa/Estado-Maior Conjunto das Forças Armadas/Chefia de Logística e Mobilização/Subchefia de Logística Operacional,2023-02-10,http://pesquisa.in.gov.br/imprensa/jsp/visualiza/index.jsp?data=10/02/2023&jornal=515&pagina=9,
1379,Ordinária,"Ministério da Ciência, Tecnologia e Inovação/Instituto Brasileiro de Informação em Ciência e Tecnologia",2023-02-10,http://pesquisa.in.gov.br/imprensa/jsp/visualiza/index.jsp?data=10/02/2023&jornal=515&pagina=4,"Estabelece os procedimentos gerais do Programa de Gestão no âmbito do Instituto Brasileiro de Informação em Ciência e Tecnologia, do Ministério da Ciência, Tecnologia e Inovação."
1380,Ordinária,"Ministério da Ciência, Tecnologia e Inovação/Conselho Nacional de Desenvolvimento Científico e Tecnológico",2023-02-10,http://pesquisa.in.gov.br/imprensa/jsp/visualiza/index.jsp?data=10/02/2023&jornal=515&pagina=5,
1381,Ordinária,Ministério da Agricultura e Pecuária/Gabinete do Ministro,2023-02-10,http://pesquisa.in.gov.br/imprensa/jsp/visualiza/index.jsp?data=10/02/2023&jornal=515&pagina=2,"Delega competência à Secretária de Inovação, Desenvolvimento Sustentável, Irrigação e Cooperativismo para atuar no Fomento ao Setor Agropecuário no âmbito do Ministério da Agricultura e Pecuária."
1382,Ordinária,Ministério da Agricultura e Pecuária/Gabinete do Ministro,2023-02-10,http://pesquisa.in.gov.br/imprensa/jsp/visualiza/index.jsp?data=10/02/2023&jornal=515&pagina=1,"Delega competência a dirigentes de unidades administrativas do Ministério da Agricultura e Pecuária - MAPA e de sua entidade vinculada para a prática de atos relacionados à celebração, prorrogação, aditamento e rescisão de contratos administrativos relativos às atividades de custeio e de investimento."
1383,Ordinária,Ministério da Agricultura e Pecuária/Gabinete do Ministro,2023-02-10,http://pesquisa.in.gov.br/imprensa/jsp/visualiza/index.jsp?data=10/02/2023&jornal=515&pagina=1,"Delega competência a dirigentes de unidades administrativas do Ministério da Agricultura e Pecuária - MAPA para a prática de atos relacionados à celebração, prorrogação, aditivação e aprovação de contas de convênios, parcerias, projetos de cooperação técnica internacional e demais ajustes congêneres."
1384,Ordinária,Ministério das Comunicações/Secretaria de Comunicação Social Eletrônica/Departamento de Radiodifusão Privada,2023-02-10,http://pesquisa.in.gov.br/imprensa/jsp/visualiza/index.jsp?data=10/02/2023&jornal=515&pagina=6,
1385,Ordinária,Ministério da Fazenda/Secretaria Especial da Receita Federal do Brasil/Subsecretaria de Fiscalização/Coordenação-Geral de Fiscalização,2023-02-10,http://pesquisa.in.gov.br/imprensa/jsp/visualiza/index.jsp?data=10/02/2023&jornal=515&pagina=20,
1386,Ordinária,Ministério das Comunicações/Secretaria de Comunicação Social Eletrônica/Departamento de Radiodifusão Privada,2023-02-10,http://pesquisa.in.gov.br/imprensa/jsp/visualiza/index.jsp?data=10/02/2023&jornal=515&pagina=6,
1387,Ordinária,"Ministério da Fazenda/Secretaria Especial da Receita Federal do Brasil/Subsecretaria de Arrecadação, Cadastros e Atendimento/Coordenação-Geral de Arrecadação e Direito Creditório",2023-02-10,http://pesquisa.in.gov.br/imprensa/jsp/visualiza/index.jsp?data=10/02/2023&jornal=515&pagina=20,Credencia a Cooperativa Central de Crédito - Ailos para compor a Rede Arrecadadora do Documento de Arrecadação de Receitas Federais (Darf) não numerado.
1388,Ordinária,Ministério da Fazenda/Secretaria Especial da Receita Federal do Brasil/Subsecretaria-Geral da Receita Federal do Brasil/Superintendência Regional da Receita Federal do Brasil 8ª Região Fiscal/Delegacia de Fiscalização de Comércio Exterior da Receita Federal do Brasil em São Paulo,2023-02-10,http://pesquisa.in.gov.br/imprensa/jsp/visualiza/index.jsp?data=10/02/2023&jornal=515&pagina=23,Transferência de veículo consular
1389,Ordinária,Ministério de Portos e Aeroportos/Agência Nacional de Aviação Civil/Superintendência de Infraestrutura Aeroportuária/Gerência de Certificação e Segurança Operacional,2023-02-10,http://pesquisa.in.gov.br/imprensa/jsp/visualiza/index.jsp?data=10/02/2023&jornal=515&pagina=77,
1390,Ordinária,Ministério das Comunicações/Agência Nacional de Telecomunicações/Superintendência de Fiscalização/Gerência Regional nos Estados do Rio Janeiro e Espírito Santo,2023-02-10,http://pesquisa.in.gov.br/imprensa/jsp/visualiza/index.jsp?data=10/02/2023&jornal=515&pagina=7,
1391,Ordinária,Ministério de Portos e Aeroportos/Agência Nacional de Aviação Civil/Superintendência de Infraestrutura Aeroportuária/Gerência de Certificação e Segurança Operacional,2023-02-10,http://pesquisa.in.gov.br/imprensa/jsp/visualiza/index.jsp?data=10/02/2023&jornal=515&pagina=77,
1392,Ordinária,Ministério de Minas e Energia/Agência Nacional de Energia Elétrica/Superintendência de Concessões e Autorizações de Geração,2023-02-10,http://pesquisa.in.gov.br/imprensa/jsp/visualiza/index.jsp?data=10/02/2023&jornal=515&pagina=73,
1393,Ordinária,Ministério Público da União/Ministério Público do Trabalho/Procuradoria-Geral/Câmara de Coordenação e Revisão,2023-02-10,http://pesquisa.in.gov.br/imprensa/jsp/visualiza/index.jsp?data=10/02/2023&jornal=515&pagina=161,
1394,Ordinária,Ministério da Fazenda/Secretaria Especial da Receita Federal do Brasil/Subsecretaria-Geral da Receita Federal do Brasil/Superintendência Regional da Receita Federal do Brasil 9ª Região Fiscal/Delegacia da Receita Federal do Brasil em Curitiba,2023-02-10,http://pesquisa.in.gov.br/imprensa/jsp/visualiza/index.jsp?data=10/02/2023&jornal=515&pagina=23,Concede coabilitação ao Regime Especial de Incentivos para o Desenvolvimento da Infra-Estrutura (Reidi) à pessoa jurídica que menciona.
1395,Ordinária,Ministério da Fazenda/Secretaria Especial da Receita Federal do Brasil/Subsecretaria de Tributação e Contencioso/Coordenação-Geral de Tributação,2023-02-10,http://pesquisa.in.gov.br/imprensa/jsp/visualiza/index.jsp?data=10/02/2023&jornal=515&pagina=20,
1396,Ordinária,Ministério da Justiça e Segurança Pública/Conselho Administrativo de Defesa Econômica,2023-02-10,http://pesquisa.in.gov.br/imprensa/jsp/visualiza/index.jsp?data=10/02/2023&jornal=515&pagina=37,
1397,Ordinária,Ministério de Minas e Energia/Agência Nacional de Mineração/Superintendência de Arrecadação e Fiscalização de Receitas,2023-02-10,http://pesquisa.in.gov.br/imprensa/jsp/visualiza/index.jsp?data=10/02/2023&jornal=515&pagina=75,
1398,Ordinária,"Ministério de Minas e Energia/Agência Nacional de Energia Elétrica/Superintendência de Concessões, Permissões e Autorizações de Transmissão e Distribuição",2023-02-10,http://pesquisa.in.gov.br/imprensa/jsp/visualiza/index.jsp?data=10/02/2023&jornal=515&pagina=73,
1399,Ordinária,Ministério de Minas e Energia/Agência Nacional de Mineração,2023-02-10,http://pesquisa.in.gov.br/imprensa/jsp/visualiza/index.jsp?data=10/02/2023&jornal=515&pagina=74,"Altera a Resolução ANM nº 102/2022, que aprova as alterações de quantitativos e a distribuição dos cargos comissionados de gerência executiva, de assessoria, de assistência e dos cargos comissionados técnicos e o novo Regimento Interno da Agência Nacional de Mineração - ANM."
1400,Ordinária,Ministério da Saúde/Secretaria de Atenção Especializada à Saúde,2023-02-10,http://pesquisa.in.gov.br/imprensa/jsp/visualiza/index.jsp?data=10/02/2023&jornal=515&pagina=131,"Concede renovação de autorização à estabelecimentos e à equipes de saúde para retirada e transplante de órgãos sólidos, tecidos e células-tronco hematopoéticas."
1401,Ordinária,Ministério de Minas e Energia/Agência Nacional de Mineração/Superintendência de Outorga de Títulos Minerários,2023-02-10,http://pesquisa.in.gov.br/imprensa/jsp/visualiza/index.jsp?data=10/02/2023&jornal=515&pagina=76,
1402,Ordinária,Ministério das Comunicações/Agência Nacional de Telecomunicações/Superintendência de Outorga e Recursos à Prestação,2023-02-10,http://pesquisa.in.gov.br/imprensa/jsp/visualiza/index.jsp?data=10/02/2023&jornal=515&pagina=7,
1403,Ordinária,Ministério de Minas e Energia/Agência Nacional de Mineração/Gerência Regional da ANM no Estado do Rio Grande do Norte,2023-02-10,http://pesquisa.in.gov.br/imprensa/jsp/visualiza/index.jsp?data=10/02/2023&jornal=515&pagina=75,
1404,Ordinária,Ministério de Minas e Energia/Agência Nacional de Mineração/Superintendência de Outorga de Títulos Minerários,2023-02-10,http://pesquisa.in.gov.br/imprensa/jsp/visualiza/index.jsp?data=10/02/2023&jornal=515&pagina=76,
1405,Ordinária,Ministério da Agricultura e Pecuária/Secretaria Executiva/Superintendência de Agricultura e Pecuária do Estado do Mato Grosso,2023-02-10,http://pesquisa.in.gov.br/imprensa/jsp/visualiza/index.jsp?data=10/02/2023&jornal=515&pagina=3,
1406,Ordinária,Ministério da Saúde/Secretaria de Atenção Especializada à Saúde,2023-02-10,http://pesquisa.in.gov.br/imprensa/jsp/visualiza/index.jsp?data=10/02/2023&jornal=515&pagina=133,Exclui estabelecimentos e equipes de transplante.
1407,Ordinária,Ministério de Minas e Energia/Agência Nacional de Mineração/Gerência Regional da ANM no Estado de Goiás,2023-02-10,http://pesquisa.in.gov.br/imprensa/jsp/visualiza/index.jsp?data=10/02/2023&jornal=515&pagina=74,
1408,Ordinária,Ministério da Justiça e Segurança Pública/Secretaria Nacional de Justiça/Departamento de Migrações/Coordenação-Geral de Política Migratória/Coordenação de Processos Migratórios,2023-02-10,http://pesquisa.in.gov.br/imprensa/jsp/visualiza/index.jsp?data=10/02/2023&jornal=515&pagina=33,
1409,Ordinária,Ministério de Minas e Energia/Agência Nacional de Mineração/Gerência Regional da ANM no Estado de Goiás,2023-02-10,http://pesquisa.in.gov.br/imprensa/jsp/visualiza/index.jsp?data=10/02/2023&jornal=515&pagina=75,
1410,Ordinária,Ministério das Comunicações/Agência Nacional de Telecomunicações/Superintendência de Outorga e Recursos à Prestação/Gerência de Outorga e Licenciamento de Estações,2023-02-10,http://pesquisa.in.gov.br/imprensa/jsp/visualiza/index.jsp?data=10/02/2023&jornal=515&pagina=8,
1411,Ordinária,Ministério das Comunicações/Agência Nacional de Telecomunicações/Superintendência de Outorga e Recursos à Prestação/Gerência de Outorga e Licenciamento de Estações,2023-02-10,http://pesquisa.in.gov.br/imprensa/jsp/visualiza/index.jsp?data=10/02/2023&jornal=515&pagina=8,
1412,Ordinária,Ministério das Comunicações/Agência Nacional de Telecomunicações/Superintendência de Outorga e Recursos à Prestação/Gerência de Outorga e Licenciamento de Estações,2023-02-10,http://pesquisa.in.gov.br/imprensa/jsp/visualiza/index.jsp?data=10/02/2023&jornal=515&pagina=8,
1413,Ordinária,Ministério da Saúde/Secretaria de Atenção Especializada à Saúde,2023-02-10,http://pesquisa.in.gov.br/imprensa/jsp/visualiza/index.jsp?data=10/02/2023&jornal=515&pagina=134,Habilita estabelecimento de saúde em regime de Hospital-Dia em intercorrências pós-transplantes de células-tronco hematopoéticas.
1414,Ordinária,Ministério das Comunicações/Agência Nacional de Telecomunicações/Superintendência de Outorga e Recursos à Prestação/Gerência de Outorga e Licenciamento de Estações,2023-02-10,http://pesquisa.in.gov.br/imprensa/jsp/visualiza/index.jsp?data=10/02/2023&jornal=515&pagina=9,
1415,Ordinária,Ministério das Comunicações/Agência Nacional de Telecomunicações/Superintendência de Outorga e Recursos à Prestação/Gerência de Outorga e Licenciamento de Estações,2023-02-10,http://pesquisa.in.gov.br/imprensa/jsp/visualiza/index.jsp?data=10/02/2023&jornal=515&pagina=8,
1416,Ordinária,Ministério das Comunicações/Agência Nacional de Telecomunicações/Superintendência de Fiscalização/Gerência Regional no Estado de São Paulo,2023-02-10,http://pesquisa.in.gov.br/imprensa/jsp/visualiza/index.jsp?data=10/02/2023&jornal=515&pagina=6,
1417,Ordinária,Ministério da Defesa/Comando da Marinha/Gabinete do Comandante,2023-02-10,http://pesquisa.in.gov.br/imprensa/jsp/visualiza/index.jsp?data=10/02/2023&jornal=515&pagina=9,"Altera a Portaria n° 339/MB, de 12 de dezembro de 2011, que institui o Grupo de Fiscalização e Recebimento das Aeronaves COD (Carrier On-board Delivery) / AAR (Air-to-Air Refueling), designa o seu Encarregado e dá outras providências."
1418,Ordinária,Ministério das Comunicações/Agência Nacional de Telecomunicações/Superintendência de Outorga e Recursos à Prestação/Gerência de Outorga e Licenciamento de Estações,2023-02-10,http://pesquisa.in.gov.br/imprensa/jsp/visualiza/index.jsp?data=10/02/2023&jornal=515&pagina=7,
1419,Ordinária,Ministério da Saúde/Secretaria de Atenção Especializada à Saúde,2023-02-10,http://pesquisa.in.gov.br/imprensa/jsp/visualiza/index.jsp?data=10/02/2023&jornal=515&pagina=133,Concede autorização à estabelecimento e à equipe de saúde para retirada e transplante de fígado.
1420,Ordinária,Ministério das Comunicações/Agência Nacional de Telecomunicações/Superintendência de Fiscalização/Gerência Regional no Estado de São Paulo,2023-02-10,http://pesquisa.in.gov.br/imprensa/jsp/visualiza/index.jsp?data=10/02/2023&jornal=515&pagina=6,
1421,Ordinária,Ministério das Comunicações/Agência Nacional de Telecomunicações/Superintendência de Fiscalização/Gerência Regional no Estado de São Paulo,2023-02-10,http://pesquisa.in.gov.br/imprensa/jsp/visualiza/index.jsp?data=10/02/2023&jornal=515&pagina=6,
1422,Ordinária,Ministério de Minas e Energia/Agência Nacional de Mineração/Gerência Regional da ANM no Estado de Goiás,2023-02-10,http://pesquisa.in.gov.br/imprensa/jsp/visualiza/index.jsp?data=10/02/2023&jornal=515&pagina=74,
1423,Ordinária,Ministério das Comunicações/Agência Nacional de Telecomunicações/Superintendência de Outorga e Recursos à Prestação/Gerência de Outorga e Licenciamento de Estações,2023-02-10,http://pesquisa.in.gov.br/imprensa/jsp/visualiza/index.jsp?data=10/02/2023&jornal=515&pagina=7,
1424,Ordinária,Ministério das Comunicações/Agência Nacional de Telecomunicações/Superintendência de Radiofrequência e Fiscalização/Gerência-Geral de Fiscalização/Escritório Regional no Estado da Bahia,2023-02-10,http://pesquisa.in.gov.br/imprensa/jsp/visualiza/index.jsp?data=10/02/2023&jornal=515&pagina=6,
1425,Ordinária,"Ministério das Comunicações/Agência Nacional de Telecomunicações/Superintendência de Fiscalização/Gerência Regional nos Estados do Pará, Maranhão e Amapá",2023-02-10,http://pesquisa.in.gov.br/imprensa/jsp/visualiza/index.jsp?data=10/02/2023&jornal=515&pagina=6,
1426,Ordinária,Ministério dos Transportes/Agência Nacional de Transportes Terrestres/Superintendência de Infraestrutura Rodoviária,2023-02-10,http://pesquisa.in.gov.br/imprensa/jsp/visualiza/index.jsp?data=10/02/2023&jornal=515&pagina=159,"Autoriza a implantação de rede elétrica na rodovia BR-324/BA, sob concessão à ViaBahia Concessionária de Rodovias S/A - Interessado: Companhia de Eletricidade do Estado da Bahia - COELBA"
1427,Ordinária,Ministério da Saúde/Secretaria de Atenção Especializada à Saúde,2023-02-10,http://pesquisa.in.gov.br/imprensa/jsp/visualiza/index.jsp?data=10/02/2023&jornal=515&pagina=135,"Defere a Renovação do CEBAS do Hospital de Caridade Frei Clemente, com sede em Soledade (RS)."
1428,Ordinária,"Ministério do Desenvolvimento, Indústria, Comércio e Serviços/Superintendência da Zona Franca de Manaus",2023-02-10,http://pesquisa.in.gov.br/imprensa/jsp/visualiza/index.jsp?data=10/02/2023&jornal=515&pagina=17,Aprova o Projeto Industrial de DIVERSIFICAÇÃO da empresa TECHNO PLAST FABRICAÇÃO DE EMBALAGENS LTDA.
1429,Ordinária,Ministério das Comunicações/Agência Nacional de Telecomunicações/Superintendência de Fiscalização/Gerência Regional no Estado de São Paulo,2023-02-10,http://pesquisa.in.gov.br/imprensa/jsp/visualiza/index.jsp?data=10/02/2023&jornal=515&pagina=6,
1430,Ordinária,Ministério dos Transportes/Secretaria Nacional de Trânsito,2023-02-10,http://pesquisa.in.gov.br/imprensa/jsp/visualiza/index.jsp?data=10/02/2023&jornal=515&pagina=159,
1431,Ordinária,Ministério das Comunicações/Agência Nacional de Telecomunicações/Superintendência de Fiscalização/Gerência Regional no Estado de São Paulo,2023-02-10,http://pesquisa.in.gov.br/imprensa/jsp/visualiza/index.jsp?data=10/02/2023&jornal=515&pagina=6,
1432,Ordinária,Ministério da Saúde/Agência Nacional de Vigilância Sanitária/4ª Diretoria/Gerência-Geral de Inspeção e Fiscalização Sanitária,2023-02-10,http://pesquisa.in.gov.br/imprensa/jsp/visualiza/index.jsp?data=10/02/2023&jornal=515&pagina=157,
1433,Ordinária,Ministério da Saúde/Agência Nacional de Vigilância Sanitária/Gerência-Geral de Recursos,2023-02-10,http://pesquisa.in.gov.br/imprensa/jsp/visualiza/index.jsp?data=10/02/2023&jornal=515&pagina=143,
1434,Ordinária,"Ministério da Saúde/Agência Nacional de Vigilância Sanitária/2ª Diretoria/Gerência-Geral de Produtos Biológicos, Radiofármacos, Sangue, Tecidos, Células, Órgãos e Prod de Terapias Avan",2023-02-10,http://pesquisa.in.gov.br/imprensa/jsp/visualiza/index.jsp?data=10/02/2023&jornal=515&pagina=156,
1435,Ordinária,Ministério dos Transportes/Agência Nacional de Transportes Terrestres/Superintendência de Infraestrutura Rodoviária,2023-02-10,http://pesquisa.in.gov.br/imprensa/jsp/visualiza/index.jsp?data=10/02/2023&jornal=515&pagina=159,"Autoriza a implantação de rede de energia elétrica na rodovia BR-381/MG, sob concessão à Concessionária Autopista Fernão Dias S.A. - Interessado: Cemig Distribuição S.A."
1436,Ordinária,Ministério da Saúde/Secretaria de Atenção Especializada à Saúde/Departamento de Gestão Hospitalar no Estado do Rio de Janeiro/Hospital Federal dos Servidores do Estado,2023-02-10,http://pesquisa.in.gov.br/imprensa/jsp/visualiza/index.jsp?data=10/02/2023&jornal=515&pagina=142,
1437,Ordinária,Ministério da Saúde/Secretaria de Atenção Especializada à Saúde/Departamento de Gestão Hospitalar no Estado do Rio de Janeiro/Hospital Federal dos Servidores do Estado,2023-02-10,http://pesquisa.in.gov.br/imprensa/jsp/visualiza/index.jsp?data=10/02/2023&jornal=515&pagina=142,
1438,Ordinária,Ministério da Saúde/Secretaria de Atenção Especializada à Saúde,2023-02-10,http://pesquisa.in.gov.br/imprensa/jsp/visualiza/index.jsp?data=10/02/2023&jornal=515&pagina=141,"Defere a Renovação do CEBAS do Centro de Reabilitação Jundiaí, com sede em Jundiaí (SP)."
1439,Ordinária,Ministério da Saúde/Secretaria de Atenção Especializada à Saúde,2023-02-10,http://pesquisa.in.gov.br/imprensa/jsp/visualiza/index.jsp?data=10/02/2023&jornal=515&pagina=141,"Defere a Renovação do CEBAS da Casa de Nossa Senhora Aparecida, com sede em São Mateus (ES)."
1440,Ordinária,Ministério da Saúde/Secretaria de Atenção Especializada à Saúde/Departamento de Gestão Hospitalar no Estado do Rio de Janeiro/Hospital Federal dos Servidores do Estado,2023-02-10,http://pesquisa.in.gov.br/imprensa/jsp/visualiza/index.jsp?data=10/02/2023&jornal=515&pagina=142,
1441,Ordinária,Ministério da Saúde/Secretaria de Atenção Especializada à Saúde,2023-02-10,http://pesquisa.in.gov.br/imprensa/jsp/visualiza/index.jsp?data=10/02/2023&jornal=515&pagina=141,Prorroga a renovação de autorização concedida a Banco de Tecido Ocular Humano.
1442,Ordinária,Ministério da Saúde/Secretaria de Atenção Especializada à Saúde,2023-02-10,http://pesquisa.in.gov.br/imprensa/jsp/visualiza/index.jsp?data=10/02/2023&jornal=515&pagina=140,"Cancela o CEBAS do Círculo Operário Caxiense, com sede em Caxias do Sul (RS)."
1443,Ordinária,Ministério da Fazenda/Secretaria Especial da Receita Federal do Brasil/Subsecretaria-Geral da Receita Federal do Brasil/Superintendência Regional da Receita Federal do Brasil 5ª Região Fiscal/Delegacia da Receita Federal do Brasil em Salvador,2023-02-10,http://pesquisa.in.gov.br/imprensa/jsp/visualiza/index.jsp?data=10/02/2023&jornal=515&pagina=21,"Declara habilitado ao REPORTO o estabelecimento matriz da Pessoa Jurídica ATU 12 Arrendatária Portuária SPE S.A., CNPJ nº 41.759.096/0001-53."
1444,Ordinária,Ministério das Comunicações/Agência Nacional de Telecomunicações/Superintendência de Fiscalização/Gerência Regional no Estado de São Paulo,2023-02-10,http://pesquisa.in.gov.br/imprensa/jsp/visualiza/index.jsp?data=10/02/2023&jornal=515&pagina=6,
1445,Ordinária,Ministério da Saúde/Secretaria de Atenção Especializada à Saúde,2023-02-10,http://pesquisa.in.gov.br/imprensa/jsp/visualiza/index.jsp?data=10/02/2023&jornal=515&pagina=140,Concede classificação a estabelecimentos de saúde no 1º Ciclo do Programa de Qualidade no Processo de Doação e Transplantes (QUALIDOT).
1446,Ordinária,Ministério da Saúde/Agência Nacional de Vigilância Sanitária/Diretoria Colegiada,2023-02-10,http://pesquisa.in.gov.br/imprensa/jsp/visualiza/index.jsp?data=10/02/2023&jornal=515&pagina=143,
1447,Ordinária,Ministério da Saúde/Secretaria de Atenção Especializada à Saúde,2023-02-10,http://pesquisa.in.gov.br/imprensa/jsp/visualiza/index.jsp?data=10/02/2023&jornal=515&pagina=140,"Defere a Concessão do CEBAS do Sistema de Assistência Social e de Saúde - SAS, com sede em Campina Grande (PB)."
1448,Ordinária,Ministério da Saúde/Secretaria de Atenção Especializada à Saúde,2023-02-10,http://pesquisa.in.gov.br/imprensa/jsp/visualiza/index.jsp?data=10/02/2023&jornal=515&pagina=137,"Defere a Renovação do CEBAS do Hospital Beneficente São Pedro, com sede em Garibaldi (RS)."
1449,Ordinária,Ministério da Saúde/Secretaria de Atenção Especializada à Saúde,2023-02-10,http://pesquisa.in.gov.br/imprensa/jsp/visualiza/index.jsp?data=10/02/2023&jornal=515&pagina=138,"Concede renovação de autorização à estabelecimentos e às equipes de saúde para retirada e transplante de órgãos sólidos, tecidos e células-tronco hematopoéticas."
1450,Ordinária,Ministério da Saúde/Secretaria de Atenção Especializada à Saúde,2023-02-10,http://pesquisa.in.gov.br/imprensa/jsp/visualiza/index.jsp?data=10/02/2023&jornal=515&pagina=137,"Indefere a Concessão do CEBAS do Instituto 2 de Julho - Projetos, Pesquisas e Intervenções para o Desenvolvimento Humano, com sede em Salvador (BA)."
1451,Ordinária,Ministério da Saúde/Secretaria de Atenção Especializada à Saúde,2023-02-10,http://pesquisa.in.gov.br/imprensa/jsp/visualiza/index.jsp?data=10/02/2023&jornal=515&pagina=136,"Indefere a Concessão do CEBAS da Associação e Comunidade Paz da Família do Tratamento do Alcoolismo dos Dependentes Químicos - ACTAR, com sede em Roncador (PR)."
1452,Ordinária,Ministério da Saúde/Secretaria de Atenção Especializada à Saúde,2023-02-10,http://pesquisa.in.gov.br/imprensa/jsp/visualiza/index.jsp?data=10/02/2023&jornal=515&pagina=139,Inclui membros em equipes de transplante.
1453,Ordinária,Ministério da Saúde/Secretaria de Atenção Especializada à Saúde,2023-02-10,http://pesquisa.in.gov.br/imprensa/jsp/visualiza/index.jsp?data=10/02/2023&jornal=515&pagina=137,"Defere a Concessão do CEBAS da Associação Adventista Norte Brasileira de Prevenção e Assistência à Saúde, com sede em Ananindeua (PA)."
1454,Ordinária,Ministério da Saúde/Secretaria de Atenção Especializada à Saúde,2023-02-10,http://pesquisa.in.gov.br/imprensa/jsp/visualiza/index.jsp?data=10/02/2023&jornal=515&pagina=136,"Indefere a Renovação do CEBAS da Rede Feminina de Combate ao Câncer de Iguatemi, com sede em Iguatemi (MS)."
1455,Ordinária,Ministério da Saúde/Secretaria de Atenção Especializada à Saúde,2023-02-10,http://pesquisa.in.gov.br/imprensa/jsp/visualiza/index.jsp?data=10/02/2023&jornal=515&pagina=139,"Indefere a Concessão do CEBAS da Associação Ubaense de Saúde Mental, com sede em Ubá (MG)."
1456,Ordinária,Ministério da Saúde/Secretaria de Atenção Especializada à Saúde,2023-02-10,http://pesquisa.in.gov.br/imprensa/jsp/visualiza/index.jsp?data=10/02/2023&jornal=515&pagina=136,Concede classificação a estabelecimentos de saúde no 1º Ciclo do Programa de Qualidade no Processo de Doação e Transplantes (QUALIDOT).
1457,Ordinária,Ministério da Saúde/Secretaria de Atenção Especializada à Saúde,2023-02-10,http://pesquisa.in.gov.br/imprensa/jsp/visualiza/index.jsp?data=10/02/2023&jornal=515&pagina=135,"Indefere a Concessão do CEBAS da Associação Hospitalar Bom Pastor de Nova Santa Rosa Paraná, com sede em Nova Santa Rosa (PR)."
1458,Ordinária,Ministério da Fazenda/Secretaria Especial da Receita Federal do Brasil/Subsecretaria-Geral da Receita Federal do Brasil/Superintendência Regional da Receita Federal do Brasil 1ª Região Fiscal/Delegacia da Receita Federal do Brasil em Cuiabá,2023-02-10,http://pesquisa.in.gov.br/imprensa/jsp/visualiza/index.jsp?data=10/02/2023&jornal=515&pagina=21,"Concede Habilitação ao Regime de Suspensão da Contribuição para o PIS/Pasep e da Cofins incidentes sobre as matérias-primas, produtos intermediários e materiais de embalagem adquiridos por pessoa jurídica preponderantemente exportadora, de que trata o artigo 40 da Lei 10.865, de 30 de abril de 2004."
1459,Ordinária,Ministério da Saúde/Secretaria de Atenção Especializada à Saúde,2023-02-10,http://pesquisa.in.gov.br/imprensa/jsp/visualiza/index.jsp?data=10/02/2023&jornal=515&pagina=135,"Indefere a Concessão do CEBAS da Associação Divina Providência, com sede em Rondonópolis (MT)."
1460,Ordinária,Ministério da Saúde/Secretaria de Atenção Especializada à Saúde,2023-02-10,http://pesquisa.in.gov.br/imprensa/jsp/visualiza/index.jsp?data=10/02/2023&jornal=515&pagina=137,"Defere a Renovação do CEBAS do Centro de Valorização da Vida, com sede em São José dos Campos (SP)."
1461,Ordinária,Ministério da Saúde/Secretaria de Atenção Especializada à Saúde,2023-02-10,http://pesquisa.in.gov.br/imprensa/jsp/visualiza/index.jsp?data=10/02/2023&jornal=515&pagina=135,"Defere a Renovação do CEBAS da Irmandade da Santa Casa de Misericórdia de Mogi Guaçu, com sede em Mogi Guaçu (SP)."
1462,Ordinária,Ministério da Saúde/Secretaria de Atenção Especializada à Saúde,2023-02-10,http://pesquisa.in.gov.br/imprensa/jsp/visualiza/index.jsp?data=10/02/2023&jornal=515&pagina=135,"Indefere a Concessão do CEBAS do Instituto de Desenvolvimento Social e Humano de Pernambuco, com sede em Ribeirão (PE)."
1463,Ordinária,Ministério da Saúde/Secretaria de Atenção Especializada à Saúde,2023-02-10,http://pesquisa.in.gov.br/imprensa/jsp/visualiza/index.jsp?data=10/02/2023&jornal=515&pagina=135,"Indefere a Concessão do CEBAS do Centro de Recuperação de Juiz de Fora Contra as Drogas - C.R.J.F.C.D, com sede em Juiz de Fora (MG)."
1464,Ordinária,Ministério da Saúde/Secretaria de Atenção Especializada à Saúde,2023-02-10,http://pesquisa.in.gov.br/imprensa/jsp/visualiza/index.jsp?data=10/02/2023&jornal=515&pagina=134,Concede autorização à estabelecimento e à equipe de saúde para retirada e transplante de fígado.
1465,Ordinária,Ministério da Saúde/Secretaria de Atenção Especializada à Saúde,2023-02-10,http://pesquisa.in.gov.br/imprensa/jsp/visualiza/index.jsp?data=10/02/2023&jornal=515&pagina=137,"Defere a Concessão do CEBAS da Rede Feminina de Combate ao Câncer de Joaçaba-SC, com sede em Joaçaba (SC)."
1466,Ordinária,Ministério da Saúde/Secretaria de Atenção Especializada à Saúde,2023-02-10,http://pesquisa.in.gov.br/imprensa/jsp/visualiza/index.jsp?data=10/02/2023&jornal=515&pagina=135,"Defere a Renovação do CEBAS da Liga Feminina de Combate ao Câncer de Novo Hamburgo, com sede em Novo Hamburgo (RS)."
1467,Ordinária,Ministério da Saúde/Secretaria de Atenção Especializada à Saúde,2023-02-10,http://pesquisa.in.gov.br/imprensa/jsp/visualiza/index.jsp?data=10/02/2023&jornal=515&pagina=134,Concede autorização à estabelecimento e à equipe de saúde para retirada e transplante de coração.
1468,Ordinária,Ministério da Saúde/Secretaria de Atenção Especializada à Saúde,2023-02-10,http://pesquisa.in.gov.br/imprensa/jsp/visualiza/index.jsp?data=10/02/2023&jornal=515&pagina=131,Habilita o Hospital Estadual de Diadema Hospital Serraria como Unidade de Assistência de Alta Complexidade no Tratamento Reparador da Lipodistrofia do Portador de HIV/AIDS.
1469,Ordinária,Ministério da Saúde/Secretaria de Atenção Especializada à Saúde,2023-02-10,http://pesquisa.in.gov.br/imprensa/jsp/visualiza/index.jsp?data=10/02/2023&jornal=515&pagina=139,Exclui estabelecimento e equipes de transplante.
1470,Ordinária,Ministério de Portos e Aeroportos/Agência Nacional de Aviação Civil/Superintendência de Infraestrutura Aeroportuária/Gerência de Certificação e Segurança Operacional,2023-02-10,http://pesquisa.in.gov.br/imprensa/jsp/visualiza/index.jsp?data=10/02/2023&jornal=515&pagina=78,
1471,Ordinária,Ministério da Saúde/Secretaria de Atenção Especializada à Saúde,2023-02-10,http://pesquisa.in.gov.br/imprensa/jsp/visualiza/index.jsp?data=10/02/2023&jornal=515&pagina=137,"Defere a Renovação do CEBAS da Irmandade da Santa Casa de Misericórdia de Bariri, com sede em Bariri (SP)."
1472,Ordinária,Ministério da Fazenda/Secretaria Especial da Receita Federal do Brasil/Subsecretaria-Geral da Receita Federal do Brasil/Superintendência Regional da Receita Federal do Brasil 8ª Região Fiscal/Alfândega da Receita Federal do Brasil no Aeroporto Internacional de São Paulo/Guarulhos,2023-02-10,http://pesquisa.in.gov.br/imprensa/jsp/visualiza/index.jsp?data=10/02/2023&jornal=515&pagina=22,Co-Habilitada ao Regime Especial de Incentivos para o Desenvolvimento da Infraestrutura (REIDI).
1473,Ordinária,Ministério da Saúde/Secretaria de Atenção Especializada à Saúde,2023-02-10,http://pesquisa.in.gov.br/imprensa/jsp/visualiza/index.jsp?data=10/02/2023&jornal=515&pagina=133,Inclui membros em equipes de transplante.
1474,Ordinária,Ministério da Saúde/Secretaria de Atenção Especializada à Saúde,2023-02-10,http://pesquisa.in.gov.br/imprensa/jsp/visualiza/index.jsp?data=10/02/2023&jornal=515&pagina=135,"Indefere a Concessão do CEBAS do INBA - Instituto Bambu, com sede em Santo Estevão (BA)."
1475,Ordinária,Ministério de Portos e Aeroportos/Agência Nacional de Aviação Civil/Superintendência de Infraestrutura Aeroportuária/Gerência de Certificação e Segurança Operacional,2023-02-10,http://pesquisa.in.gov.br/imprensa/jsp/visualiza/index.jsp?data=10/02/2023&jornal=515&pagina=77,
1476,Ordinária,Ministério de Portos e Aeroportos/Agência Nacional de Aviação Civil/Superintendência de Infraestrutura Aeroportuária/Gerência de Certificação e Segurança Operacional,2023-02-10,http://pesquisa.in.gov.br/imprensa/jsp/visualiza/index.jsp?data=10/02/2023&jornal=515&pagina=77,
1477,Ordinária,Ministério de Portos e Aeroportos/Agência Nacional de Aviação Civil/Superintendência de Infraestrutura Aeroportuária/Gerência de Certificação e Segurança Operacional,2023-02-10,http://pesquisa.in.gov.br/imprensa/jsp/visualiza/index.jsp?data=10/02/2023&jornal=515&pagina=77,
1478,Ordinária,Ministério de Portos e Aeroportos/Agência Nacional de Aviação Civil/Superintendência de Infraestrutura Aeroportuária/Gerência de Certificação e Segurança Operacional,2023-02-10,http://pesquisa.in.gov.br/imprensa/jsp/visualiza/index.jsp?data=10/02/2023&jornal=515&pagina=77,
1479,Ordinária,Ministério da Saúde/Secretaria de Atenção Especializada à Saúde,2023-02-10,http://pesquisa.in.gov.br/imprensa/jsp/visualiza/index.jsp?data=10/02/2023&jornal=515&pagina=137,"Indefere a Concessão do CEBAS da União Planetária Amor e Vida, com sede em Muriaé (MG)."
1480,Ordinária,Ministério de Portos e Aeroportos/Agência Nacional de Aviação Civil/Superintendência de Infraestrutura Aeroportuária/Gerência de Certificação e Segurança Operacional,2023-02-10,http://pesquisa.in.gov.br/imprensa/jsp/visualiza/index.jsp?data=10/02/2023&jornal=515&pagina=78,
1481,Ordinária,Ministério de Portos e Aeroportos/Agência Nacional de Aviação Civil/Superintendência de Infraestrutura Aeroportuária/Gerência de Certificação e Segurança Operacional,2023-02-10,http://pesquisa.in.gov.br/imprensa/jsp/visualiza/index.jsp?data=10/02/2023&jornal=515&pagina=77,
1482,Ordinária,Ministério de Portos e Aeroportos/Agência Nacional de Transportes Aquaviários/Superintendência de Fiscalização e Coordenação das Unidades Regionais,2023-02-10,http://pesquisa.in.gov.br/imprensa/jsp/visualiza/index.jsp?data=10/02/2023&jornal=515&pagina=78,
1483,Ordinária,Ministério de Minas e Energia/Agência Nacional de Energia Elétrica/Superintendência de Fiscalização dos Serviços de Geração,2023-02-10,http://pesquisa.in.gov.br/imprensa/jsp/visualiza/index.jsp?data=10/02/2023&jornal=515&pagina=73,
1484,Ordinária,Ministério da Fazenda/Secretaria Especial da Receita Federal do Brasil/Subsecretaria de Tributação e Contencioso/Coordenação-Geral de Tributação,2023-02-10,http://pesquisa.in.gov.br/imprensa/jsp/visualiza/index.jsp?data=10/02/2023&jornal=515&pagina=21,"Enquadra veículo em ""Ex"" da TIPI"
1485,Ordinária,Ministério da Saúde/Gabinete da Ministra,2023-02-10,http://pesquisa.in.gov.br/imprensa/jsp/visualiza/index.jsp?data=10/02/2023&jornal=515&pagina=78,"Estabelece o valor per capita anual para o cálculo do incentivo financeiro com base em critério populacional para o ano de 2023, no âmbito do financiamento da Atenção Primária à Saúde."
1486,Ordinária,Ministério da Saúde/Secretaria de Atenção Especializada à Saúde,2023-02-10,http://pesquisa.in.gov.br/imprensa/jsp/visualiza/index.jsp?data=10/02/2023&jornal=515&pagina=137,"Indefere a Concessão do CEBAS da Casa de Apoio Campo Grande, com sede em Cariacica (ES)."
1487,Ordinária,Ministério da Fazenda/Secretaria Especial da Receita Federal do Brasil/Subsecretaria-Geral da Receita Federal do Brasil/Superintendência Regional da Receita Federal do Brasil 5ª Região Fiscal/Delegacia da Receita Federal do Brasil em Salvador,2023-02-10,http://pesquisa.in.gov.br/imprensa/jsp/visualiza/index.jsp?data=10/02/2023&jornal=515&pagina=21,"Declara habilitado ao REPORTO o estabelecimento matriz da Pessoa Jurídica ATU 18 Arrendatária Portuária SPE S.A., CNPJ nº 41.718.266/0001-51."
1488,Ordinária,Ministério da Saúde/Agência Nacional de Saúde Suplementar,2023-02-10,http://pesquisa.in.gov.br/imprensa/jsp/visualiza/index.jsp?data=10/02/2023&jornal=515&pagina=142,"Altera a Resolução Normativa - RN nº 465, de 24 de fevereiro de 2021, que dispõe sobre o Rol de Procedimentos e Eventos em Saúde no âmbito da Saúde Suplementar, para regulamentar a cobertura obrigatória do medicamento antineoplásico oral Zanubrutinibe, para o tratamento de pacientes adultos com linfoma de células do manto (LCM) que receberam pelo menos uma terapia anterior, e do medicamento imunobiológico Dupilumabe, para o tratamento de pacientes adultos com dermatite atópica grave com indicação de tratamento sistêmico e que apresentem falha, intolerância ou contraindicação à ciclosporina, em cumprimento ao disposto nos parágrafos 4º, 7º e 8º do art. 10 da Lei nº 9.656/1998; e para regulamentar a cobertura obrigatória do medicamento Romosozumabe, para o tratamento de mulheres com osteoporose na pós-menopausa, a partir dos 70 anos, e que falharam ao tratamento medicamentoso (duas ou mais fraturas); do procedimento ""TERAPIA AVANÇADA PARA O TRATAMENTO DA ATROFIA MUSCULAR ESPINHAL (COM DIRETRIZ DE UTILIZAÇÃO)"", visando garantir a cobertura obrigatória do medicamento especial Onasemnogeno abeparvoveque para o tratamento de pacientes pediátricos com até 6 meses de idade com AME tipo I que estejam fora de ventilação mecânica invasiva acima de 16 horas por dia; e do procedimento ""ENSAIO PARA DOSAGEM DA LIBERAÇÃO DE INTERFERON GAMA (COM DIRETRIZ DE UTILIZAÇÃO)"", para a inclusão de pacientes com doenças inflamatórias imunomediadas e os receptores de transplante de órgãos sólidos, em cumprimento ao disposto nos parágrafos 4º e 10 do art. 10 da Lei nº 9.656/1998."
1489,Ordinária,Ministério da Saúde/Secretaria de Atenção Especializada à Saúde,2023-02-10,http://pesquisa.in.gov.br/imprensa/jsp/visualiza/index.jsp?data=10/02/2023&jornal=515&pagina=139,"Defere a Renovação do CEBAS da Associação Beneficente São Camilo, com sede em Conselheiro Lafaiete (MG)."
1490,Ordinária,Ministério de Portos e Aeroportos/Agência Nacional de Aviação Civil/Superintendência de Infraestrutura Aeroportuária,2023-02-10,http://pesquisa.in.gov.br/imprensa/jsp/visualiza/index.jsp?data=10/02/2023&jornal=515&pagina=77,
1491,Ordinária,Ministério da Fazenda/Secretaria Especial da Receita Federal do Brasil/Subsecretaria de Fiscalização/Coordenação-Geral de Fiscalização,2023-02-10,http://pesquisa.in.gov.br/imprensa/jsp/visualiza/index.jsp?data=10/02/2023&jornal=515&pagina=20,
1492,Ordinária,Ministério da Fazenda/Secretaria Especial da Receita Federal do Brasil/Subsecretaria-Geral da Receita Federal do Brasil/Superintendência Regional da Receita Federal do Brasil 7ª Região Fiscal,2023-02-10,http://pesquisa.in.gov.br/imprensa/jsp/visualiza/index.jsp?data=10/02/2023&jornal=515&pagina=22,"Concede, à pessoa jurídica que menciona, habilitação para operar no Regime de Suspensão da Contribuição para o PIS/PASEP, da COFINS, da Contribuição para o PIS/PASEP - Importação e da COFINS-Importação para Aquisição ou Importação de Óleo Combustível destinado à Navegação de Cabotagem ou de Apoio Marítimo ou Portuário de que trata o art. 353, da Instrução Normativa RFB nº 2121, de 15 de dezembro de 2022."
1493,Ordinária,Ministério da Saúde/Secretaria de Atenção Especializada à Saúde,2023-02-10,http://pesquisa.in.gov.br/imprensa/jsp/visualiza/index.jsp?data=10/02/2023&jornal=515&pagina=141,"Defere a Renovação do CEBAS da Fundação Espírita Allan Kardec, com sede em Franca (SP)."
1494,Ordinária,Ministério da Saúde/Secretaria de Atenção Especializada à Saúde,2023-02-10,http://pesquisa.in.gov.br/imprensa/jsp/visualiza/index.jsp?data=10/02/2023&jornal=515&pagina=140,"Indefere a Concessão do CEBAS do CENTROHERD - Centro Holístico de Estudo e Recuperação em Dependências Físicas e/ou Psicológicas, com sede em Uberaba (MG)."
1495,Ordinária,Ministério da Fazenda/Secretaria Especial da Receita Federal do Brasil/Subsecretaria-Geral da Receita Federal do Brasil/Superintendência Regional da Receita Federal do Brasil 7ª Região Fiscal,2023-02-10,http://pesquisa.in.gov.br/imprensa/jsp/visualiza/index.jsp?data=10/02/2023&jornal=515&pagina=21,"Concede, à pessoa jurídica que menciona, habilitação para operar no Regime Especial de Incentivos para o Desenvolvimento da Infraestrutura (REIDI) de que trata a Instrução Normativa RFB nº 2.121/2022."
1496,Ordinária,Ministério da Saúde/Secretaria de Atenção Especializada à Saúde,2023-02-10,http://pesquisa.in.gov.br/imprensa/jsp/visualiza/index.jsp?data=10/02/2023&jornal=515&pagina=141,"Defere, sub judice, a Renovação do CEBAS da Real e Benemérita Associação Portuguesa de Beneficência, com sede em São Paulo (SP)."
1497,Ordinária,"Ministério do Desenvolvimento e Assistência Social, Família e Combate à Fome/Gabinete do Ministro",2023-02-10,http://pesquisa.in.gov.br/imprensa/jsp/visualiza/index.jsp?data=10/02/2023&jornal=515&pagina=16,Dispõe sobre a convocação da 13ª Conferência Nacional de Assistência Social.
1498,Ordinária,Ministério dos Transportes/Secretaria Nacional de Trânsito,2023-02-10,http://pesquisa.in.gov.br/imprensa/jsp/visualiza/index.jsp?data=10/02/2023&jornal=515&pagina=159,
1499,Ordinária,Ministério da Fazenda/Secretaria Especial da Receita Federal do Brasil/Subsecretaria-Geral da Receita Federal do Brasil/Superintendência Regional da Receita Federal do Brasil 7ª Região Fiscal,2023-02-10,http://pesquisa.in.gov.br/imprensa/jsp/visualiza/index.jsp?data=10/02/2023&jornal=515&pagina=22,"Concede, à pessoa jurídica que menciona, habilitação para operar no Regime Especial de Incentivos para o Desenvolvimento da Infraestrutura (REIDI) de que trata a Instrução Normativa RFB nº 2.121/2022."
1500,Ordinária,Ministério das Comunicações/Agência Nacional de Telecomunicações/Superintendência de Fiscalização/Gerência Regional nos Estados do Paraná e Santa Catarina,2023-02-10,http://pesquisa.in.gov.br/imprensa/jsp/visualiza/index.jsp?data=10/02/2023&jornal=515&pagina=6,
1501,Ordinária,Ministério do Trabalho e Emprego/Secretaria de Inspeção do Trabalho/Departamento de Fiscalização do Trabalho/Coordenação-Geral de Recursos,2023-02-10,http://pesquisa.in.gov.br/imprensa/jsp/visualiza/index.jsp?data=10/02/2023&jornal=515&pagina=157,
1502,Ordinária,Ministério dos Transportes/Secretaria Nacional de Trânsito,2023-02-10,http://pesquisa.in.gov.br/imprensa/jsp/visualiza/index.jsp?data=10/02/2023&jornal=515&pagina=159,
1503,Ordinária,Ministério das Comunicações/Agência Nacional de Telecomunicações/Superintendência de Radiofrequência e Fiscalização/Gerência-Geral de Fiscalização/Escritório Regional no Estado da Bahia,2023-02-10,http://pesquisa.in.gov.br/imprensa/jsp/visualiza/index.jsp?data=10/02/2023&jornal=515&pagina=6,
1504,Ordinária,Ministério da Defesa/Comando da Marinha/Gabinete do Comandante,2023-02-10,http://pesquisa.in.gov.br/imprensa/jsp/visualiza/index.jsp?data=10/02/2023&jornal=515&pagina=9,"Institui o Grupo de Fiscalização e Recebimento do Sistema de Aeronaves Remotamente Pilotadas Embarcado ""ScanEagle"" e dá outras providências."
1505,Ordinária,Ministério da Fazenda/Conselho de Recursos do Sistema Financeiro Nacional,2023-02-10,http://pesquisa.in.gov.br/imprensa/jsp/visualiza/index.jsp?data=10/02/2023&jornal=515&pagina=19,
1506,Ordinária,Ministério das Comunicações/Agência Nacional de Telecomunicações/Superintendência de Outorga e Recursos à Prestação/Gerência de Outorga e Licenciamento de Estações,2023-02-10,http://pesquisa.in.gov.br/imprensa/jsp/visualiza/index.jsp?data=10/02/2023&jornal=515&pagina=7,
1507,Ordinária,Ministério da Agricultura e Pecuária/Secretaria Executiva/Superintendência de Agricultura e Pecuária do Estado de Santa Catarina,2023-02-10,http://pesquisa.in.gov.br/imprensa/jsp/visualiza/index.jsp?data=10/02/2023&jornal=515&pagina=3,
1508,Ordinária,Ministério das Comunicações/Agência Nacional de Telecomunicações/Superintendência de Outorga e Recursos à Prestação/Gerência de Outorga e Licenciamento de Estações,2023-02-10,http://pesquisa.in.gov.br/imprensa/jsp/visualiza/index.jsp?data=10/02/2023&jornal=515&pagina=8,
1509,Ordinária,Ministério de Minas e Energia/Agência Nacional de Mineração/Gerência Regional da ANM no Estado do Pará,2023-02-10,http://pesquisa.in.gov.br/imprensa/jsp/visualiza/index.jsp?data=10/02/2023&jornal=515&pagina=75,
1510,Ordinária,Ministério das Comunicações/Agência Nacional de Telecomunicações/Superintendência de Outorga e Recursos à Prestação/Gerência de Outorga e Licenciamento de Estações,2023-02-10,http://pesquisa.in.gov.br/imprensa/jsp/visualiza/index.jsp?data=10/02/2023&jornal=515&pagina=8,
1511,Ordinária,Ministério de Minas e Energia/Agência Nacional de Mineração/Gerência Regional da ANM no Estado de Goiás,2023-02-10,http://pesquisa.in.gov.br/imprensa/jsp/visualiza/index.jsp?data=10/02/2023&jornal=515&pagina=75,
1512,Ordinária,Ministério de Minas e Energia/Agência Nacional de Mineração/Superintendência de Segurança de Barragens de Mineração/Coordenação de Planejamento e Gestão de Barragens de Mineração- Eixo Central/MG,2023-02-10,http://pesquisa.in.gov.br/imprensa/jsp/visualiza/index.jsp?data=10/02/2023&jornal=515&pagina=76,
1513,Ordinária,Ministério de Minas e Energia/Agência Nacional de Mineração/Superintendência de Outorga de Títulos Minerários,2023-02-10,http://pesquisa.in.gov.br/imprensa/jsp/visualiza/index.jsp?data=10/02/2023&jornal=515&pagina=76,
1514,Ordinária,Ministério de Minas e Energia/Agência Nacional de Mineração/Superintendência de Arrecadação e Fiscalização de Receitas,2023-02-10,http://pesquisa.in.gov.br/imprensa/jsp/visualiza/index.jsp?data=10/02/2023&jornal=515&pagina=75,
1515,Ordinária,Ministério da Saúde/Secretaria de Atenção Especializada à Saúde,2023-02-10,http://pesquisa.in.gov.br/imprensa/jsp/visualiza/index.jsp?data=10/02/2023&jornal=515&pagina=140,Concede autorização às equipes de saúde para retirada e transplante de tecidos.
1516,Ordinária,Ministério das Comunicações/Agência Nacional de Telecomunicações/Superintendência de Fiscalização/Gerência Regional no Estado de São Paulo,2023-02-10,http://pesquisa.in.gov.br/imprensa/jsp/visualiza/index.jsp?data=10/02/2023&jornal=515&pagina=6,
1517,Ordinária,Ministério de Minas e Energia/Agência Nacional de Energia Elétrica/Superintendência de Concessões e Autorizações de Geração,2023-02-10,http://pesquisa.in.gov.br/imprensa/jsp/visualiza/index.jsp?data=10/02/2023&jornal=515&pagina=73,
1518,Ordinária,"Ministério do Desenvolvimento e Assistência Social, Família e Combate à Fome/Secretaria Nacional de Assistência Social",2023-02-10,http://pesquisa.in.gov.br/imprensa/jsp/visualiza/index.jsp?data=10/02/2023&jornal=515&pagina=16,"Pactua a instituição do Programa de Fortalecimento Emergencial do Atendimento do Cadastro Único no Sistema Único da Assistência Social, e os critérios de partilha do financiamento federal do Programa no exercício de 2023 e dá outras providências."
1519,Ordinária,Ministério da Educação/Universidade Federal do Rio de Janeiro/Centro de Ciências da Saúde/Escola de Enfermagem Anna Nery,2023-02-10,http://pesquisa.in.gov.br/imprensa/jsp/visualiza/index.jsp?data=10/02/2023&jornal=515&pagina=18,Tornar público o resultado do Processo Seletivo Simplificado para contratação de Professor Substituto do Departamento de Enfermagem Médico-Cirúrgica - Setor: Enfermagem Hospitalar da EEAN/UFRJ.
1520,Ordinária,Ministério da Justiça e Segurança Pública/Secretaria Nacional de Justiça/Departamento de Migrações/Coordenação-Geral de Política Migratória/Coordenação de Processos Migratórios,2023-02-10,http://pesquisa.in.gov.br/imprensa/jsp/visualiza/index.jsp?data=10/02/2023&jornal=515&pagina=32,
1521,Ordinária,Ministério de Portos e Aeroportos/Agência Nacional de Aviação Civil/Superintendência de Infraestrutura Aeroportuária/Gerência de Certificação e Segurança Operacional,2023-02-10,http://pesquisa.in.gov.br/imprensa/jsp/visualiza/index.jsp?data=10/02/2023&jornal=515&pagina=77,
1522,Ordinária,Ministério da Fazenda/Secretaria Especial da Receita Federal do Brasil/Subsecretaria-Geral da Receita Federal do Brasil/Superintendência Regional da Receita Federal do Brasil 9ª Região Fiscal/Delegacia da Receita Federal do Brasil em Curitiba,2023-02-10,http://pesquisa.in.gov.br/imprensa/jsp/visualiza/index.jsp?data=10/02/2023&jornal=515&pagina=23,Concede coabilitação ao Regime Especial de Incentivos para o Desenvolvimento da Infra-Estrutura (Reidi) à pessoa jurídica que menciona.
1523,Ordinária,Ministério de Minas e Energia/Agência Nacional de Energia Elétrica/Superintendência de Regulação Econômica e Estudos do Mercado,2023-02-10,http://pesquisa.in.gov.br/imprensa/jsp/visualiza/index.jsp?data=10/02/2023&jornal=515&pagina=74,
1524,Ordinária,Ministério de Minas e Energia/Agência Nacional de Energia Elétrica,2023-02-10,http://pesquisa.in.gov.br/imprensa/jsp/visualiza/index.jsp?data=10/02/2023&jornal=515&pagina=73,
1525,Ordinária,Ministério de Minas e Energia/Agência Nacional de Energia Elétrica,2023-02-10,http://pesquisa.in.gov.br/imprensa/jsp/visualiza/index.jsp?data=10/02/2023&jornal=515&pagina=73,
1526,Ordinária,Ministério de Minas e Energia/Agência Nacional de Energia Elétrica,2023-02-10,http://pesquisa.in.gov.br/imprensa/jsp/visualiza/index.jsp?data=10/02/2023&jornal=515&pagina=73,
1527,Ordinária,Ministério de Minas e Energia/Agência Nacional de Energia Elétrica,2023-02-10,http://pesquisa.in.gov.br/imprensa/jsp/visualiza/index.jsp?data=10/02/2023&jornal=515&pagina=73,
1528,Ordinária,Ministério de Minas e Energia/Agência Nacional de Energia Elétrica,2023-02-10,http://pesquisa.in.gov.br/imprensa/jsp/visualiza/index.jsp?data=10/02/2023&jornal=515&pagina=73,
1529,Ordinária,Ministério de Minas e Energia/Agência Nacional de Energia Elétrica/Superintendência de Regulação Econômica e Estudos do Mercado,2023-02-10,http://pesquisa.in.gov.br/imprensa/jsp/visualiza/index.jsp?data=10/02/2023&jornal=515&pagina=74,
1530,Ordinária,Ministério de Minas e Energia/Agência Nacional de Energia Elétrica,2023-02-10,http://pesquisa.in.gov.br/imprensa/jsp/visualiza/index.jsp?data=10/02/2023&jornal=515&pagina=73,
1531,Ordinária,Ministério de Minas e Energia/Agência Nacional de Mineração/Superintendência de Outorga de Títulos Minerários,2023-02-10,http://pesquisa.in.gov.br/imprensa/jsp/visualiza/index.jsp?data=10/02/2023&jornal=515&pagina=75,
1532,Ordinária,Ministério de Minas e Energia/Agência Nacional de Energia Elétrica,2023-02-10,http://pesquisa.in.gov.br/imprensa/jsp/visualiza/index.jsp?data=10/02/2023&jornal=515&pagina=73,
1533,Ordinária,"Ministério de Minas e Energia/Agência Nacional do Petróleo, Gás Natural e Biocombustíveis/Diretoria I/Superintendência de Distribuição e Logística",2023-02-10,http://pesquisa.in.gov.br/imprensa/jsp/visualiza/index.jsp?data=10/02/2023&jornal=515&pagina=76,
1534,Ordinária,Ministério de Minas e Energia/Agência Nacional de Mineração/Superintendência de Outorga de Títulos Minerários,2023-02-10,http://pesquisa.in.gov.br/imprensa/jsp/visualiza/index.jsp?data=10/02/2023&jornal=515&pagina=76,
1535,Ordinária,Ministério de Minas e Energia/Petróleo Brasileiro S.A.,2023-02-10,http://pesquisa.in.gov.br/imprensa/jsp/visualiza/index.jsp?data=10/02/2023&jornal=515&pagina=76,
1536,Ordinária,Ministério de Minas e Energia/Agência Nacional de Energia Elétrica,2023-02-10,http://pesquisa.in.gov.br/imprensa/jsp/visualiza/index.jsp?data=10/02/2023&jornal=515&pagina=38,
1537,Ordinária,Ministério de Minas e Energia/Agência Nacional de Energia Elétrica,2023-02-10,http://pesquisa.in.gov.br/imprensa/jsp/visualiza/index.jsp?data=10/02/2023&jornal=515&pagina=38,
1538,Ordinária,Ministério de Minas e Energia/Agência Nacional de Energia Elétrica,2023-02-10,http://pesquisa.in.gov.br/imprensa/jsp/visualiza/index.jsp?data=10/02/2023&jornal=515&pagina=38,
1539,Ordinária,Ministério de Minas e Energia/Agência Nacional de Energia Elétrica,2023-02-10,http://pesquisa.in.gov.br/imprensa/jsp/visualiza/index.jsp?data=10/02/2023&jornal=515&pagina=38,
1540,Ordinária,Ministério de Minas e Energia/Agência Nacional de Energia Elétrica,2023-02-10,http://pesquisa.in.gov.br/imprensa/jsp/visualiza/index.jsp?data=10/02/2023&jornal=515&pagina=37,
1541,Ordinária,Ministério de Minas e Energia/Agência Nacional de Energia Elétrica,2023-02-10,http://pesquisa.in.gov.br/imprensa/jsp/visualiza/index.jsp?data=10/02/2023&jornal=515&pagina=38,
1542,Ordinária,Ministério de Minas e Energia/Agência Nacional de Energia Elétrica,2023-02-10,http://pesquisa.in.gov.br/imprensa/jsp/visualiza/index.jsp?data=10/02/2023&jornal=515&pagina=38,
1543,Ordinária,Ministério de Minas e Energia/Agência Nacional de Energia Elétrica,2023-02-10,http://pesquisa.in.gov.br/imprensa/jsp/visualiza/index.jsp?data=10/02/2023&jornal=515&pagina=38,
1544,Ordinária,Ministério do Meio Ambiente e Mudança do Clima/Agência Nacional de Águas e Saneamento Básico,2023-02-10,http://pesquisa.in.gov.br/imprensa/jsp/visualiza/index.jsp?data=10/02/2023&jornal=515&pagina=37,
1545,Ordinária,Ministério de Minas e Energia/Agência Nacional de Energia Elétrica,2023-02-10,http://pesquisa.in.gov.br/imprensa/jsp/visualiza/index.jsp?data=10/02/2023&jornal=515&pagina=39,"Atualização do Módulo 8 dos Procedimentos de Regulação Tarifária - PRORET, de forma a promover adequações nos cálculos tarifários e ajustar a regulamentação à implementação prática, após a Audiência Pública nº 63/2018, instituída com vistas a colher subsídios e informações adicionais para adequações e consolidação dos PRORET."
1546,Ordinária,Ministério de Minas e Energia/Agência Nacional de Energia Elétrica,2023-02-10,http://pesquisa.in.gov.br/imprensa/jsp/visualiza/index.jsp?data=10/02/2023&jornal=515&pagina=37,
1547,Ordinária,Ministério de Minas e Energia/Agência Nacional de Energia Elétrica,2023-02-10,http://pesquisa.in.gov.br/imprensa/jsp/visualiza/index.jsp?data=10/02/2023&jornal=515&pagina=37,
1548,Ordinária,Ministério de Minas e Energia/Agência Nacional de Energia Elétrica,2023-02-10,http://pesquisa.in.gov.br/imprensa/jsp/visualiza/index.jsp?data=10/02/2023&jornal=515&pagina=37,
1549,Ordinária,Ministério de Minas e Energia/Agência Nacional de Energia Elétrica,2023-02-10,http://pesquisa.in.gov.br/imprensa/jsp/visualiza/index.jsp?data=10/02/2023&jornal=515&pagina=38,Homologa o modelo do Formulário de Orçamento de Conexão de centrais de microgeração e minigeração distribuída e os valores de referência dos custos de investimento.
1550,Ordinária,Ministério da Justiça e Segurança Pública/Secretaria Nacional de Justiça/Departamento de Migrações/Coordenação-Geral de Política Migratória/Coordenação de Processos Migratórios,2023-02-10,http://pesquisa.in.gov.br/imprensa/jsp/visualiza/index.jsp?data=10/02/2023&jornal=515&pagina=31,
1551,Ordinária,Ministério da Justiça e Segurança Pública/Secretaria Nacional de Justiça/Departamento de Migrações/Coordenação-Geral de Imigração Laboral,2023-02-10,http://pesquisa.in.gov.br/imprensa/jsp/visualiza/index.jsp?data=10/02/2023&jornal=515&pagina=31,
1552,Ordinária,Ministério da Justiça e Segurança Pública/Secretaria Nacional de Justiça/Departamento de Migrações/Coordenação-Geral de Imigração Laboral,2023-02-10,http://pesquisa.in.gov.br/imprensa/jsp/visualiza/index.jsp?data=10/02/2023&jornal=515&pagina=31,
1553,Ordinária,Ministério da Justiça e Segurança Pública/Polícia Federal/Diretoria de Polícia Administrativa/Coordenação-Geral de Controle de Serviços e Produtos,2023-02-10,http://pesquisa.in.gov.br/imprensa/jsp/visualiza/index.jsp?data=10/02/2023&jornal=515&pagina=30,
1554,Ordinária,Ministério da Integração e do Desenvolvimento Regional/Secretaria Nacional de Proteção e Defesa Civil,2023-02-10,http://pesquisa.in.gov.br/imprensa/jsp/visualiza/index.jsp?data=10/02/2023&jornal=515&pagina=27,
1555,Ordinária,Ministério da Justiça e Segurança Pública/Secretaria Nacional de Justiça/Departamento de Migrações/Coordenação-Geral de Política Migratória/Coordenação de Processos Migratórios/Divisão de Naturalização,2023-02-10,http://pesquisa.in.gov.br/imprensa/jsp/visualiza/index.jsp?data=10/02/2023&jornal=515&pagina=36,
1556,Ordinária,Ministério da Integração e do Desenvolvimento Regional/Secretaria Nacional de Proteção e Defesa Civil,2023-02-10,http://pesquisa.in.gov.br/imprensa/jsp/visualiza/index.jsp?data=10/02/2023&jornal=515&pagina=27,"Autoriza a transferência de recursos ao Município de Piranguçu-MG, para a execução de ações de Defesa Civil."
1557,Ordinária,Ministério da Justiça e Segurança Pública/Secretaria Nacional de Justiça,2023-02-10,http://pesquisa.in.gov.br/imprensa/jsp/visualiza/index.jsp?data=10/02/2023&jornal=515&pagina=30,
1558,Ordinária,Ministério da Integração e do Desenvolvimento Regional/Secretaria Nacional de Proteção e Defesa Civil,2023-02-10,http://pesquisa.in.gov.br/imprensa/jsp/visualiza/index.jsp?data=10/02/2023&jornal=515&pagina=26,"Autoriza o empenho e a transferência de recursos ao Município de Contendas do Sincorá-BA, para a execução de ações de Defesa Civil."
1559,Ordinária,Ministério da Integração e do Desenvolvimento Regional/Secretaria Nacional de Proteção e Defesa Civil,2023-02-10,http://pesquisa.in.gov.br/imprensa/jsp/visualiza/index.jsp?data=10/02/2023&jornal=515&pagina=26,
1560,Ordinária,Ministério da Justiça e Segurança Pública/Polícia Federal/Diretoria de Polícia Administrativa/Coordenação-Geral de Controle de Serviços e Produtos,2023-02-10,http://pesquisa.in.gov.br/imprensa/jsp/visualiza/index.jsp?data=10/02/2023&jornal=515&pagina=27,
1561,Ordinária,Ministério da Integração e do Desenvolvimento Regional/Secretaria Nacional de Proteção e Defesa Civil,2023-02-10,http://pesquisa.in.gov.br/imprensa/jsp/visualiza/index.jsp?data=10/02/2023&jornal=515&pagina=26,
1562,Ordinária,Ministério da Integração e do Desenvolvimento Regional/Secretaria Nacional de Proteção e Defesa Civil,2023-02-10,http://pesquisa.in.gov.br/imprensa/jsp/visualiza/index.jsp?data=10/02/2023&jornal=515&pagina=27,
1563,Ordinária,Ministério da Gestão e da Inovação em Serviços Públicos/Secretaria Executiva,2023-02-10,http://pesquisa.in.gov.br/imprensa/jsp/visualiza/index.jsp?data=10/02/2023&jornal=515&pagina=26,Institui comissão provisória para decidir sobre consultas quanto à existência de conflito de interesses e pedidos de autorização para o exercício de atividade privada.
1564,Ordinária,Ministério do Meio Ambiente e Mudança do Clima/Instituto Chico Mendes de Conservação da Biodiversidade/Gerência Regional Norte,2023-02-10,http://pesquisa.in.gov.br/imprensa/jsp/visualiza/index.jsp?data=10/02/2023&jornal=515&pagina=37,"Modifica a composição do Conselho Deliberativo da Reserva Extrativista Riozinho da Liberdade, no estado do Acre."
1565,Ordinária,Ministério da Fazenda/Comissão de Valores Mobiliários/Superintendência-Geral/Superintendência de Supervisão de Investidores Institucionais/Gerência de Acompanhamento de Investidores Institucionais,2023-02-10,http://pesquisa.in.gov.br/imprensa/jsp/visualiza/index.jsp?data=10/02/2023&jornal=515&pagina=26,
1566,Ordinária,Ministério da Fazenda/Secretaria Especial da Receita Federal do Brasil/Subsecretaria-Geral da Receita Federal do Brasil/Superintendência Regional da Receita Federal do Brasil 9ª Região Fiscal/Delegacia da Receita Federal do Brasil em Curitiba,2023-02-10,http://pesquisa.in.gov.br/imprensa/jsp/visualiza/index.jsp?data=10/02/2023&jornal=515&pagina=24,Concede coabilitação ao Regime Especial de Incentivos para o Desenvolvimento da Infra-Estrutura (Reidi) à pessoa jurídica que menciona.
1567,Ordinária,Ministério de Minas e Energia/Agência Nacional de Mineração/Superintendência de Outorga de Títulos Minerários,2023-02-10,http://pesquisa.in.gov.br/imprensa/jsp/visualiza/index.jsp?data=10/02/2023&jornal=515&pagina=76,
1568,Ordinária,Ministério da Fazenda/Secretaria Especial da Receita Federal do Brasil/Subsecretaria-Geral da Receita Federal do Brasil/Superintendência Regional da Receita Federal do Brasil 9ª Região Fiscal/Delegacia da Receita Federal do Brasil em Joinville,2023-02-10,http://pesquisa.in.gov.br/imprensa/jsp/visualiza/index.jsp?data=10/02/2023&jornal=515&pagina=24,Autoriza o fornecimento de selos de controle de bebidas para importação.
1569,Ordinária,Ministério da Fazenda/Superintendência de Seguros Privados,2023-02-10,http://pesquisa.in.gov.br/imprensa/jsp/visualiza/index.jsp?data=10/02/2023&jornal=515&pagina=25,Dispõe sobre o Comitê de Gestão Orçamentária e de Aquisições (CGA) da Susep.
1570,Ordinária,Ministério da Fazenda/Secretaria do Tesouro Nacional/Subsecretaria da Dívida Pública,2023-02-10,http://pesquisa.in.gov.br/imprensa/jsp/visualiza/index.jsp?data=10/02/2023&jornal=515&pagina=24,
1571,Ordinária,Ministério da Integração e do Desenvolvimento Regional/Secretaria Nacional de Proteção e Defesa Civil,2023-02-10,http://pesquisa.in.gov.br/imprensa/jsp/visualiza/index.jsp?data=10/02/2023&jornal=515&pagina=26,"Autoriza o empenho e a transferência de recursos ao Município de São Francisco-MG, para a execução de ações de Defesa Civil."
1572,Ordinária,Ministério da Fazenda/Secretaria Especial da Receita Federal do Brasil/Subsecretaria-Geral da Receita Federal do Brasil/Superintendência Regional da Receita Federal do Brasil 8ª Região Fiscal/Delegacia da Receita Federal do Brasil em Sorocaba,2023-02-10,http://pesquisa.in.gov.br/imprensa/jsp/visualiza/index.jsp?data=10/02/2023&jornal=515&pagina=23,Co-Habilitada ao Regime Especial de Incentivos para o Desenvolvimento da Infraestrutura (REIDI).
1573,Ordinária,Ministério de Minas e Energia/Agência Nacional de Energia Elétrica,2023-02-10,http://pesquisa.in.gov.br/imprensa/jsp/visualiza/index.jsp?data=10/02/2023&jornal=515&pagina=73,
1574,Ordinária,Ministério da Fazenda/Secretaria Especial da Receita Federal do Brasil/Subsecretaria-Geral da Receita Federal do Brasil/Superintendência Regional da Receita Federal do Brasil 9ª Região Fiscal/Delegacia da Receita Federal do Brasil em Curitiba,2023-02-10,http://pesquisa.in.gov.br/imprensa/jsp/visualiza/index.jsp?data=10/02/2023&jornal=515&pagina=23,Concede coabilitação ao Regime Especial de Incentivos para o Desenvolvimento da Infra-Estrutura (Reidi) à pessoa jurídica que menciona.
1575,Ordinária,Ministério de Minas e Energia/Agência Nacional de Energia Elétrica,2023-02-10,http://pesquisa.in.gov.br/imprensa/jsp/visualiza/index.jsp?data=10/02/2023&jornal=515&pagina=37,
1576,Ordinária,Ministério de Minas e Energia/Agência Nacional de Energia Elétrica,2023-02-10,http://pesquisa.in.gov.br/imprensa/jsp/visualiza/index.jsp?data=10/02/2023&jornal=515&pagina=65,"Aprimora as regras para a conexão e o faturamento de centrais de microgeração e minigeração distribuída em sistemas de distribuição de energia elétrica, bem como as regras do Sistema de Compensação de Energia Elétrica; altera as Resoluções Normativas n° 920, de 23 de fevereiro de 2021, 956, de 7 de dezembro de 2021, 1.000, de 7 de dezembro de 2021, 1009, de 22 de março de 2022, e dá outras providências."
1577,Ordinária,Ministério da Integração e do Desenvolvimento Regional/Secretaria Nacional de Proteção e Defesa Civil,2023-02-10,http://pesquisa.in.gov.br/imprensa/jsp/visualiza/index.jsp?data=10/02/2023&jornal=515&pagina=26,"Autoriza o empenho e a transferência de recursos ao Município de Morretes-PR, para a execução de ações de Defesa Civil."
1578,Ordinária,Ministério de Minas e Energia/Agência Nacional de Energia Elétrica,2023-02-10,http://pesquisa.in.gov.br/imprensa/jsp/visualiza/index.jsp?data=10/02/2023&jornal=515&pagina=73,
1579,Ordinária,Ministério de Minas e Energia/Agência Nacional de Mineração/Gerência Regional da ANM no Estado do Pará,2023-02-13,http://pesquisa.in.gov.br/imprensa/jsp/visualiza/index.jsp?data=13/02/2023&jornal=515&pagina=62,
1580,Ordinária,Ministério do Trabalho e Emprego/Secretaria de Relações do Trabalho/Departamento de Relações de Trabalho,2023-02-13,http://pesquisa.in.gov.br/imprensa/jsp/visualiza/index.jsp?data=13/02/2023&jornal=515&pagina=119,
1581,Ordinária,Ministério da Justiça e Segurança Pública/Secretaria Nacional de Justiça/Departamento de Migrações/Coordenação-Geral de Política Migratória/Coordenação de Processos Migratórios,2023-02-13,http://pesquisa.in.gov.br/imprensa/jsp/visualiza/index.jsp?data=13/02/2023&jornal=515&pagina=34,
1582,Ordinária,Ministério de Minas e Energia/Agência Nacional de Mineração,2023-02-13,http://pesquisa.in.gov.br/imprensa/jsp/visualiza/index.jsp?data=13/02/2023&jornal=515&pagina=58,
1583,Ordinária,Ministério de Minas e Energia/Agência Nacional de Mineração,2023-02-13,http://pesquisa.in.gov.br/imprensa/jsp/visualiza/index.jsp?data=13/02/2023&jornal=515&pagina=58,
1584,Ordinária,Ministério de Minas e Energia/Agência Nacional de Mineração/Gerência Regional da ANM no Estado do Pará,2023-02-13,http://pesquisa.in.gov.br/imprensa/jsp/visualiza/index.jsp?data=13/02/2023&jornal=515&pagina=61,
1585,Ordinária,Ministério de Minas e Energia/Agência Nacional de Energia Elétrica/Superintendência de Concessões e Autorizações de Geração,2023-02-13,http://pesquisa.in.gov.br/imprensa/jsp/visualiza/index.jsp?data=13/02/2023&jornal=515&pagina=58,
1586,Ordinária,"Ministério das Comunicações/Agência Nacional de Telecomunicações/Superintendência de Outorga e Recursos à Prestação/Gerência de Espectro, Órbita e Radiodifusão",2023-02-13,http://pesquisa.in.gov.br/imprensa/jsp/visualiza/index.jsp?data=13/02/2023&jornal=515&pagina=10,
1587,Ordinária,Ministério de Minas e Energia/Agência Nacional de Mineração/Gerência Regional da ANM no Estado da Bahia,2023-02-13,http://pesquisa.in.gov.br/imprensa/jsp/visualiza/index.jsp?data=13/02/2023&jornal=515&pagina=59,
1588,Ordinária,Ministério Público da União/Ministério Público do Trabalho/Procuradoria-Geral/Conselho Superior,2023-02-13,http://pesquisa.in.gov.br/imprensa/jsp/visualiza/index.jsp?data=13/02/2023&jornal=515&pagina=120,
1589,Ordinária,"Ministério da Justiça e Segurança Pública/Secretaria Nacional de Segurança Pública/Comissão Nacional de Segurança Pública nos Portos, Terminais e Vias Navegáveis",2023-02-13,http://pesquisa.in.gov.br/imprensa/jsp/visualiza/index.jsp?data=13/02/2023&jornal=515&pagina=38,
1590,Ordinária,Ministério da Saúde/Agência Nacional de Vigilância Sanitária/4ª Diretoria/Coordenação de Atuação Administrativa e Julgamento das Infrações Sanitárias,2023-02-13,http://pesquisa.in.gov.br/imprensa/jsp/visualiza/index.jsp?data=13/02/2023&jornal=515&pagina=109,
1591,Ordinária,Ministério da Defesa/Comando da Marinha/Estado-Maior da Armada,2023-02-13,http://pesquisa.in.gov.br/imprensa/jsp/visualiza/index.jsp?data=13/02/2023&jornal=515&pagina=16,
1592,Ordinária,Ministério da Defesa/Comando da Marinha/Estado-Maior da Armada,2023-02-13,http://pesquisa.in.gov.br/imprensa/jsp/visualiza/index.jsp?data=13/02/2023&jornal=515&pagina=16,
1593,Ordinária,Ministério de Minas e Energia/Agência Nacional de Mineração/Gerência Regional da ANM no Estado do Rio Grande do Sul,2023-02-13,http://pesquisa.in.gov.br/imprensa/jsp/visualiza/index.jsp?data=13/02/2023&jornal=515&pagina=62,
1594,Ordinária,Ministério de Minas e Energia/Agência Nacional de Energia Elétrica/Superintendência de Fiscalização dos Serviços de Geração,2023-02-13,http://pesquisa.in.gov.br/imprensa/jsp/visualiza/index.jsp?data=13/02/2023&jornal=515&pagina=58,
1595,Ordinária,Ministério de Minas e Energia/Agência Nacional de Mineração/Gerência Regional da ANM no Estado do Rio Grande do Sul,2023-02-13,http://pesquisa.in.gov.br/imprensa/jsp/visualiza/index.jsp?data=13/02/2023&jornal=515&pagina=62,
1596,Ordinária,"Ministério das Comunicações/Agência Nacional de Telecomunicações/Superintendência de Fiscalização/Gerência Regional nos Estados de Pernambuco, Paraíba e Alagoas",2023-02-13,http://pesquisa.in.gov.br/imprensa/jsp/visualiza/index.jsp?data=13/02/2023&jornal=515&pagina=9,
1597,Ordinária,Ministério de Minas e Energia/Agência Nacional de Mineração/Gerência Regional da ANM no Estado do Rio Grande do Sul,2023-02-13,http://pesquisa.in.gov.br/imprensa/jsp/visualiza/index.jsp?data=13/02/2023&jornal=515&pagina=62,
1598,Ordinária,Ministério da Justiça e Segurança Pública/Conselho Administrativo de Defesa Econômica/Superintendência-Geral,2023-02-13,http://pesquisa.in.gov.br/imprensa/jsp/visualiza/index.jsp?data=13/02/2023&jornal=515&pagina=38,
1599,Ordinária,Ministério de Minas e Energia/Agência Nacional de Mineração/Gerência Regional da ANM no Estado da Bahia,2023-02-13,http://pesquisa.in.gov.br/imprensa/jsp/visualiza/index.jsp?data=13/02/2023&jornal=515&pagina=59,
1600,Ordinária,Ministério de Minas e Energia/Agência Nacional de Mineração/Gerência Regional da ANM no Estado da Bahia,2023-02-13,http://pesquisa.in.gov.br/imprensa/jsp/visualiza/index.jsp?data=13/02/2023&jornal=515&pagina=59,
1601,Ordinária,Ministério da Saúde/Agência Nacional de Saúde Suplementar,2023-02-13,http://pesquisa.in.gov.br/imprensa/jsp/visualiza/index.jsp?data=13/02/2023&jornal=515&pagina=83,Dispõe sobre a Nota Técnica de Registro de Produto.
1602,Ordinária,Ministério de Portos e Aeroportos/Agência Nacional de Aviação Civil,2023-02-13,http://pesquisa.in.gov.br/imprensa/jsp/visualiza/index.jsp?data=13/02/2023&jornal=515&pagina=68,Aprova a Emenda nº 14 ao RBAC nº 61.
1603,Ordinária,"Ministério das Comunicações/Agência Nacional de Telecomunicações/Superintendência de Fiscalização/Gerência Regional nos Estados de Goiás, Mato Grosso, Mato Grosso do Sul e Tocantins/Unidade Operacional no Estado de Mato Grosso do Sul",2023-02-13,http://pesquisa.in.gov.br/imprensa/jsp/visualiza/index.jsp?data=13/02/2023&jornal=515&pagina=9,
1604,Ordinária,"Ministério das Comunicações/Agência Nacional de Telecomunicações/Superintendência de Fiscalização/Gerência Regional nos Estados de Goiás, Mato Grosso, Mato Grosso do Sul e Tocantins",2023-02-13,http://pesquisa.in.gov.br/imprensa/jsp/visualiza/index.jsp?data=13/02/2023&jornal=515&pagina=9,
1605,Ordinária,"Ministério das Comunicações/Agência Nacional de Telecomunicações/Superintendência de Outorga e Recursos à Prestação/Gerência de Espectro, Órbita e Radiodifusão",2023-02-13,http://pesquisa.in.gov.br/imprensa/jsp/visualiza/index.jsp?data=13/02/2023&jornal=515&pagina=10,
1606,Ordinária,"Ministério das Comunicações/Agência Nacional de Telecomunicações/Superintendência de Outorga e Recursos à Prestação/Gerência de Espectro, Órbita e Radiodifusão",2023-02-13,http://pesquisa.in.gov.br/imprensa/jsp/visualiza/index.jsp?data=13/02/2023&jornal=515&pagina=10,
1607,Ordinária,"Ministério das Comunicações/Agência Nacional de Telecomunicações/Superintendência de Outorga e Recursos à Prestação/Gerência de Espectro, Órbita e Radiodifusão",2023-02-13,http://pesquisa.in.gov.br/imprensa/jsp/visualiza/index.jsp?data=13/02/2023&jornal=515&pagina=10,
1608,Ordinária,Ministério de Minas e Energia/Agência Nacional de Mineração/Gerência Regional da ANM no Estado da Bahia,2023-02-13,http://pesquisa.in.gov.br/imprensa/jsp/visualiza/index.jsp?data=13/02/2023&jornal=515&pagina=59,
1609,Ordinária,Ministério de Minas e Energia/Agência Nacional de Mineração/Superintendência de Outorga de Títulos Minerários,2023-02-13,http://pesquisa.in.gov.br/imprensa/jsp/visualiza/index.jsp?data=13/02/2023&jornal=515&pagina=63,
1610,Ordinária,"Ministério de Minas e Energia/Agência Nacional do Petróleo, Gás Natural e Biocombustíveis",2023-02-13,http://pesquisa.in.gov.br/imprensa/jsp/visualiza/index.jsp?data=13/02/2023&jornal=515&pagina=66,
1611,Ordinária,Ministério de Minas e Energia/Agência Nacional de Mineração,2023-02-13,http://pesquisa.in.gov.br/imprensa/jsp/visualiza/index.jsp?data=13/02/2023&jornal=515&pagina=58,
1612,Ordinária,"Ministério de Minas e Energia/Agência Nacional do Petróleo, Gás Natural e Biocombustíveis",2023-02-13,http://pesquisa.in.gov.br/imprensa/jsp/visualiza/index.jsp?data=13/02/2023&jornal=515&pagina=63,"Dispõe sobre a forma, os procedimentos e os prazos de entrega de dados geoquímicos."
1613,Ordinária,Ministério de Minas e Energia/Agência Nacional de Mineração,2023-02-13,http://pesquisa.in.gov.br/imprensa/jsp/visualiza/index.jsp?data=13/02/2023&jornal=515&pagina=58,
1614,Ordinária,Ministério de Minas e Energia/Agência Nacional de Mineração/Gerência Regional da ANM no Estado do Rio Grande do Sul,2023-02-13,http://pesquisa.in.gov.br/imprensa/jsp/visualiza/index.jsp?data=13/02/2023&jornal=515&pagina=62,
1615,Ordinária,"Ministério de Minas e Energia/Agência Nacional do Petróleo, Gás Natural e Biocombustíveis",2023-02-13,http://pesquisa.in.gov.br/imprensa/jsp/visualiza/index.jsp?data=13/02/2023&jornal=515&pagina=63,"Dispõe sobre a aplicação de penalidades previstas na Lei nº 9.847, de 26 de outubro de 1999."
1616,Ordinária,Ministério de Minas e Energia/Agência Nacional de Mineração,2023-02-13,http://pesquisa.in.gov.br/imprensa/jsp/visualiza/index.jsp?data=13/02/2023&jornal=515&pagina=58,
1617,Ordinária,Ministério da Agricultura e Pecuária/Secretaria de Defesa Agropecuária/Departamento de Sanidade Vegetal e Insumos Agrícolas/Coordenação-Geral de Agrotóxicos e Afins,2023-02-13,http://pesquisa.in.gov.br/imprensa/jsp/visualiza/index.jsp?data=13/02/2023&jornal=515&pagina=7,
1618,Ordinária,Ministério da Agricultura e Pecuária/Secretaria Executiva/Superintendência de Agricultura e Pecuária do Estado do Rio de Janeiro,2023-02-13,http://pesquisa.in.gov.br/imprensa/jsp/visualiza/index.jsp?data=13/02/2023&jornal=515&pagina=4,
1619,Ordinária,Ministério da Agricultura e Pecuária/Secretaria de Defesa Agropecuária/Departamento de Sanidade Vegetal e Insumos Agrícolas/Coordenação-Geral de Agrotóxicos e Afins,2023-02-13,http://pesquisa.in.gov.br/imprensa/jsp/visualiza/index.jsp?data=13/02/2023&jornal=515&pagina=4,
1620,Ordinária,Ministério de Minas e Energia/Agência Nacional de Mineração/Gerência Regional da ANM no Estado da Bahia,2023-02-13,http://pesquisa.in.gov.br/imprensa/jsp/visualiza/index.jsp?data=13/02/2023&jornal=515&pagina=59,
1621,Ordinária,"Ministério de Minas e Energia/Agência Nacional do Petróleo, Gás Natural e Biocombustíveis",2023-02-13,http://pesquisa.in.gov.br/imprensa/jsp/visualiza/index.jsp?data=13/02/2023&jornal=515&pagina=66,
1622,Ordinária,"Ministério do Desenvolvimento, Indústria, Comércio e Serviços/Instituto Nacional de Metrologia, Qualidade e Tecnologia/Diretoria de Metrologia Legal",2023-02-13,http://pesquisa.in.gov.br/imprensa/jsp/visualiza/index.jsp?data=13/02/2023&jornal=515&pagina=17,
1623,Ordinária,Ministério de Minas e Energia/Agência Nacional de Mineração/Gerência Regional da ANM no Estado do Maranhão,2023-02-13,http://pesquisa.in.gov.br/imprensa/jsp/visualiza/index.jsp?data=13/02/2023&jornal=515&pagina=61,
1624,Ordinária,Ministério de Minas e Energia/Agência Nacional de Mineração/Gerência Regional da ANM no Estado do Pará,2023-02-13,http://pesquisa.in.gov.br/imprensa/jsp/visualiza/index.jsp?data=13/02/2023&jornal=515&pagina=62,
1625,Ordinária,Ministério de Minas e Energia/Agência Nacional de Mineração/Gerência Regional da ANM no Estado do Pará,2023-02-13,http://pesquisa.in.gov.br/imprensa/jsp/visualiza/index.jsp?data=13/02/2023&jornal=515&pagina=61,
1626,Ordinária,Ministério de Minas e Energia/Agência Nacional de Mineração/Gerência Regional da ANM no Estado do Pará,2023-02-13,http://pesquisa.in.gov.br/imprensa/jsp/visualiza/index.jsp?data=13/02/2023&jornal=515&pagina=61,
1627,Ordinária,Ministério de Minas e Energia/Agência Nacional de Mineração/Gerência Regional da ANM no Estado do Pará,2023-02-13,http://pesquisa.in.gov.br/imprensa/jsp/visualiza/index.jsp?data=13/02/2023&jornal=515&pagina=62,
1628,Ordinária,Ministério de Minas e Energia/Agência Nacional de Mineração/Gerência Regional da ANM no Estado de Sergipe,2023-02-13,http://pesquisa.in.gov.br/imprensa/jsp/visualiza/index.jsp?data=13/02/2023&jornal=515&pagina=61,
1629,Ordinária,Ministério de Minas e Energia/Agência Nacional de Mineração/Gerência Regional da ANM no Estado de Paraíba,2023-02-13,http://pesquisa.in.gov.br/imprensa/jsp/visualiza/index.jsp?data=13/02/2023&jornal=515&pagina=60,
1630,Ordinária,Ministério de Minas e Energia/Agência Nacional de Mineração/Gerência Regional da ANM no Estado de Rondônia,2023-02-13,http://pesquisa.in.gov.br/imprensa/jsp/visualiza/index.jsp?data=13/02/2023&jornal=515&pagina=60,
1631,Ordinária,Ministério de Minas e Energia/Agência Nacional de Mineração/Gerência Regional da ANM no Estado de Alagoas,2023-02-13,http://pesquisa.in.gov.br/imprensa/jsp/visualiza/index.jsp?data=13/02/2023&jornal=515&pagina=59,
1632,Ordinária,Ministério de Minas e Energia/Agência Nacional de Mineração/Gerência Regional da ANM no Estado de Sergipe,2023-02-13,http://pesquisa.in.gov.br/imprensa/jsp/visualiza/index.jsp?data=13/02/2023&jornal=515&pagina=61,
1633,Ordinária,Ministério da Educação/Gabinete do Ministro,2023-02-13,http://pesquisa.in.gov.br/imprensa/jsp/visualiza/index.jsp?data=13/02/2023&jornal=515&pagina=17,
1634,Ordinária,Ministério de Minas e Energia/Agência Nacional de Mineração/Gerência Regional da ANM no Estado de Alagoas,2023-02-13,http://pesquisa.in.gov.br/imprensa/jsp/visualiza/index.jsp?data=13/02/2023&jornal=515&pagina=59,
1635,Ordinária,Ministério das Comunicações/Agência Nacional de Telecomunicações/Superintendência de Outorga e Recursos à Prestação/Gerência de Outorga e Licenciamento de Estações,2023-02-13,http://pesquisa.in.gov.br/imprensa/jsp/visualiza/index.jsp?data=13/02/2023&jornal=515&pagina=10,
1636,Ordinária,Ministério das Comunicações/Agência Nacional de Telecomunicações/Superintendência de Fiscalização/Gerência Regional no Estado de São Paulo,2023-02-13,http://pesquisa.in.gov.br/imprensa/jsp/visualiza/index.jsp?data=13/02/2023&jornal=515&pagina=9,
1637,Ordinária,Ministério das Comunicações/Agência Nacional de Telecomunicações/Superintendência de Fiscalização/Gerência Regional nos Estados do Paraná e Santa Catarina,2023-02-13,http://pesquisa.in.gov.br/imprensa/jsp/visualiza/index.jsp?data=13/02/2023&jornal=515&pagina=9,
1638,Ordinária,Ministério das Comunicações/Agência Nacional de Telecomunicações/Superintendência de Fiscalização/Gerência Regional no Estado de São Paulo,2023-02-13,http://pesquisa.in.gov.br/imprensa/jsp/visualiza/index.jsp?data=13/02/2023&jornal=515&pagina=9,
1639,Ordinária,"Ministério das Comunicações/Agência Nacional de Telecomunicações/Superintendência de Fiscalização/Gerência Regional nos Estados do Pará, Maranhão e Amapá",2023-02-13,http://pesquisa.in.gov.br/imprensa/jsp/visualiza/index.jsp?data=13/02/2023&jornal=515&pagina=10,
1640,Ordinária,Ministério das Comunicações/Agência Nacional de Telecomunicações/Superintendência de Fiscalização/Gerência Regional no Estado de São Paulo,2023-02-13,http://pesquisa.in.gov.br/imprensa/jsp/visualiza/index.jsp?data=13/02/2023&jornal=515&pagina=9,
1641,Ordinária,"Ministério da Saúde/Agência Nacional de Vigilância Sanitária/5ª Diretoria/Gerência-Geral de Portos, Aeroportos, Fronteiras e Recintos Alfandegados",2023-02-13,http://pesquisa.in.gov.br/imprensa/jsp/visualiza/index.jsp?data=13/02/2023&jornal=515&pagina=119,
1642,Ordinária,Ministério de Minas e Energia/Agência Nacional de Mineração/Gerência Regional da ANM no Estado da Bahia,2023-02-13,http://pesquisa.in.gov.br/imprensa/jsp/visualiza/index.jsp?data=13/02/2023&jornal=515&pagina=59,
1643,Ordinária,Ministério da Educação/Gabinete do Ministro,2023-02-13,http://pesquisa.in.gov.br/imprensa/jsp/visualiza/index.jsp?data=13/02/2023&jornal=515&pagina=18,
1644,Ordinária,Ministério das Comunicações/Agência Nacional de Telecomunicações/Superintendência de Fiscalização/Gerência Regional nos Estados do Paraná e Santa Catarina,2023-02-13,http://pesquisa.in.gov.br/imprensa/jsp/visualiza/index.jsp?data=13/02/2023&jornal=515&pagina=9,
1645,Ordinária,Ministério de Minas e Energia/Agência Nacional de Mineração/Gerência Regional da ANM no Estado do Rio Grande do Sul,2023-02-13,http://pesquisa.in.gov.br/imprensa/jsp/visualiza/index.jsp?data=13/02/2023&jornal=515&pagina=62,
1646,Ordinária,Ministério das Comunicações/Agência Nacional de Telecomunicações/Superintendência de Outorga e Recursos à Prestação/Gerência de Outorga e Licenciamento de Estações,2023-02-13,http://pesquisa.in.gov.br/imprensa/jsp/visualiza/index.jsp?data=13/02/2023&jornal=515&pagina=10,
1647,Ordinária,Ministério das Comunicações/Agência Nacional de Telecomunicações/Superintendência de Fiscalização/Gerência Regional nos Estados do Paraná e Santa Catarina,2023-02-13,http://pesquisa.in.gov.br/imprensa/jsp/visualiza/index.jsp?data=13/02/2023&jornal=515&pagina=9,
1648,Ordinária,Ministério da Saúde/Agência Nacional de Vigilância Sanitária/4ª Diretoria/Gerência-Geral de Inspeção e Fiscalização Sanitária/Coordenação de Autorização de Funcionamento de Empresas,2023-02-13,http://pesquisa.in.gov.br/imprensa/jsp/visualiza/index.jsp?data=13/02/2023&jornal=515&pagina=118,
1649,Ordinária,"Ministério da Saúde/Agência Nacional de Vigilância Sanitária/5ª Diretoria/Gerência-Geral de Portos, Aeroportos, Fronteiras e Recintos Alfandegados",2023-02-13,http://pesquisa.in.gov.br/imprensa/jsp/visualiza/index.jsp?data=13/02/2023&jornal=515&pagina=118,
1650,Ordinária,Ministério da Saúde/Agência Nacional de Vigilância Sanitária/4ª Diretoria/Gerência-Geral de Inspeção e Fiscalização Sanitária/Coordenação de Autorização de Funcionamento de Empresas,2023-02-13,http://pesquisa.in.gov.br/imprensa/jsp/visualiza/index.jsp?data=13/02/2023&jornal=515&pagina=117,
1651,Ordinária,Ministério da Saúde/Agência Nacional de Vigilância Sanitária/4ª Diretoria/Gerência-Geral de Inspeção e Fiscalização Sanitária/Coordenação de Autorização de Funcionamento de Empresas,2023-02-13,http://pesquisa.in.gov.br/imprensa/jsp/visualiza/index.jsp?data=13/02/2023&jornal=515&pagina=115,
1652,Ordinária,"Ministério da Saúde/Agência Nacional de Vigilância Sanitária/5ª Diretoria/Gerência-Geral de Portos, Aeroportos, Fronteiras e Recintos Alfandegados",2023-02-13,http://pesquisa.in.gov.br/imprensa/jsp/visualiza/index.jsp?data=13/02/2023&jornal=515&pagina=118,
1653,Ordinária,Ministério da Saúde/Agência Nacional de Vigilância Sanitária/4ª Diretoria/Gerência-Geral de Inspeção e Fiscalização Sanitária/Coordenação de Autorização de Funcionamento de Empresas,2023-02-13,http://pesquisa.in.gov.br/imprensa/jsp/visualiza/index.jsp?data=13/02/2023&jornal=515&pagina=116,
1654,Ordinária,Ministério da Saúde/Agência Nacional de Vigilância Sanitária/4ª Diretoria/Gerência-Geral de Inspeção e Fiscalização Sanitária,2023-02-13,http://pesquisa.in.gov.br/imprensa/jsp/visualiza/index.jsp?data=13/02/2023&jornal=515&pagina=114,
1655,Ordinária,Ministério da Saúde/Agência Nacional de Vigilância Sanitária/4ª Diretoria/Gerência-Geral de Inspeção e Fiscalização Sanitária,2023-02-13,http://pesquisa.in.gov.br/imprensa/jsp/visualiza/index.jsp?data=13/02/2023&jornal=515&pagina=113,
1656,Ordinária,Ministério da Saúde/Agência Nacional de Vigilância Sanitária/4ª Diretoria/Gerência-Geral de Inspeção e Fiscalização Sanitária,2023-02-13,http://pesquisa.in.gov.br/imprensa/jsp/visualiza/index.jsp?data=13/02/2023&jornal=515&pagina=113,
1657,Ordinária,Ministério da Saúde/Agência Nacional de Vigilância Sanitária/4ª Diretoria/Gerência-Geral de Inspeção e Fiscalização Sanitária/Coordenação de Autorização de Funcionamento de Empresas,2023-02-13,http://pesquisa.in.gov.br/imprensa/jsp/visualiza/index.jsp?data=13/02/2023&jornal=515&pagina=115,
1658,Ordinária,Ministério de Minas e Energia/Agência Nacional de Energia Elétrica/Superintendência de Fiscalização dos Serviços de Geração,2023-02-13,http://pesquisa.in.gov.br/imprensa/jsp/visualiza/index.jsp?data=13/02/2023&jornal=515&pagina=58,
1659,Ordinária,Ministério da Saúde/Agência Nacional de Vigilância Sanitária/4ª Diretoria/Gerência-Geral de Inspeção e Fiscalização Sanitária/Coordenação de Autorização de Funcionamento de Empresas,2023-02-13,http://pesquisa.in.gov.br/imprensa/jsp/visualiza/index.jsp?data=13/02/2023&jornal=515&pagina=118,
1660,Ordinária,Ministério da Saúde/Agência Nacional de Vigilância Sanitária/4ª Diretoria/Gerência-Geral de Inspeção e Fiscalização Sanitária,2023-02-13,http://pesquisa.in.gov.br/imprensa/jsp/visualiza/index.jsp?data=13/02/2023&jornal=515&pagina=113,
1661,Ordinária,Ministério da Saúde/Agência Nacional de Vigilância Sanitária/4ª Diretoria/Gerência-Geral de Inspeção e Fiscalização Sanitária,2023-02-13,http://pesquisa.in.gov.br/imprensa/jsp/visualiza/index.jsp?data=13/02/2023&jornal=515&pagina=112,
1662,Ordinária,Ministério da Saúde/Agência Nacional de Vigilância Sanitária/4ª Diretoria/Gerência-Geral de Inspeção e Fiscalização Sanitária,2023-02-13,http://pesquisa.in.gov.br/imprensa/jsp/visualiza/index.jsp?data=13/02/2023&jornal=515&pagina=113,
1663,Ordinária,Ministério da Saúde/Agência Nacional de Vigilância Sanitária/4ª Diretoria/Gerência-Geral de Inspeção e Fiscalização Sanitária,2023-02-13,http://pesquisa.in.gov.br/imprensa/jsp/visualiza/index.jsp?data=13/02/2023&jornal=515&pagina=112,
1664,Ordinária,Ministério da Saúde/Agência Nacional de Vigilância Sanitária/4ª Diretoria/Gerência-Geral de Inspeção e Fiscalização Sanitária,2023-02-13,http://pesquisa.in.gov.br/imprensa/jsp/visualiza/index.jsp?data=13/02/2023&jornal=515&pagina=112,
1665,Ordinária,Ministério da Saúde/Agência Nacional de Vigilância Sanitária/4ª Diretoria/Gerência-Geral de Inspeção e Fiscalização Sanitária,2023-02-13,http://pesquisa.in.gov.br/imprensa/jsp/visualiza/index.jsp?data=13/02/2023&jornal=515&pagina=113,
1666,Ordinária,Ministério da Saúde/Agência Nacional de Vigilância Sanitária/4ª Diretoria/Gerência-Geral de Inspeção e Fiscalização Sanitária,2023-02-13,http://pesquisa.in.gov.br/imprensa/jsp/visualiza/index.jsp?data=13/02/2023&jornal=515&pagina=112,
1667,Ordinária,"Ministério da Saúde/Agência Nacional de Vigilância Sanitária/3ª Diretoria/Gerência de Produtos de Higiene, Perfumes, Cosméticos e Saneantes",2023-02-13,http://pesquisa.in.gov.br/imprensa/jsp/visualiza/index.jsp?data=13/02/2023&jornal=515&pagina=108,
1668,Ordinária,"Ministério da Saúde/Agência Nacional de Vigilância Sanitária/3ª Diretoria/Gerência de Produtos de Higiene, Perfumes, Cosméticos e Saneantes",2023-02-13,http://pesquisa.in.gov.br/imprensa/jsp/visualiza/index.jsp?data=13/02/2023&jornal=515&pagina=107,
1669,Ordinária,"Ministério da Saúde/Agência Nacional de Vigilância Sanitária/3ª Diretoria/Gerência de Produtos de Higiene, Perfumes, Cosméticos e Saneantes",2023-02-13,http://pesquisa.in.gov.br/imprensa/jsp/visualiza/index.jsp?data=13/02/2023&jornal=515&pagina=107,
1670,Ordinária,Ministério da Fazenda/Gabinete do Ministro,2023-02-13,http://pesquisa.in.gov.br/imprensa/jsp/visualiza/index.jsp?data=13/02/2023&jornal=515&pagina=18,
1671,Ordinária,Ministério dos Transportes/Agência Nacional de Transportes Terrestres/Superintendência de Serviços de Transporte Rodoviário de Passageiros,2023-02-13,http://pesquisa.in.gov.br/imprensa/jsp/visualiza/index.jsp?data=13/02/2023&jornal=515&pagina=119,
1672,Ordinária,Ministério da Saúde/Agência Nacional de Vigilância Sanitária/4ª Diretoria/Gerência-Geral de Inspeção e Fiscalização Sanitária,2023-02-13,http://pesquisa.in.gov.br/imprensa/jsp/visualiza/index.jsp?data=13/02/2023&jornal=515&pagina=113,
1673,Ordinária,Ministério da Saúde/Agência Nacional de Vigilância Sanitária/4ª Diretoria/Gerência-Geral de Inspeção e Fiscalização Sanitária,2023-02-13,http://pesquisa.in.gov.br/imprensa/jsp/visualiza/index.jsp?data=13/02/2023&jornal=515&pagina=112,
1674,Ordinária,Ministério da Saúde/Agência Nacional de Vigilância Sanitária/3ª Diretoria/Gerência-Geral de Toxicologia,2023-02-13,http://pesquisa.in.gov.br/imprensa/jsp/visualiza/index.jsp?data=13/02/2023&jornal=515&pagina=105,
1675,Ordinária,Ministério da Saúde/Agência Nacional de Vigilância Sanitária/3ª Diretoria/Gerência-Geral de Toxicologia,2023-02-13,http://pesquisa.in.gov.br/imprensa/jsp/visualiza/index.jsp?data=13/02/2023&jornal=515&pagina=105,
1676,Ordinária,Ministério da Saúde/Agência Nacional de Vigilância Sanitária/3ª Diretoria/Gerência-Geral de Toxicologia,2023-02-13,http://pesquisa.in.gov.br/imprensa/jsp/visualiza/index.jsp?data=13/02/2023&jornal=515&pagina=105,
1677,Ordinária,Ministério da Saúde/Agência Nacional de Vigilância Sanitária/3ª Diretoria/Gerência-Geral de Tecnologia de Produtos para Saúde,2023-02-13,http://pesquisa.in.gov.br/imprensa/jsp/visualiza/index.jsp?data=13/02/2023&jornal=515&pagina=97,
1678,Ordinária,"Ministério da Saúde/Agência Nacional de Vigilância Sanitária/3ª Diretoria/Gerência de Produtos de Higiene, Perfumes, Cosméticos e Saneantes",2023-02-13,http://pesquisa.in.gov.br/imprensa/jsp/visualiza/index.jsp?data=13/02/2023&jornal=515&pagina=106,
1679,Ordinária,Ministério da Saúde/Agência Nacional de Vigilância Sanitária/3ª Diretoria/Gerência-Geral de Tecnologia de Produtos para Saúde,2023-02-13,http://pesquisa.in.gov.br/imprensa/jsp/visualiza/index.jsp?data=13/02/2023&jornal=515&pagina=103,
1680,Ordinária,Ministério da Saúde/Agência Nacional de Vigilância Sanitária/2ª Diretoria/Gerência-Geral de Medicamentos,2023-02-13,http://pesquisa.in.gov.br/imprensa/jsp/visualiza/index.jsp?data=13/02/2023&jornal=515&pagina=91,
1681,Ordinária,Ministério da Saúde/Agência Nacional de Vigilância Sanitária/3ª Diretoria/Gerência-Geral de Registro e Fiscalização de Produtos Fumígenos Derivados ou Não do Tabaco,2023-02-13,http://pesquisa.in.gov.br/imprensa/jsp/visualiza/index.jsp?data=13/02/2023&jornal=515&pagina=91,
1682,Ordinária,"Ministério da Saúde/Agência Nacional de Vigilância Sanitária/2ª Diretoria/Gerência-Geral de Produtos Biológicos, Radiofármacos, Sangue, Tecidos, Células, Órgãos e Prod de Terapias Avan",2023-02-13,http://pesquisa.in.gov.br/imprensa/jsp/visualiza/index.jsp?data=13/02/2023&jornal=515&pagina=91,
1683,Ordinária,"Ministério da Saúde/Agência Nacional de Vigilância Sanitária/3ª Diretoria/Gerência de Produtos de Higiene, Perfumes, Cosméticos e Saneantes",2023-02-13,http://pesquisa.in.gov.br/imprensa/jsp/visualiza/index.jsp?data=13/02/2023&jornal=515&pagina=106,
1684,Ordinária,Ministério Público da União/Ministério Público do Trabalho/Procuradoria-Geral/Câmara de Coordenação e Revisão,2023-02-13,http://pesquisa.in.gov.br/imprensa/jsp/visualiza/index.jsp?data=13/02/2023&jornal=515&pagina=120,
1685,Ordinária,Ministério da Saúde/Agência Nacional de Vigilância Sanitária/3ª Diretoria/Gerência-Geral de Tecnologia de Produtos para Saúde,2023-02-13,http://pesquisa.in.gov.br/imprensa/jsp/visualiza/index.jsp?data=13/02/2023&jornal=515&pagina=94,
1686,Ordinária,Ministério da Saúde/Agência Nacional de Vigilância Sanitária/2ª Diretoria/Gerência-Geral de Medicamentos,2023-02-13,http://pesquisa.in.gov.br/imprensa/jsp/visualiza/index.jsp?data=13/02/2023&jornal=515&pagina=90,
1687,Ordinária,Ministério da Saúde/Agência Nacional de Vigilância Sanitária/2ª Diretoria/Gerência-Geral de Medicamentos,2023-02-13,http://pesquisa.in.gov.br/imprensa/jsp/visualiza/index.jsp?data=13/02/2023&jornal=515&pagina=89,
1688,Ordinária,Ministério da Saúde/Agência Nacional de Vigilância Sanitária/2ª Diretoria/Gerência-Geral de Medicamentos,2023-02-13,http://pesquisa.in.gov.br/imprensa/jsp/visualiza/index.jsp?data=13/02/2023&jornal=515&pagina=90,
1689,Ordinária,Ministério da Saúde/Agência Nacional de Vigilância Sanitária/2ª Diretoria/Gerência-Geral de Medicamentos,2023-02-13,http://pesquisa.in.gov.br/imprensa/jsp/visualiza/index.jsp?data=13/02/2023&jornal=515&pagina=89,
1690,Ordinária,Ministério da Saúde/Agência Nacional de Vigilância Sanitária/2ª Diretoria/Gerência-Geral de Medicamentos,2023-02-13,http://pesquisa.in.gov.br/imprensa/jsp/visualiza/index.jsp?data=13/02/2023&jornal=515&pagina=90,
1691,Ordinária,Ministério de Minas e Energia/Agência Nacional de Mineração/Gerência Regional da ANM no Estado do Rio Grande do Sul,2023-02-13,http://pesquisa.in.gov.br/imprensa/jsp/visualiza/index.jsp?data=13/02/2023&jornal=515&pagina=62,
1692,Ordinária,Ministério dos Transportes/Agência Nacional de Transportes Terrestres/Superintendência de Serviços de Transporte Rodoviário de Passageiros,2023-02-13,http://pesquisa.in.gov.br/imprensa/jsp/visualiza/index.jsp?data=13/02/2023&jornal=515&pagina=119,
1693,Ordinária,Ministério da Saúde/Agência Nacional de Vigilância Sanitária/3ª Diretoria/Gerência-Geral de Toxicologia,2023-02-13,http://pesquisa.in.gov.br/imprensa/jsp/visualiza/index.jsp?data=13/02/2023&jornal=515&pagina=106,
1694,Ordinária,Ministério da Saúde/Agência Nacional de Vigilância Sanitária/2ª Diretoria/Gerência-Geral de Medicamentos,2023-02-13,http://pesquisa.in.gov.br/imprensa/jsp/visualiza/index.jsp?data=13/02/2023&jornal=515&pagina=90,
1695,Ordinária,Ministério da Saúde/Agência Nacional de Vigilância Sanitária/2ª Diretoria/Gerência-Geral de Alimentos,2023-02-13,http://pesquisa.in.gov.br/imprensa/jsp/visualiza/index.jsp?data=13/02/2023&jornal=515&pagina=86,
1696,Ordinária,Ministério da Saúde/Agência Nacional de Vigilância Sanitária/2ª Diretoria/Gerência-Geral de Medicamentos,2023-02-13,http://pesquisa.in.gov.br/imprensa/jsp/visualiza/index.jsp?data=13/02/2023&jornal=515&pagina=87,
1697,Ordinária,Ministério da Saúde/Agência Nacional de Vigilância Sanitária/2ª Diretoria/Gerência-Geral de Alimentos,2023-02-13,http://pesquisa.in.gov.br/imprensa/jsp/visualiza/index.jsp?data=13/02/2023&jornal=515&pagina=87,
1698,Ordinária,Ministério da Saúde/Secretaria de Atenção Especializada à Saúde,2023-02-13,http://pesquisa.in.gov.br/imprensa/jsp/visualiza/index.jsp?data=13/02/2023&jornal=515&pagina=83,"Indefere a Concessão do CEBAS da Associação Acolher e Transformar Amor Essencial, com sede em Jequié (BA)."
1699,Ordinária,Ministério da Saúde/Gabinete da Ministra,2023-02-13,http://pesquisa.in.gov.br/imprensa/jsp/visualiza/index.jsp?data=13/02/2023&jornal=515&pagina=82,
1700,Ordinária,Ministério da Saúde/Secretaria de Atenção Especializada à Saúde,2023-02-13,http://pesquisa.in.gov.br/imprensa/jsp/visualiza/index.jsp?data=13/02/2023&jornal=515&pagina=83,"Indefere a Renovação do CEBAS da Assistência Social o Bom Samaritano, com sede em Americana (SP)."
1701,Ordinária,Ministério da Saúde/Agência Nacional de Vigilância Sanitária/2ª Diretoria/Gerência-Geral de Alimentos,2023-02-13,http://pesquisa.in.gov.br/imprensa/jsp/visualiza/index.jsp?data=13/02/2023&jornal=515&pagina=87,
1702,Ordinária,Ministério da Saúde/Secretaria de Atenção Especializada à Saúde,2023-02-13,http://pesquisa.in.gov.br/imprensa/jsp/visualiza/index.jsp?data=13/02/2023&jornal=515&pagina=83,"Indefere a Concessão do CEBAS da Comunidade Acolhedora Terapêutica São Miguel Arcanjo - CATSMA, com sede em Brejo da Madre de Deus (PE)."
1703,Ordinária,Ministério da Saúde/Secretaria de Atenção Especializada à Saúde,2023-02-13,http://pesquisa.in.gov.br/imprensa/jsp/visualiza/index.jsp?data=13/02/2023&jornal=515&pagina=82,"Defere a Renovação do CEBAS do Esquadrão da Vida de Montes Claros, com sede em Francisco-Sá (MG)."
1704,Ordinária,Ministério da Saúde/Gabinete da Ministra,2023-02-13,http://pesquisa.in.gov.br/imprensa/jsp/visualiza/index.jsp?data=13/02/2023&jornal=515&pagina=82,
1705,Ordinária,Ministério da Saúde/Secretaria de Atenção Especializada à Saúde,2023-02-13,http://pesquisa.in.gov.br/imprensa/jsp/visualiza/index.jsp?data=13/02/2023&jornal=515&pagina=82,"Indefere a Concessão do CEBAS do Movimento para Libertação de Vidas de Cascavel, com sede em Cascavel (PR)."
1706,Ordinária,Ministério da Saúde/Gabinete da Ministra,2023-02-13,http://pesquisa.in.gov.br/imprensa/jsp/visualiza/index.jsp?data=13/02/2023&jornal=515&pagina=82,
1707,Ordinária,Ministério da Saúde/Secretaria de Atenção Especializada à Saúde,2023-02-13,http://pesquisa.in.gov.br/imprensa/jsp/visualiza/index.jsp?data=13/02/2023&jornal=515&pagina=82,"Indefere a Concessão do CEBAS do Centro de Apoio à Criança com Anomalia Urológica - CACAU, com sede em São Paulo (SP)."
1708,Ordinária,Ministério da Saúde/Agência Nacional de Vigilância Sanitária/2ª Diretoria/Gerência-Geral de Alimentos,2023-02-13,http://pesquisa.in.gov.br/imprensa/jsp/visualiza/index.jsp?data=13/02/2023&jornal=515&pagina=87,
1709,Ordinária,Ministério da Saúde/Gabinete da Ministra,2023-02-13,http://pesquisa.in.gov.br/imprensa/jsp/visualiza/index.jsp?data=13/02/2023&jornal=515&pagina=82,
1710,Ordinária,Ministério da Saúde/Gabinete da Ministra,2023-02-13,http://pesquisa.in.gov.br/imprensa/jsp/visualiza/index.jsp?data=13/02/2023&jornal=515&pagina=82,"Altera a Portaria GM/MS nº 4.021, de 16 de novembro de 2022, que altera a Portaria de Consolidação GM/MS nº 5, de 28 de setembro de 2017, para instituir o Comitê de Governança de Pesquisa em Saúde, com a finalidade de estabelecer a governança das ações relacionadas ao fomento à pesquisa em saúde no Ministério da Saúde."
1711,Ordinária,Ministério da Saúde/Gabinete da Ministra,2023-02-13,http://pesquisa.in.gov.br/imprensa/jsp/visualiza/index.jsp?data=13/02/2023&jornal=515&pagina=79,"Estabelece a suspensão temporária da transferência, a Estados e Municípios, de recursos incluídos no Bloco de Atenção de Média e Alta Complexidade (MAC), destinados ao custeio de Equipes Multiprofissionais de Atenção Domiciliar e Equipes Multiprofissionais de Apoio (Programa Melhor em Casa)."
1712,Ordinária,Ministério da Saúde/Gabinete da Ministra,2023-02-13,http://pesquisa.in.gov.br/imprensa/jsp/visualiza/index.jsp?data=13/02/2023&jornal=515&pagina=79,"Renova a qualificação das Unidades Móveis, destinadas ao Serviço de Atendimento Móvel de Urgência (SAMU 192) e mantém os recursos do Bloco de Manutenção das Ações e Serviços Públicos de Saúde - Grupo de Atenção Especializada, incorporados ao limite financeiro de Média e Alta Complexidade (MAC), do Estado de Pernambuco e Município de Lagoa do Ouro."
1713,Ordinária,Ministério da Saúde/Gabinete da Ministra,2023-02-13,http://pesquisa.in.gov.br/imprensa/jsp/visualiza/index.jsp?data=13/02/2023&jornal=515&pagina=79,"Estabelece a dedução de recurso do Bloco de Manutenção das Ações e Serviços Públicos de Saúde - Grupo de Atenção Especializada, incorporado ao limite financeiro de Média e Alta Complexidade (MAC), do Estado da Bahia e Município de Teixeira de Freitas."
1714,Ordinária,Ministério da Saúde/Gabinete da Ministra,2023-02-13,http://pesquisa.in.gov.br/imprensa/jsp/visualiza/index.jsp?data=13/02/2023&jornal=515&pagina=78,"Renova a qualificação da Central de Regulação das Urgências (CRU) e das Unidades Móveis destinadas ao Serviço de Atendimento Móvel de Urgência (SAMU 192) e mantém os recursos do Bloco de Manutenção das Ações e Serviços Públicos de Saúde - Grupo de Atenção Especializada, incorporados ao limite financeiro de Média e Alta Complexidade (MAC), do Estado de São Paulo e Município de São Bernardo do Campo."
1715,Ordinária,Ministério da Saúde/Gabinete da Ministra,2023-02-13,http://pesquisa.in.gov.br/imprensa/jsp/visualiza/index.jsp?data=13/02/2023&jornal=515&pagina=77,"Desabilita/habilita, no âmbito da Política Nacional de Atenção Oftalmológica, estabelecimento de saúde para realização do Tratamento do Glaucoma com Medicamentos."
1716,Ordinária,Ministério da Saúde/Gabinete da Ministra,2023-02-13,http://pesquisa.in.gov.br/imprensa/jsp/visualiza/index.jsp?data=13/02/2023&jornal=515&pagina=77,"Renova a qualificação, especifica a composição do incentivo das Unidades Móveis do Serviço de Atendimento Móvel de Urgência (SAMU 192), e mantém os recursos do Bloco de Manutenção das Ações e Serviços Públicos de Saúde - Grupo de Atenção Especializada, incorporados ao limite financeiro de Média e Alta Complexidade (MAC), do Estado da Paraíba e Municípios."
1717,Ordinária,Ministério da Saúde/Gabinete da Ministra,2023-02-13,http://pesquisa.in.gov.br/imprensa/jsp/visualiza/index.jsp?data=13/02/2023&jornal=515&pagina=80,"Renova a qualificação e especifica a composição do incentivo das Unidades Móveis do Serviço de Atendimento Móvel de Urgência (SAMU 192), e mantém os recursos do Bloco de Manutenção das Ações e Serviços Públicos de Saúde - Grupo de Atenção Especializada, incorporados ao limite financeiro de Média e Alta Complexidade (MAC), do Estado de Santa Catarina e Municípios."
1718,Ordinária,Ministério da Saúde/Gabinete da Ministra,2023-02-13,http://pesquisa.in.gov.br/imprensa/jsp/visualiza/index.jsp?data=13/02/2023&jornal=515&pagina=77,"Renova a qualificação da Unidade de Suporte Básico (USB), destinada ao Serviço de Atendimento Móvel de Urgência (SAMU 192) e mantém os recursos do Bloco de Manutenção das Ações e Serviços Públicos de Saúde - Grupo de Atenção Especializada, incorporados ao limite financeiro de Média e Alta Complexidade (MAC), do Estado de Goiás e Município de Vianópolis."
1719,Ordinária,Ministério da Saúde/Gabinete da Ministra,2023-02-13,http://pesquisa.in.gov.br/imprensa/jsp/visualiza/index.jsp?data=13/02/2023&jornal=515&pagina=75,"Renova a qualificação da Central de Regulação das Urgências (CRU) e das Unidades Móveis destinadas ao Serviço de Atendimento Móvel de Urgência (SAMU 192) e mantém os recursos do Bloco de Manutenção das Ações e Serviços Públicos de Saúde - Grupo de Atenção Especializada, incorporados ao limite financeiro de Média e Alta Complexidade (MAC), do Estado de São Paulo e Municípios."
1720,Ordinária,Ministério da Saúde/Gabinete da Ministra,2023-02-13,http://pesquisa.in.gov.br/imprensa/jsp/visualiza/index.jsp?data=13/02/2023&jornal=515&pagina=75,"Renova a qualificação da Unidade de Suporte Básico (USB), destinada ao Serviço de Atendimento Móvel de Urgência (SAMU 192) e mantém os recursos do Bloco de Manutenção das Ações e Serviços Públicos de Saúde - Grupo de Atenção Especializada, incorporados ao limite financeiro de Média e Alta Complexidade (MAC), do Estado da Bahia e Município de Irará."
1721,Ordinária,Ministério da Saúde/Gabinete da Ministra,2023-02-13,http://pesquisa.in.gov.br/imprensa/jsp/visualiza/index.jsp?data=13/02/2023&jornal=515&pagina=76,"Renova a qualificação da Central de Regulação das Urgências (CRU) e Unidades Móveis, destinadas ao Serviço de Atendimento Móvel de Urgência (SAMU 192) e mantém os recursos do Bloco de Manutenção das Ações e Serviços Públicos de Saúde - Grupo de Atenção Especializada, incorporados ao limite financeiro de Média e Alta Complexidade (MAC), do Estado da Bahia e Municípios."
1722,Ordinária,Ministério da Saúde/Gabinete da Ministra,2023-02-13,http://pesquisa.in.gov.br/imprensa/jsp/visualiza/index.jsp?data=13/02/2023&jornal=515&pagina=74,"Renova a qualificação das Unidades Móveis destinadas ao Serviço de Atendimento Móvel de Urgência (SAMU 192) e mantém os recursos do Bloco de Manutenção das Ações e Serviços Públicos de Saúde - Grupo de Atenção Especializada, incorporados ao limite financeiro de Média e Alta Complexidade (MAC), do Estado da Bahia e Município de Irecê."
1723,Ordinária,Ministério da Saúde/Gabinete da Ministra,2023-02-13,http://pesquisa.in.gov.br/imprensa/jsp/visualiza/index.jsp?data=13/02/2023&jornal=515&pagina=81,"Estabelece a suspensão temporária da transferência a Estados e Municípios, de recursos incluídos no Bloco de Atenção de Média e Alta Complexidade (MAC), destinados ao custeio de Equipes Multiprofissionais de Atenção Domiciliar e Equipes Multiprofissionais de Apoio (Programa Melhor em Casa)."
1724,Ordinária,Ministério da Saúde/Gabinete da Ministra,2023-02-13,http://pesquisa.in.gov.br/imprensa/jsp/visualiza/index.jsp?data=13/02/2023&jornal=515&pagina=76,"Renova a qualificação da Unidade de Suporte Básico (USB), destinada ao Serviço de Atendimento Móvel de Urgência (SAMU 192), mantém os recursos do Bloco de Manutenção das Ações e Serviços Públicos de Saúde - Grupo de Atenção Especializada, incorporados ao limite financeiro de Média e Alta Complexidade (MAC), do Estado de Santa Catarina e Municípios e especifica os valores da habilitação e qualificação."
1725,Ordinária,Ministério da Saúde/Agência Nacional de Vigilância Sanitária/2ª Diretoria/Gerência-Geral de Medicamentos,2023-02-13,http://pesquisa.in.gov.br/imprensa/jsp/visualiza/index.jsp?data=13/02/2023&jornal=515&pagina=88,
1726,Ordinária,Ministério da Saúde/Gabinete da Ministra,2023-02-13,http://pesquisa.in.gov.br/imprensa/jsp/visualiza/index.jsp?data=13/02/2023&jornal=515&pagina=74,"Renova a qualificação das Unidades Móveis destinadas ao Serviço de Atendimento Móvel de Urgência (SAMU 192) e mantém os recursos do Bloco de Manutenção das Ações e Serviços Públicos de Saúde - Grupo de Atenção Especializada, incorporados ao limite financeiro de Média e Alta Complexidade (MAC), do Estado do Paraná e Municípios."
1727,Ordinária,Ministério da Saúde/Gabinete da Ministra,2023-02-13,http://pesquisa.in.gov.br/imprensa/jsp/visualiza/index.jsp?data=13/02/2023&jornal=515&pagina=74,"Renova a qualificação da Central de Regulação das Urgências (CRU) e Unidades Móveis, destinadas ao Serviço de Atendimento Móvel de Urgência (SAMU 192), e mantém os recursos do Bloco de Manutenção das Ações e Serviços Públicos de Saúde - Grupo de Atenção Especializada, incorporados ao limite financeiro de Média e Alta Complexidade (MAC), do Estado do Rio de Janeiro e Município de Niterói."
1728,Ordinária,Ministério da Previdência Social/Gabinete do Ministro,2023-02-13,http://pesquisa.in.gov.br/imprensa/jsp/visualiza/index.jsp?data=13/02/2023&jornal=515&pagina=72,
1729,Ordinária,Ministério da Previdência Social/Superintendência Nacional de Previdência Complementar/Diretoria de Licenciamento,2023-02-13,http://pesquisa.in.gov.br/imprensa/jsp/visualiza/index.jsp?data=13/02/2023&jornal=515&pagina=72,
1730,Ordinária,Ministério da Previdência Social/Superintendência Nacional de Previdência Complementar/Diretoria de Licenciamento,2023-02-13,http://pesquisa.in.gov.br/imprensa/jsp/visualiza/index.jsp?data=13/02/2023&jornal=515&pagina=72,
1731,Ordinária,Ministério de Portos e Aeroportos/Agência Nacional de Aviação Civil/Superintendência de Infraestrutura Aeroportuária/Gerência de Certificação e Segurança Operacional,2023-02-13,http://pesquisa.in.gov.br/imprensa/jsp/visualiza/index.jsp?data=13/02/2023&jornal=515&pagina=72,
1732,Ordinária,Ministério da Previdência Social/Superintendência Nacional de Previdência Complementar/Diretoria de Licenciamento,2023-02-13,http://pesquisa.in.gov.br/imprensa/jsp/visualiza/index.jsp?data=13/02/2023&jornal=515&pagina=72,
1733,Ordinária,Ministério da Previdência Social/Instituto Nacional do Seguro Social,2023-02-13,http://pesquisa.in.gov.br/imprensa/jsp/visualiza/index.jsp?data=13/02/2023&jornal=515&pagina=72,"Altera a Instrução Normativa PRES/INSS nº 138, de 10 de novembro 2022, que estabelece critérios e procedimentos operacionais relativos à consignação de descontos para pagamento de crédito consignado contraídos nos benefícios pagos pelo INSS."
1734,Ordinária,Ministério de Portos e Aeroportos/Agência Nacional de Aviação Civil/Superintendência de Infraestrutura Aeroportuária/Gerência de Certificação e Segurança Operacional,2023-02-13,http://pesquisa.in.gov.br/imprensa/jsp/visualiza/index.jsp?data=13/02/2023&jornal=515&pagina=72,
1735,Ordinária,Ministério de Portos e Aeroportos/Agência Nacional de Aviação Civil/Superintendência de Infraestrutura Aeroportuária/Gerência de Certificação e Segurança Operacional,2023-02-13,http://pesquisa.in.gov.br/imprensa/jsp/visualiza/index.jsp?data=13/02/2023&jornal=515&pagina=71,
1736,Ordinária,"Ministério de Minas e Energia/Agência Nacional do Petróleo, Gás Natural e Biocombustíveis/Diretoria I/Superintendência de Distribuição e Logística",2023-02-13,http://pesquisa.in.gov.br/imprensa/jsp/visualiza/index.jsp?data=13/02/2023&jornal=515&pagina=68,
1737,Ordinária,Ministério de Portos e Aeroportos/Gabinete do Ministro,2023-02-13,http://pesquisa.in.gov.br/imprensa/jsp/visualiza/index.jsp?data=13/02/2023&jornal=515&pagina=68,"Aprova como prioritário, para fins de emissão de debêntures incentivadas, o projeto de investimento em infraestrutura aeroportuária, no setor de logística e transporte, proposto pela empresa SBPB Parnaíba Sociedade de Propósito Específico S/A."
1738,Ordinária,"Ministério de Minas e Energia/Agência Nacional do Petróleo, Gás Natural e Biocombustíveis/Diretoria I/Superintendência de Distribuição e Logística",2023-02-13,http://pesquisa.in.gov.br/imprensa/jsp/visualiza/index.jsp?data=13/02/2023&jornal=515&pagina=67,
1739,Ordinária,Ministério de Portos e Aeroportos/Agência Nacional de Aviação Civil/Superintendência de Infraestrutura Aeroportuária/Gerência de Certificação e Segurança Operacional,2023-02-13,http://pesquisa.in.gov.br/imprensa/jsp/visualiza/index.jsp?data=13/02/2023&jornal=515&pagina=71,
1740,Ordinária,Ministério do Planejamento e Orçamento/Secretaria de Orçamento Federal,2023-02-13,http://pesquisa.in.gov.br/imprensa/jsp/visualiza/index.jsp?data=13/02/2023&jornal=515&pagina=68,
1741,Ordinária,"Ministério de Minas e Energia/Agência Nacional do Petróleo, Gás Natural e Biocombustíveis/Diretoria I/Superintendência de Distribuição e Logística",2023-02-13,http://pesquisa.in.gov.br/imprensa/jsp/visualiza/index.jsp?data=13/02/2023&jornal=515&pagina=67,
1742,Ordinária,"Ministério de Minas e Energia/Agência Nacional do Petróleo, Gás Natural e Biocombustíveis/Diretoria I/Superintendência de Distribuição e Logística",2023-02-13,http://pesquisa.in.gov.br/imprensa/jsp/visualiza/index.jsp?data=13/02/2023&jornal=515&pagina=67,
1743,Ordinária,"Ministério de Minas e Energia/Agência Nacional do Petróleo, Gás Natural e Biocombustíveis/Diretoria I/Superintendência de Distribuição e Logística",2023-02-13,http://pesquisa.in.gov.br/imprensa/jsp/visualiza/index.jsp?data=13/02/2023&jornal=515&pagina=67,
1744,Ordinária,Ministério de Minas e Energia/Agência Nacional de Mineração/Superintendência de Outorga de Títulos Minerários,2023-02-13,http://pesquisa.in.gov.br/imprensa/jsp/visualiza/index.jsp?data=13/02/2023&jornal=515&pagina=63,
1745,Ordinária,Ministério de Minas e Energia/Agência Nacional de Mineração/Superintendência de Outorga de Títulos Minerários,2023-02-13,http://pesquisa.in.gov.br/imprensa/jsp/visualiza/index.jsp?data=13/02/2023&jornal=515&pagina=63,
1746,Ordinária,Ministério da Saúde/Gabinete da Ministra,2023-02-13,http://pesquisa.in.gov.br/imprensa/jsp/visualiza/index.jsp?data=13/02/2023&jornal=515&pagina=73,
1747,Ordinária,"Ministério de Minas e Energia/Agência Nacional do Petróleo, Gás Natural e Biocombustíveis/Diretoria I/Superintendência de Distribuição e Logística",2023-02-13,http://pesquisa.in.gov.br/imprensa/jsp/visualiza/index.jsp?data=13/02/2023&jornal=515&pagina=67,
1748,Ordinária,Ministério de Minas e Energia/Agência Nacional de Mineração/Superintendência de Outorga de Títulos Minerários,2023-02-13,http://pesquisa.in.gov.br/imprensa/jsp/visualiza/index.jsp?data=13/02/2023&jornal=515&pagina=63,
1749,Ordinária,Ministério de Minas e Energia/Agência Nacional de Mineração/Gerência Regional da ANM no Estado do Pará,2023-02-13,http://pesquisa.in.gov.br/imprensa/jsp/visualiza/index.jsp?data=13/02/2023&jornal=515&pagina=61,
1750,Ordinária,Ministério de Portos e Aeroportos/Agência Nacional de Aviação Civil/Superintendência de Infraestrutura Aeroportuária/Gerência de Certificação e Segurança Operacional,2023-02-13,http://pesquisa.in.gov.br/imprensa/jsp/visualiza/index.jsp?data=13/02/2023&jornal=515&pagina=71,
1751,Ordinária,"Ministério de Minas e Energia/Agência Nacional do Petróleo, Gás Natural e Biocombustíveis/Diretoria I/Superintendência de Distribuição e Logística",2023-02-13,http://pesquisa.in.gov.br/imprensa/jsp/visualiza/index.jsp?data=13/02/2023&jornal=515&pagina=67,
1752,Ordinária,Ministério de Minas e Energia/Agência Nacional de Mineração/Gerência Regional da ANM no Estado do Pará,2023-02-13,http://pesquisa.in.gov.br/imprensa/jsp/visualiza/index.jsp?data=13/02/2023&jornal=515&pagina=61,
1753,Ordinária,Ministério de Minas e Energia/Agência Nacional de Energia Elétrica/Superintendência de Regulação Econômica e Estudos do Mercado,2023-02-13,http://pesquisa.in.gov.br/imprensa/jsp/visualiza/index.jsp?data=13/02/2023&jornal=515&pagina=58,
1754,Ordinária,Ministério de Minas e Energia/Agência Nacional de Energia Elétrica/Superintendência de Concessões e Autorizações de Geração,2023-02-13,http://pesquisa.in.gov.br/imprensa/jsp/visualiza/index.jsp?data=13/02/2023&jornal=515&pagina=58,
1755,Ordinária,Ministério de Minas e Energia/Agência Nacional de Energia Elétrica,2023-02-13,http://pesquisa.in.gov.br/imprensa/jsp/visualiza/index.jsp?data=13/02/2023&jornal=515&pagina=54,
1756,Ordinária,Ministério de Minas e Energia/Agência Nacional de Energia Elétrica,2023-02-13,http://pesquisa.in.gov.br/imprensa/jsp/visualiza/index.jsp?data=13/02/2023&jornal=515&pagina=54,
1757,Ordinária,Ministério de Minas e Energia/Agência Nacional de Mineração/Gerência Regional da ANM no Estado de São Paulo,2023-02-13,http://pesquisa.in.gov.br/imprensa/jsp/visualiza/index.jsp?data=13/02/2023&jornal=515&pagina=60,
1758,Ordinária,Ministério de Minas e Energia/Agência Nacional de Energia Elétrica,2023-02-13,http://pesquisa.in.gov.br/imprensa/jsp/visualiza/index.jsp?data=13/02/2023&jornal=515&pagina=54,
1759,Ordinária,Ministério de Minas e Energia/Agência Nacional de Energia Elétrica,2023-02-13,http://pesquisa.in.gov.br/imprensa/jsp/visualiza/index.jsp?data=13/02/2023&jornal=515&pagina=54,
1760,Ordinária,Ministério de Minas e Energia/Agência Nacional de Energia Elétrica,2023-02-13,http://pesquisa.in.gov.br/imprensa/jsp/visualiza/index.jsp?data=13/02/2023&jornal=515&pagina=39,
1761,Ordinária,Ministério de Minas e Energia/Agência Nacional de Energia Elétrica,2023-02-13,http://pesquisa.in.gov.br/imprensa/jsp/visualiza/index.jsp?data=13/02/2023&jornal=515&pagina=54,
1762,Ordinária,Ministério de Minas e Energia/Agência Nacional de Energia Elétrica,2023-02-13,http://pesquisa.in.gov.br/imprensa/jsp/visualiza/index.jsp?data=13/02/2023&jornal=515&pagina=39,
1763,Ordinária,Ministério de Minas e Energia/Agência Nacional de Energia Elétrica,2023-02-13,http://pesquisa.in.gov.br/imprensa/jsp/visualiza/index.jsp?data=13/02/2023&jornal=515&pagina=39,
1764,Ordinária,Ministério de Minas e Energia/Agência Nacional de Mineração/Gerência Regional da ANM no Estado de São Paulo,2023-02-13,http://pesquisa.in.gov.br/imprensa/jsp/visualiza/index.jsp?data=13/02/2023&jornal=515&pagina=60,
1765,Ordinária,Ministério de Minas e Energia/Agência Nacional de Energia Elétrica,2023-02-13,http://pesquisa.in.gov.br/imprensa/jsp/visualiza/index.jsp?data=13/02/2023&jornal=515&pagina=54,
1766,Ordinária,Ministério de Minas e Energia/Agência Nacional de Energia Elétrica,2023-02-13,http://pesquisa.in.gov.br/imprensa/jsp/visualiza/index.jsp?data=13/02/2023&jornal=515&pagina=39,
1767,Ordinária,Ministério da Justiça e Segurança Pública/Secretaria Nacional de Justiça/Departamento de Migrações/Coordenação-Geral de Imigração Laboral,2023-02-13,http://pesquisa.in.gov.br/imprensa/jsp/visualiza/index.jsp?data=13/02/2023&jornal=515&pagina=34,
1768,Ordinária,Ministério do Meio Ambiente e Mudança do Clima/Gabinete da Ministra,2023-02-13,http://pesquisa.in.gov.br/imprensa/jsp/visualiza/index.jsp?data=13/02/2023&jornal=515&pagina=38,"Permuta Cargo Comissionado Executivo - CCE por Função Comissionada Executiva - FCE do quadro demonstrativo dos cargos em comissão e das funções de confiança do Ministério do Meio Ambiente e Mudança do Clima, aprovado pelo Decreto nº 11.349, de 1º de janeiro de 2023."
1769,Ordinária,Ministério da Justiça e Segurança Pública/Secretaria Nacional de Justiça/Departamento de Migrações/Coordenação-Geral de Imigração Laboral,2023-02-13,http://pesquisa.in.gov.br/imprensa/jsp/visualiza/index.jsp?data=13/02/2023&jornal=515&pagina=34,
1770,Ordinária,Ministério da Justiça e Segurança Pública/Secretaria Nacional de Justiça/Departamento de Migrações/Coordenação-Geral de Política Migratória/Coordenação de Processos Migratórios,2023-02-13,http://pesquisa.in.gov.br/imprensa/jsp/visualiza/index.jsp?data=13/02/2023&jornal=515&pagina=34,
1771,Ordinária,Ministério da Justiça e Segurança Pública/Secretaria Nacional de Justiça/Departamento de Migrações/Coordenação-Geral de Política Migratória/Coordenação de Processos Migratórios/Divisão de Naturalização,2023-02-13,http://pesquisa.in.gov.br/imprensa/jsp/visualiza/index.jsp?data=13/02/2023&jornal=515&pagina=38,
1772,Ordinária,Ministério da Justiça e Segurança Pública/Secretaria Nacional de Justiça/Departamento de Migrações/Coordenação-Geral de Imigração Laboral,2023-02-13,http://pesquisa.in.gov.br/imprensa/jsp/visualiza/index.jsp?data=13/02/2023&jornal=515&pagina=34,
1773,Ordinária,Ministério da Justiça e Segurança Pública/Secretaria Nacional de Justiça,2023-02-13,http://pesquisa.in.gov.br/imprensa/jsp/visualiza/index.jsp?data=13/02/2023&jornal=515&pagina=33,
1774,Ordinária,Ministério da Justiça e Segurança Pública/Secretaria Nacional de Justiça,2023-02-13,http://pesquisa.in.gov.br/imprensa/jsp/visualiza/index.jsp?data=13/02/2023&jornal=515&pagina=32,
1775,Ordinária,Ministério da Justiça e Segurança Pública/Secretaria Nacional de Justiça/Departamento de Migrações,2023-02-13,http://pesquisa.in.gov.br/imprensa/jsp/visualiza/index.jsp?data=13/02/2023&jornal=515&pagina=33,
1776,Ordinária,Ministério da Justiça e Segurança Pública/Gabinete do Ministro,2023-02-13,http://pesquisa.in.gov.br/imprensa/jsp/visualiza/index.jsp?data=13/02/2023&jornal=515&pagina=32,"Dispõe sobre a prorrogação do emprego da Força Nacional de Segurança Pública em apoio à Fundação Nacional dos Povos Indígenas e ao Ministério da Saúde na Terra Indígena Parakanã, no Estado do Pará."
1777,Ordinária,Ministério da Justiça e Segurança Pública/Secretaria Nacional de Justiça,2023-02-13,http://pesquisa.in.gov.br/imprensa/jsp/visualiza/index.jsp?data=13/02/2023&jornal=515&pagina=33,
1778,Ordinária,Ministério de Minas e Energia/Agência Nacional de Mineração/Gerência Regional da ANM no Estado de Santa Catarina,2023-02-13,http://pesquisa.in.gov.br/imprensa/jsp/visualiza/index.jsp?data=13/02/2023&jornal=515&pagina=60,
1779,Ordinária,Ministério de Minas e Energia/Agência Nacional de Energia Elétrica,2023-02-13,http://pesquisa.in.gov.br/imprensa/jsp/visualiza/index.jsp?data=13/02/2023&jornal=515&pagina=39,Altera os Procedimentos de Regulação Tarifária - PRORET para contemplar a regulação dos aspectos econômicos da Lei n. 14.300 de 2022.
1780,Ordinária,Ministério da Justiça e Segurança Pública/Gabinete do Ministro,2023-02-13,http://pesquisa.in.gov.br/imprensa/jsp/visualiza/index.jsp?data=13/02/2023&jornal=515&pagina=32,Disciplina a colaboração temporária entre o Ministério da Justiça e Segurança Pública e a Autoridade Nacional de Proteção de Dados para a execução de atividades administrativas.
1781,Ordinária,Ministério da Integração e do Desenvolvimento Regional/Secretaria Nacional de Proteção e Defesa Civil,2023-02-13,http://pesquisa.in.gov.br/imprensa/jsp/visualiza/index.jsp?data=13/02/2023&jornal=515&pagina=27,
1782,Ordinária,Ministério da Integração e do Desenvolvimento Regional/Superintendência do Desenvolvimento do Centro-Oeste/Conselho Deliberativo do Desenvolvimento do Centro-Oeste,2023-02-13,http://pesquisa.in.gov.br/imprensa/jsp/visualiza/index.jsp?data=13/02/2023&jornal=515&pagina=28,Conselho Deliberativo do Desenvolvimento do Centro-Oeste (CONDEL/SUDECO) - Aprovação do Regulamento da Ouvidoria do Fundo Constitucional de Financiamento do Centro-Oeste (OFCO).
1783,Ordinária,Ministério da Integração e do Desenvolvimento Regional/Superintendência do Desenvolvimento da Amazônia/Conselho Deliberativo,2023-02-13,http://pesquisa.in.gov.br/imprensa/jsp/visualiza/index.jsp?data=13/02/2023&jornal=515&pagina=27,Aprovar a Proposição nº. 141/22 que visa referendar a Resolução Ad referendum nº.100/2022 que aprovou as Diretrizes e Prioridades do Fundo de Desenvolvimento da Amazônia (FDA) - exercício 2023.
1784,Ordinária,Ministério da Integração e do Desenvolvimento Regional/Superintendência do Desenvolvimento do Centro-Oeste/Conselho Deliberativo do Desenvolvimento do Centro-Oeste,2023-02-13,http://pesquisa.in.gov.br/imprensa/jsp/visualiza/index.jsp?data=13/02/2023&jornal=515&pagina=27,"Conselho Deliberativo do Desenvolvimento do Centro-Oeste (CONDEL): Alteração da Resolução Condel n.º 117, de 08 de dezembro de 2021, que trata sobre os Indicadores Quantitativos e Metas de Gestão de Desempenho do Fundo Constitucional de Financiamento do Centro-Oeste (FCO) a partir de 2020."
1785,Ordinária,Ministério da Integração e do Desenvolvimento Regional/Superintendência do Desenvolvimento do Centro-Oeste/Conselho Deliberativo do Desenvolvimento do Centro-Oeste,2023-02-13,http://pesquisa.in.gov.br/imprensa/jsp/visualiza/index.jsp?data=13/02/2023&jornal=515&pagina=30,Conselho Deliberativo do Desenvolvimento do Centro-Oeste (CONDEL): Definição do valor mínimo do projeto assistido pelo Fundo de Desenvolvimento do Centro-Oeste (FDCO) e suas excepcionalidades.
1786,Ordinária,Ministério da Integração e do Desenvolvimento Regional/Superintendência do Desenvolvimento da Amazônia/Conselho Deliberativo,2023-02-13,http://pesquisa.in.gov.br/imprensa/jsp/visualiza/index.jsp?data=13/02/2023&jornal=515&pagina=27,Aprovar a Proposição nº. 140/22 que visa referendar a Resolução Ad Referendum nº 99/2022 que aprovou as Diretrizes e Prioridades do Fundo Constitucional de Financiamento do Norte (FNO) - exercício 2023.
1787,Ordinária,Ministério da Integração e do Desenvolvimento Regional/Secretaria Nacional de Proteção e Defesa Civil,2023-02-13,http://pesquisa.in.gov.br/imprensa/jsp/visualiza/index.jsp?data=13/02/2023&jornal=515&pagina=26,"Autoriza o empenho e a transferência de recursos ao Município de Benedito Novo - SC, para a execução de ações de Defesa Civil."
1788,Ordinária,Ministério da Integração e do Desenvolvimento Regional/Superintendência do Desenvolvimento do Centro-Oeste/Conselho Deliberativo do Desenvolvimento do Centro-Oeste,2023-02-13,http://pesquisa.in.gov.br/imprensa/jsp/visualiza/index.jsp?data=13/02/2023&jornal=515&pagina=27,Conselho Deliberativo do Desenvolvimento do Centro-Oeste (CONDEL): Aprova o Relatório Circunstanciado sobre as Atividades Desenvolvidas e os Resultados Obtidos do Fundo Constitucional de Financiamento do Centro-Oeste (FCO) no Exercício de 2021.
1789,Ordinária,Ministério da Integração e do Desenvolvimento Regional/Secretaria Nacional de Proteção e Defesa Civil,2023-02-13,http://pesquisa.in.gov.br/imprensa/jsp/visualiza/index.jsp?data=13/02/2023&jornal=515&pagina=26,"Autoriza o empenho e a transferência de recursos ao Município de Corupá - SC, para a execução de ações de Defesa Civil."
1790,Ordinária,Ministério da Integração e do Desenvolvimento Regional/Secretaria Nacional de Proteção e Defesa Civil,2023-02-13,http://pesquisa.in.gov.br/imprensa/jsp/visualiza/index.jsp?data=13/02/2023&jornal=515&pagina=26,"Autoriza o empenho e a transferência de recursos ao Município de São Domingos do Prata - MG, para a execução de ações de Defesa Civil."
1791,Ordinária,Ministério da Integração e do Desenvolvimento Regional/Superintendência do Desenvolvimento do Nordeste/Conselho Deliberativo,2023-02-13,http://pesquisa.in.gov.br/imprensa/jsp/visualiza/index.jsp?data=13/02/2023&jornal=515&pagina=31,"Aprova a Proposição n. 158/2022, que trata do Relatório de Resultados e Impactos do Fundo Constitucional de Financiamento do Nordeste (FNE) no exercício de 2021."
1792,Ordinária,Ministério da Integração e do Desenvolvimento Regional/Superintendência do Desenvolvimento da Amazônia/Conselho Deliberativo,2023-02-13,http://pesquisa.in.gov.br/imprensa/jsp/visualiza/index.jsp?data=13/02/2023&jornal=515&pagina=27,"Promulgar a Proposição nº. 143/22 que aprovou o relatório anual de atividades do Fundo Constitucional de Financiamento do Norte (FNO), referente ao exercício de 2021."
1793,Ordinária,Ministério da Integração e do Desenvolvimento Regional/Secretaria Nacional de Proteção e Defesa Civil,2023-02-13,http://pesquisa.in.gov.br/imprensa/jsp/visualiza/index.jsp?data=13/02/2023&jornal=515&pagina=26,"Autoriza o empenho e a transferência de recursos ao Município de Pinheiro Machado - RS, para a execução de ações de Defesa Civil."
1794,Ordinária,Ministério da Fazenda/Comissão de Valores Mobiliários/Superintendência-Geral/Superintendência de Supervisão de Investidores Institucionais/Gerência de Acompanhamento de Investidores Institucionais,2023-02-13,http://pesquisa.in.gov.br/imprensa/jsp/visualiza/index.jsp?data=13/02/2023&jornal=515&pagina=25,
1795,Ordinária,Ministério da Integração e do Desenvolvimento Regional/Secretaria Nacional de Proteção e Defesa Civil,2023-02-13,http://pesquisa.in.gov.br/imprensa/jsp/visualiza/index.jsp?data=13/02/2023&jornal=515&pagina=26,"Autoriza o empenho e a transferência de recursos ao Município de Águas Mornas - SC, para a execução de ações de Defesa Civil."
1796,Ordinária,Ministério da Integração e do Desenvolvimento Regional/Secretaria Nacional de Proteção e Defesa Civil,2023-02-13,http://pesquisa.in.gov.br/imprensa/jsp/visualiza/index.jsp?data=13/02/2023&jornal=515&pagina=25,"Autoriza o empenho e a transferência de recursos ao Município de Medeiros Neto - BA, para a execução de ações de Defesa Civil."
1797,Ordinária,Ministério da Gestão e da Inovação em Serviços Públicos/Secretaria de Gestão e Inovação,2023-02-13,http://pesquisa.in.gov.br/imprensa/jsp/visualiza/index.jsp?data=13/02/2023&jornal=515&pagina=25,Institui o Comitê Científico do LA-BORA! gov (CCL).
1798,Ordinária,Ministério da Integração e do Desenvolvimento Regional/Secretaria Nacional de Proteção e Defesa Civil,2023-02-13,http://pesquisa.in.gov.br/imprensa/jsp/visualiza/index.jsp?data=13/02/2023&jornal=515&pagina=26,"Autoriza o empenho e a transferência de recursos ao Município de Olindina - BA, para a execução de ações de Defesa Civil."
1799,Ordinária,Ministério da Fazenda/Secretaria Especial da Receita Federal do Brasil/Subsecretaria-Geral da Receita Federal do Brasil/Superintendência Regional da Receita Federal do Brasil 9ª Região Fiscal/Delegacia da Receita Federal do Brasil em Blumenau,2023-02-13,http://pesquisa.in.gov.br/imprensa/jsp/visualiza/index.jsp?data=13/02/2023&jornal=515&pagina=25,Concede Registro Especial a engarrafador de bebidas alcoólicas.
1800,Ordinária,Ministério da Integração e do Desenvolvimento Regional/Secretaria Nacional de Proteção e Defesa Civil,2023-02-13,http://pesquisa.in.gov.br/imprensa/jsp/visualiza/index.jsp?data=13/02/2023&jornal=515&pagina=25,"Autoriza o empenho e a transferência de recursos ao Município de Arvoredo - SC, para a execução de ações de Defesa Civil."
1801,Ordinária,Ministério da Saúde/Agência Nacional de Vigilância Sanitária/3ª Diretoria/Gerência-Geral de Tecnologia de Produtos para Saúde,2023-02-13,http://pesquisa.in.gov.br/imprensa/jsp/visualiza/index.jsp?data=13/02/2023&jornal=515&pagina=93,
1802,Ordinária,"Ministério da Saúde/Agência Nacional de Vigilância Sanitária/2ª Diretoria/Gerência-Geral de Produtos Biológicos, Radiofármacos, Sangue, Tecidos, Células, Órgãos e Prod de Terapias Avan",2023-02-13,http://pesquisa.in.gov.br/imprensa/jsp/visualiza/index.jsp?data=13/02/2023&jornal=515&pagina=91,
1803,Ordinária,Ministério da Saúde/Agência Nacional de Vigilância Sanitária/3ª Diretoria/Gerência-Geral de Tecnologia de Produtos para Saúde,2023-02-13,http://pesquisa.in.gov.br/imprensa/jsp/visualiza/index.jsp?data=13/02/2023&jornal=515&pagina=93,
1804,Ordinária,Ministério da Saúde/Agência Nacional de Vigilância Sanitária/3ª Diretoria/Gerência-Geral de Tecnologia de Produtos para Saúde,2023-02-13,http://pesquisa.in.gov.br/imprensa/jsp/visualiza/index.jsp?data=13/02/2023&jornal=515&pagina=92,
1805,Ordinária,Ministério da Integração e do Desenvolvimento Regional/Superintendência do Desenvolvimento do Nordeste/Conselho Deliberativo,2023-02-13,http://pesquisa.in.gov.br/imprensa/jsp/visualiza/index.jsp?data=13/02/2023&jornal=515&pagina=31,"Aprova a Proposição n. 164/2022, que trata das diretrizes e prioridades para aplicação dos recursos do Fundo de Desenvolvimento do Nordeste (FDNE) no exercício de 2023"
1806,Ordinária,Ministério da Integração e do Desenvolvimento Regional/Secretaria Nacional de Proteção e Defesa Civil,2023-02-13,http://pesquisa.in.gov.br/imprensa/jsp/visualiza/index.jsp?data=13/02/2023&jornal=515&pagina=25,"Autoriza o empenho e a transferência de recursos ao Município de Santa Efigênia de Minas - MG, para a execução de ações de Defesa Civil."
1807,Ordinária,Ministério da Saúde/Gabinete da Ministra,2023-02-13,http://pesquisa.in.gov.br/imprensa/jsp/visualiza/index.jsp?data=13/02/2023&jornal=515&pagina=73,"Renova a qualificação da Central de Regulação das Urgências (CRU) e das Unidades Móveis destinadas ao Serviço de Atendimento Móvel de Urgência (SAMU 192) e mantém os recursos do Bloco de Manutenção das Ações e Serviços Públicos de Saúde - Grupo de Atenção Especializada, incorporados ao limite financeiro de Média e Alta Complexidade (MAC), do Estado de Goiás e Municípios."
1808,Ordinária,Ministério de Minas e Energia/Agência Nacional de Mineração/Gerência Regional da ANM no Estado de Santa Catarina,2023-02-13,http://pesquisa.in.gov.br/imprensa/jsp/visualiza/index.jsp?data=13/02/2023&jornal=515&pagina=60,
1809,Ordinária,Ministério da Integração e do Desenvolvimento Regional/Secretaria Nacional de Proteção e Defesa Civil,2023-02-13,http://pesquisa.in.gov.br/imprensa/jsp/visualiza/index.jsp?data=13/02/2023&jornal=515&pagina=26,"Autoriza o empenho e a transferência de recursos ao Município de Jenipapo dos Vieiras - MA, para a execução de ações de Defesa Civil."
1810,Ordinária,Ministério da Gestão e da Inovação em Serviços Públicos/Secretaria de Gestão e Inovação,2023-02-13,http://pesquisa.in.gov.br/imprensa/jsp/visualiza/index.jsp?data=13/02/2023&jornal=515&pagina=25,Institui o Comitê Científico do LA-BORA! gov (CCL).
1811,Ordinária,Ministério da Saúde/Agência Nacional de Vigilância Sanitária/3ª Diretoria/Gerência-Geral de Tecnologia de Produtos para Saúde,2023-02-13,http://pesquisa.in.gov.br/imprensa/jsp/visualiza/index.jsp?data=13/02/2023&jornal=515&pagina=101,
1812,Ordinária,Ministério da Saúde/Agência Nacional de Vigilância Sanitária/3ª Diretoria/Gerência-Geral de Tecnologia de Produtos para Saúde,2023-02-13,http://pesquisa.in.gov.br/imprensa/jsp/visualiza/index.jsp?data=13/02/2023&jornal=515&pagina=100,
1813,Ordinária,Ministério da Saúde/Agência Nacional de Vigilância Sanitária/3ª Diretoria/Gerência-Geral de Toxicologia,2023-02-13,http://pesquisa.in.gov.br/imprensa/jsp/visualiza/index.jsp?data=13/02/2023&jornal=515&pagina=105,
1814,Ordinária,Ministério da Fazenda/Secretaria Especial da Receita Federal do Brasil/Subsecretaria-Geral da Receita Federal do Brasil/Superintendência Regional da Receita Federal do Brasil 6ª Região Fiscal/Delegacia da Receita Federal do Brasil em Montes Claros,2023-02-13,http://pesquisa.in.gov.br/imprensa/jsp/visualiza/index.jsp?data=13/02/2023&jornal=515&pagina=22,"Declara, a pessoa jurídica que menciona, Habilitada para operar no Regime Especial de Incentivos para o Desenvolvimento da Infraestrutura - REIDI, de que trata a Instrução Normativa RFB nº 2.121/22. | Declara, a pessoa jurídica que menciona, Habilitada para operar no Regime Especial de Incentivos para o Desenvolvimento da Infraestrutura - REIDI, de que trata a Instrução Normativa RFB nº 2.121/22. | Declara, a pessoa jurídica que menciona, Habilitada para operar no Regime Especial de Incentivos para o Desenvolvimento da Infraestrutura - REIDI, de que trata a Instrução Normativa RFB nº 2.121/22. | Declara, a pessoa jurídica que menciona, Habilitada para operar no Regime Especial de Incentivos para o Desenvolvimento da Infraestrutura - REIDI, de que trata a Instrução Normativa RFB nº 2.121/22. | Declara, a pessoa jurídica que menciona, Habilitada para operar no Regime Especial de Incentivos para o Desenvolvimento da Infraestrutura - REIDI, de que trata a Instrução Normativa RFB nº 2.121/22. | Declara, a pessoa jurídica que menciona, Habilitada para operar no Regime Especial de Incentivos para o Desenvolvimento da Infraestrutura - REIDI, de que trata a Instrução Normativa RFB nº 2.121/22. | Declara, a pessoa jurídica que menciona, Habilitada para operar no Regime Especial de Incentivos para o Desenvolvimento da Infraestrutura - REIDI, de que trata a Instrução Normativa RFB nº 2.121/22."
1815,Ordinária,Ministério da Fazenda/Secretaria Especial da Receita Federal do Brasil/Subsecretaria-Geral da Receita Federal do Brasil/Superintendência Regional da Receita Federal do Brasil 8ª Região Fiscal/Delegacia da Receita Federal do Brasil em São José do Rio Preto,2023-02-13,http://pesquisa.in.gov.br/imprensa/jsp/visualiza/index.jsp?data=13/02/2023&jornal=515&pagina=24,Delega competências no âmbito da Gerência Regional de Órgãos Públicos atribuídas à Delegacia da Receita Federal do Brasil em São José do Rio Preto - SP.
1816,Ordinária,Ministério da Fazenda/Secretaria Especial da Receita Federal do Brasil/Subsecretaria-Geral da Receita Federal do Brasil/Superintendência Regional da Receita Federal do Brasil 6ª Região Fiscal/Delegacia da Receita Federal do Brasil em Montes Claros,2023-02-13,http://pesquisa.in.gov.br/imprensa/jsp/visualiza/index.jsp?data=13/02/2023&jornal=515&pagina=21,"Declara, a pessoa jurídica que menciona, Habilitada para operar no Regime Especial de Incentivos para o Desenvolvimento da Infraestrutura - REIDI, de que trata a Instrução Normativa RFB nº 2.121/22. | Declara, a pessoa jurídica que menciona, Habilitada para operar no Regime Especial de Incentivos para o Desenvolvimento da Infraestrutura - REIDI, de que trata a Instrução Normativa RFB nº 2.121/22. | Declara, a pessoa jurídica que menciona, Habilitada para operar no Regime Especial de Incentivos para o Desenvolvimento da Infraestrutura - REIDI, de que trata a Instrução Normativa RFB nº 2.121/22. | Declara, a pessoa jurídica que menciona, Habilitada para operar no Regime Especial de Incentivos para o Desenvolvimento da Infraestrutura - REIDI, de que trata a Instrução Normativa RFB nº 2.121/22. | Declara, a pessoa jurídica que menciona, Habilitada para operar no Regime Especial de Incentivos para o Desenvolvimento da Infraestrutura - REIDI, de que trata a Instrução Normativa RFB nº 2.121/22. | Declara, a pessoa jurídica que menciona, Habilitada para operar no Regime Especial de Incentivos para o Desenvolvimento da Infraestrutura - REIDI, de que trata a Instrução Normativa RFB nº 2.121/22."
1817,Ordinária,Ministério da Saúde/Agência Nacional de Vigilância Sanitária/4ª Diretoria/Gerência-Geral de Inspeção e Fiscalização Sanitária,2023-02-13,http://pesquisa.in.gov.br/imprensa/jsp/visualiza/index.jsp?data=13/02/2023&jornal=515&pagina=111,
1818,Ordinária,Ministério da Saúde/Agência Nacional de Vigilância Sanitária/4ª Diretoria/Gerência-Geral de Inspeção e Fiscalização Sanitária,2023-02-13,http://pesquisa.in.gov.br/imprensa/jsp/visualiza/index.jsp?data=13/02/2023&jornal=515&pagina=111,
1819,Ordinária,Ministério da Saúde/Agência Nacional de Vigilância Sanitária/4ª Diretoria/Gerência-Geral de Inspeção e Fiscalização Sanitária,2023-02-13,http://pesquisa.in.gov.br/imprensa/jsp/visualiza/index.jsp?data=13/02/2023&jornal=515&pagina=111,
1820,Ordinária,Ministério da Fazenda/Secretaria Especial da Receita Federal do Brasil/Subsecretaria-Geral da Receita Federal do Brasil/Superintendência Regional da Receita Federal do Brasil 3ª Região Fiscal/Delegacia da Receita Federal do Brasil em São Luís,2023-02-13,http://pesquisa.in.gov.br/imprensa/jsp/visualiza/index.jsp?data=13/02/2023&jornal=515&pagina=19,"Concede habilitação ao Regime Especial de Incentivos para o Desenvolvimento da Infraestrutura (REIDI). Suspensão do PIS/PASEP e da COFINS, nos casos autorizados pelos diplomas legais e normativos a seguir citados. | Concede habilitação ao Regime Especial de Incentivos para o Desenvolvimento da Infraestrutura (REIDI). Suspensão do PIS/PASEP e da COFINS, nos casos autorizados pelos diplomas legais e normativos a seguir citados. | Concede habilitação ao Regime Especial de Incentivos para o Desenvolvimento da Infraestrutura (REIDI). Suspensão do PIS/PASEP e da COFINS, nos casos autorizados pelos diplomas legais e normativos a seguir citados. | Concede habilitação ao Regime Especial de Incentivos para o Desenvolvimento da Infraestrutura (REIDI). Suspensão do PIS/PASEP e da COFINS, nos casos autorizados pelos diplomas legais e normativos a seguir citados. | Concede habilitação ao Regime Especial de Incentivos para o Desenvolvimento da Infraestrutura (REIDI). Suspensão do PIS/PASEP e da COFINS, nos casos autorizados pelos diplomas legais e normativos a seguir citados. | Concede habilitação ao Regime Especial de Incentivos para o Desenvolvimento da Infraestrutura (REIDI). Suspensão do PIS/PASEP e da COFINS, nos casos autorizados pelos diplomas legais e normativos a seguir citados. | Concede habilitação ao Regime Especial de Incentivos para o Desenvolvimento da Infraestrutura (REIDI). Suspensão do PIS/PASEP e da COFINS, nos casos autorizados pelos diplomas legais e normativos a seguir citados. | Concede habilitação ao Regime Especial de Incentivos para o Desenvolvimento da Infraestrutura (REIDI). Suspensão do PIS/PASEP e da COFINS, nos casos autorizados pelos diplomas legais e normativos a seguir citados. | Concede habilitação ao Regime Especial de Incentivos para o Desenvolvimento da Infraestrutura (REIDI). Suspensão do PIS/PASEP e da COFINS, nos casos autorizados pelos diplomas legais e normativos a seguir citados. | Concede habilitação ao Regime Especial de Incentivos para o Desenvolvimento da Infraestrutura (REIDI). Suspensão do PIS/PASEP e da COFINS, nos casos autorizados pelos diplomas legais e normativos a seguir citados."
1821,Ordinária,Ministério da Fazenda/Secretaria Especial da Receita Federal do Brasil/Subsecretaria-Geral da Receita Federal do Brasil/Superintendência Regional da Receita Federal do Brasil 7ª Região Fiscal/Delegacia da Receita Federal do Brasil em Nova Iguaçu,2023-02-13,http://pesquisa.in.gov.br/imprensa/jsp/visualiza/index.jsp?data=13/02/2023&jornal=515&pagina=24,(Concede Registro Especial para Engarrafador de Bebidas)
1822,Ordinária,Ministério da Fazenda/Secretaria Especial da Receita Federal do Brasil/Subsecretaria-Geral da Receita Federal do Brasil/Superintendência Regional da Receita Federal do Brasil 6ª Região Fiscal/Delegacia da Receita Federal do Brasil em Belo Horizonte,2023-02-13,http://pesquisa.in.gov.br/imprensa/jsp/visualiza/index.jsp?data=13/02/2023&jornal=515&pagina=21,Declara a inscrição de Pessoa Jurídica no Registro Especial para produtor de bebidas alcoólicas. | Declara a inscrição de Pessoa Jurídica no Registro Especial para engarrafador de bebidas alcoólicas. | Declara a inscrição de Pessoa Jurídica no Registro Especial para produtor de bebidas alcoólicas. | Declara a inscrição de Pessoa Jurídica no Registro Especial para engarrafador de bebidas alcoólicas.
1823,Ordinária,Ministério da Fazenda/Secretaria Especial da Receita Federal do Brasil/Subsecretaria-Geral da Receita Federal do Brasil/Superintendência Regional da Receita Federal do Brasil 1ª Região Fiscal/Alfândega da Receita Federal do Brasil em Mundo Novo,2023-02-13,http://pesquisa.in.gov.br/imprensa/jsp/visualiza/index.jsp?data=13/02/2023&jornal=515&pagina=19,Disciplina os horários do serviço de despacho aduaneiro e a permanência e a movimentação de pessoas e veículos de carga no âmbito da Alfândega da Receita Federal do Brasil em Mundo Novo/MS.
1824,Ordinária,Ministério da Saúde/Agência Nacional de Vigilância Sanitária/4ª Diretoria/Gerência-Geral de Inspeção e Fiscalização Sanitária,2023-02-13,http://pesquisa.in.gov.br/imprensa/jsp/visualiza/index.jsp?data=13/02/2023&jornal=515&pagina=112,
1825,Ordinária,Ministério da Educação/Secretaria de Regulação e Supervisão da Educação Superior,2023-02-13,http://pesquisa.in.gov.br/imprensa/jsp/visualiza/index.jsp?data=13/02/2023&jornal=515&pagina=18,
1826,Ordinária,Ministério da Fazenda/Secretaria Especial da Receita Federal do Brasil/Subsecretaria-Geral da Receita Federal do Brasil/Superintendência Regional da Receita Federal do Brasil 1ª Região Fiscal/Delegacia da Receita Federal do Brasil em Cuiabá,2023-02-13,http://pesquisa.in.gov.br/imprensa/jsp/visualiza/index.jsp?data=13/02/2023&jornal=515&pagina=19,Aplica a pena de perdimento do veículo objeto do processo que especifica.
1827,Ordinária,"Ministério da Educação/Instituto Federal de Educação, Ciência e Tecnologia do Norte de Minas Gerais/Campus Diamantina",2023-02-13,http://pesquisa.in.gov.br/imprensa/jsp/visualiza/index.jsp?data=13/02/2023&jornal=515&pagina=18,
1828,Ordinária,Ministério da Saúde/Agência Nacional de Vigilância Sanitária/4ª Diretoria/Gerência-Geral de Inspeção e Fiscalização Sanitária,2023-02-13,http://pesquisa.in.gov.br/imprensa/jsp/visualiza/index.jsp?data=13/02/2023&jornal=515&pagina=113,
1829,Ordinária,"Ministério da Educação/Instituto Federal de Educação, Ciência e Tecnologia de Rondônia",2023-02-13,http://pesquisa.in.gov.br/imprensa/jsp/visualiza/index.jsp?data=13/02/2023&jornal=515&pagina=18,"Dispõe sobre a homologação da atualização da estrutura organizacional do Instituto Federal de Educação, Ciência e Tecnologia de Rondônia (IFRO), Campus Jaru."
1830,Ordinária,Ministério da Fazenda/Secretaria Especial da Receita Federal do Brasil/Subsecretaria-Geral da Receita Federal do Brasil/Superintendência Regional da Receita Federal do Brasil 8ª Região Fiscal/Alfândega da Receita Federal do Brasil no Aeroporto Internacional de Viracopos,2023-02-13,http://pesquisa.in.gov.br/imprensa/jsp/visualiza/index.jsp?data=13/02/2023&jornal=515&pagina=24,Prorroga o prazo de validade do credenciamento de peritos para o exercício de atividades de prestação de serviço de perícia na Alfândega de Viracopos.
1831,Ordinária,Ministério da Fazenda/Secretaria Especial da Receita Federal do Brasil/Subsecretaria-Geral da Receita Federal do Brasil/Superintendência Regional da Receita Federal do Brasil 1ª Região Fiscal,2023-02-13,http://pesquisa.in.gov.br/imprensa/jsp/visualiza/index.jsp?data=13/02/2023&jornal=515&pagina=19,"Prorroga-se, a título provisório, pelo prazo de 180 dias, a situação de fiscalização em caráter permanente do Recinto Especial para Despacho Aduaneiro de Exportação (Redex) que menciona."
1832,Ordinária,Ministério da Fazenda/Conselho Nacional de Política Fazendária,2023-02-13,http://pesquisa.in.gov.br/imprensa/jsp/visualiza/index.jsp?data=13/02/2023&jornal=515&pagina=18,"Ratifica Convênios ICMS aprovados na 365ª Reunião Extraordinária do CONFAZ, realizada no dia 24.01.2023 e publicados no DOU no dia 25.01.2023."
1833,Ordinária,Ministério da Saúde/Agência Nacional de Vigilância Sanitária/4ª Diretoria/Gerência-Geral de Inspeção e Fiscalização Sanitária/Coordenação de Autorização de Funcionamento de Empresas,2023-02-13,http://pesquisa.in.gov.br/imprensa/jsp/visualiza/index.jsp?data=13/02/2023&jornal=515&pagina=115,
1834,Ordinária,Ministério da Defesa/Estado-Maior Conjunto das Forças Armadas,2023-02-13,http://pesquisa.in.gov.br/imprensa/jsp/visualiza/index.jsp?data=13/02/2023&jornal=515&pagina=17,
1835,Ordinária,Ministério da Saúde/Agência Nacional de Vigilância Sanitária/4ª Diretoria/Gerência-Geral de Inspeção e Fiscalização Sanitária,2023-02-13,http://pesquisa.in.gov.br/imprensa/jsp/visualiza/index.jsp?data=13/02/2023&jornal=515&pagina=114,
1836,Ordinária,Ministério da Defesa/Estado-Maior Conjunto das Forças Armadas,2023-02-13,http://pesquisa.in.gov.br/imprensa/jsp/visualiza/index.jsp?data=13/02/2023&jornal=515&pagina=17,
1837,Ordinária,Ministério da Defesa/Estado-Maior Conjunto das Forças Armadas/Chefia de Logística e Mobilização/Subchefia de Logística Operacional,2023-02-13,http://pesquisa.in.gov.br/imprensa/jsp/visualiza/index.jsp?data=13/02/2023&jornal=515&pagina=17,
1838,Ordinária,Ministério da Defesa/Estado-Maior Conjunto das Forças Armadas/Chefia de Logística e Mobilização/Subchefia de Logística Operacional,2023-02-13,http://pesquisa.in.gov.br/imprensa/jsp/visualiza/index.jsp?data=13/02/2023&jornal=515&pagina=17,
1839,Ordinária,Ministério da Saúde/Agência Nacional de Vigilância Sanitária/4ª Diretoria/Gerência-Geral de Inspeção e Fiscalização Sanitária/Coordenação de Autorização de Funcionamento de Empresas,2023-02-13,http://pesquisa.in.gov.br/imprensa/jsp/visualiza/index.jsp?data=13/02/2023&jornal=515&pagina=116,
1840,Ordinária,"Ministério da Fazenda/Conselho de Recursos do Sistema Nacional de Seguros Privados, de Previdência Privada Aberta e de Capitalização",2023-02-13,http://pesquisa.in.gov.br/imprensa/jsp/visualiza/index.jsp?data=13/02/2023&jornal=515&pagina=18,
1841,Ordinária,Ministério da Defesa/Estado-Maior Conjunto das Forças Armadas,2023-02-13,http://pesquisa.in.gov.br/imprensa/jsp/visualiza/index.jsp?data=13/02/2023&jornal=515&pagina=17,
1842,Ordinária,Ministério da Defesa/Estado-Maior Conjunto das Forças Armadas,2023-02-13,http://pesquisa.in.gov.br/imprensa/jsp/visualiza/index.jsp?data=13/02/2023&jornal=515&pagina=17,
1843,Ordinária,Ministério da Saúde/Agência Nacional de Vigilância Sanitária/4ª Diretoria/Gerência-Geral de Inspeção e Fiscalização Sanitária/Coordenação de Autorização de Funcionamento de Empresas,2023-02-13,http://pesquisa.in.gov.br/imprensa/jsp/visualiza/index.jsp?data=13/02/2023&jornal=515&pagina=118,
1844,Ordinária,Ministério da Defesa/Comando da Marinha/Gabinete do Comandante,2023-02-13,http://pesquisa.in.gov.br/imprensa/jsp/visualiza/index.jsp?data=13/02/2023&jornal=515&pagina=16,Revogação de Portarias que aprovam a alteração do Quadro Demonstrativo dos Cargos em Comissão e das Funções de Confiança do Comando da Marinha.
1845,Ordinária,Ministério da Educação/Gabinete do Ministro,2023-02-13,http://pesquisa.in.gov.br/imprensa/jsp/visualiza/index.jsp?data=13/02/2023&jornal=515&pagina=17,"Dispõe sobre a redistribuição de cargo do Ministério da Educação - MEC para o Instituto Federal de Educação, Ciência e Tecnologia de Brasília - IFB."
1846,Ordinária,Ministério da Defesa/Comando da Marinha/Gabinete do Comandante,2023-02-13,http://pesquisa.in.gov.br/imprensa/jsp/visualiza/index.jsp?data=13/02/2023&jornal=515&pagina=16,"Extingue o Grupo de Fiscalização e Recebimento do Sistema de Aeronaves Remotamente Pilotadas Embarcado ""ScanEagle""."
1847,Ordinária,Ministério da Defesa/Estado-Maior Conjunto das Forças Armadas/Chefia de Logística e Mobilização/Subchefia de Logística Operacional,2023-02-13,http://pesquisa.in.gov.br/imprensa/jsp/visualiza/index.jsp?data=13/02/2023&jornal=515&pagina=17,
1848,Ordinária,Ministério da Fazenda/Secretaria Especial da Receita Federal do Brasil/Subsecretaria-Geral da Receita Federal do Brasil/Superintendência Regional da Receita Federal do Brasil 8ª Região Fiscal/Delegacia da Receita Federal do Brasil em Sorocaba,2023-02-13,http://pesquisa.in.gov.br/imprensa/jsp/visualiza/index.jsp?data=13/02/2023&jornal=515&pagina=24,Habilita ao Regime Especial de Incentivos para o Desenvolvimento da Infraestrutura (REIDI).
1849,Ordinária,Ministério da Educação/Fundação Universidade Federal de Ouro Preto/Pró-Reitoria de Gestão de Pessoas,2023-02-13,http://pesquisa.in.gov.br/imprensa/jsp/visualiza/index.jsp?data=13/02/2023&jornal=515&pagina=18,
1850,Ordinária,Ministério da Defesa/Comando da Marinha/Gabinete do Comandante,2023-02-13,http://pesquisa.in.gov.br/imprensa/jsp/visualiza/index.jsp?data=13/02/2023&jornal=515&pagina=16,Extingue o Grupo de Fiscalização e Recebimento das Aeronaves COD (Carrier On-board Delivery) / AAR (Air-to-Air Refueling).
1851,Ordinária,Ministério das Comunicações/Agência Nacional de Telecomunicações/Superintendência de Fiscalização/Gerência Regional nos Estados do Paraná e Santa Catarina,2023-02-13,http://pesquisa.in.gov.br/imprensa/jsp/visualiza/index.jsp?data=13/02/2023&jornal=515&pagina=9,
1852,Ordinária,Ministério da Defesa/Estado-Maior Conjunto das Forças Armadas,2023-02-13,http://pesquisa.in.gov.br/imprensa/jsp/visualiza/index.jsp?data=13/02/2023&jornal=515&pagina=16,
1853,Ordinária,Ministério da Defesa/Estado-Maior Conjunto das Forças Armadas,2023-02-13,http://pesquisa.in.gov.br/imprensa/jsp/visualiza/index.jsp?data=13/02/2023&jornal=515&pagina=16,
1854,Ordinária,Ministério da Defesa/Estado-Maior Conjunto das Forças Armadas,2023-02-13,http://pesquisa.in.gov.br/imprensa/jsp/visualiza/index.jsp?data=13/02/2023&jornal=515&pagina=16,
1855,Ordinária,Ministério das Comunicações/Agência Nacional de Telecomunicações/Superintendência de Fiscalização/Gerência Regional nos Estados do Paraná e Santa Catarina,2023-02-13,http://pesquisa.in.gov.br/imprensa/jsp/visualiza/index.jsp?data=13/02/2023&jornal=515&pagina=9,
1856,Ordinária,Ministério da Cultura/Instituto do Patrimônio Histórico e Artístico Nacional/Departamento do Patrimônio Material e Fiscalização/Centro Nacional de Arqueologia,2023-02-13,http://pesquisa.in.gov.br/imprensa/jsp/visualiza/index.jsp?data=13/02/2023&jornal=515&pagina=15,
1857,Ordinária,Ministério das Comunicações/Agência Nacional de Telecomunicações/Superintendência de Outorga e Recursos à Prestação/Gerência de Outorga e Licenciamento de Estações,2023-02-13,http://pesquisa.in.gov.br/imprensa/jsp/visualiza/index.jsp?data=13/02/2023&jornal=515&pagina=10,
1858,Ordinária,Ministério da Defesa/Comando da Marinha/Secretaria-Geral/Diretoria de Administração,2023-02-13,http://pesquisa.in.gov.br/imprensa/jsp/visualiza/index.jsp?data=13/02/2023&jornal=515&pagina=16,
1859,Ordinária,Ministério da Defesa/Comando da Aeronáutica/Departamento de Controle do Espaço Aéreo,2023-02-13,http://pesquisa.in.gov.br/imprensa/jsp/visualiza/index.jsp?data=13/02/2023&jornal=515&pagina=15,Atualiza a Relação dos Aeródromos Públicos Nacionais Classificados para fins específicos de cobrança das Tarifas de Navegação Aérea.
1860,Ordinária,Ministério da Cultura/Instituto do Patrimônio Histórico e Artístico Nacional/Departamento do Patrimônio Material e Fiscalização/Centro Nacional de Arqueologia,2023-02-13,http://pesquisa.in.gov.br/imprensa/jsp/visualiza/index.jsp?data=13/02/2023&jornal=515&pagina=13,
1861,Ordinária,Ministério das Comunicações/Agência Nacional de Telecomunicações/Superintendência de Outorga e Recursos à Prestação/Gerência de Outorga e Licenciamento de Estações,2023-02-13,http://pesquisa.in.gov.br/imprensa/jsp/visualiza/index.jsp?data=13/02/2023&jornal=515&pagina=10,
1862,Ordinária,Ministério da Cultura/Agência Nacional do Cinema,2023-02-13,http://pesquisa.in.gov.br/imprensa/jsp/visualiza/index.jsp?data=13/02/2023&jornal=515&pagina=10,
1863,Ordinária,Ministério da Cultura/Instituto do Patrimônio Histórico e Artístico Nacional,2023-02-13,http://pesquisa.in.gov.br/imprensa/jsp/visualiza/index.jsp?data=13/02/2023&jornal=515&pagina=11,"Dispõe sobre a delimitação da poligonal e a definição de diretrizes de preservação e critérios de intervenção para a área de entorno da ""Casa Grande e Tulha da Antiga Chácara Paraíso das Campinas Velhas"", conjunto arquitetônico situado no município de Campinas, estado de São Paulo/SP, bem objeto de tombamento federal pelo Instituto do Patrimônio Histórico e Artístico Nacional - Iphan."
1864,Ordinária,Ministério da Agricultura e Pecuária/Secretaria de Defesa Agropecuária,2023-02-13,http://pesquisa.in.gov.br/imprensa/jsp/visualiza/index.jsp?data=13/02/2023&jornal=515&pagina=4,Reconhece a equivalência do Serviço de Inspeção Estadual do Amapá desempenhado pela AGÊNCIA DE DEFESA E INSPEÇÃO AGROPECUÁRIA DO ESTADO DO AMAPÁ - DIAGRO para adesão ao Sistema Brasileiro de Inspeção de Produtos de Origem Animal - SISBI-POA.
1865,Ordinária,Ministério de Minas e Energia/Agência Nacional de Mineração/Gerência Regional da ANM no Estado do Maranhão,2023-02-13,http://pesquisa.in.gov.br/imprensa/jsp/visualiza/index.jsp?data=13/02/2023&jornal=515&pagina=61,
1866,Ordinária,Ministério da Agricultura e Pecuária/Secretaria Executiva/Superintendência de Agricultura e Pecuária do Estado de Minas Gerais,2023-02-13,http://pesquisa.in.gov.br/imprensa/jsp/visualiza/index.jsp?data=13/02/2023&jornal=515&pagina=4,Habilitação para emissão de GTA.
1867,Ordinária,Ministério da Defesa/Estado-Maior Conjunto das Forças Armadas,2023-02-13,http://pesquisa.in.gov.br/imprensa/jsp/visualiza/index.jsp?data=13/02/2023&jornal=515&pagina=16,
1868,Ordinária,Ministério da Cultura/Instituto do Patrimônio Histórico e Artístico Nacional,2023-02-13,http://pesquisa.in.gov.br/imprensa/jsp/visualiza/index.jsp?data=13/02/2023&jornal=515&pagina=12,"Efetiva a realocação de Função Comissionada Executiva - FCE, da Estrutura Regimental e Quadro Demonstrativo dos Cargos em Comissão e das Funções de Confiança do Instituto do Patrimônio Histórico e Artístico Nacional, aprovada pelo Decreto nº 11.178 de 18 de agosto de 2022."
1869,Ordinária,Ministério da Agricultura e Pecuária/Secretaria Executiva/Superintendência de Agricultura e Pecuária do Estado do Rio Grande do Sul,2023-02-13,http://pesquisa.in.gov.br/imprensa/jsp/visualiza/index.jsp?data=13/02/2023&jornal=515&pagina=4,
1870,Ordinária,Ministério de Minas e Energia/Agência Nacional de Mineração/Gerência Regional da ANM no Estado de Santa Catarina,2023-02-13,http://pesquisa.in.gov.br/imprensa/jsp/visualiza/index.jsp?data=13/02/2023&jornal=515&pagina=60,
1871,Ordinária,Ministério da Agricultura e Pecuária/Gabinete do Ministro,2023-02-13,http://pesquisa.in.gov.br/imprensa/jsp/visualiza/index.jsp?data=13/02/2023&jornal=515&pagina=3,"Delega competência a dirigentes de unidades administrativas do Ministério da Agricultura e Pecuária - MAPA para a prática de atos relacionados à celebração, prorrogação, aditivação e aprovação de contas de convênios, parcerias, projetos de cooperação técnica internacional e demais ajustes congêneres."
1872,Ordinária,Ministério da Defesa/Estado-Maior Conjunto das Forças Armadas,2023-02-13,http://pesquisa.in.gov.br/imprensa/jsp/visualiza/index.jsp?data=13/02/2023&jornal=515&pagina=16,
1873,Ordinária,Ministério da Fazenda/Secretaria Especial da Receita Federal do Brasil/Subsecretaria-Geral da Receita Federal do Brasil/Superintendência Regional da Receita Federal do Brasil 7ª Região Fiscal/Delegacia da Receita Federal do Brasil em Nova Iguaçu,2023-02-13,http://pesquisa.in.gov.br/imprensa/jsp/visualiza/index.jsp?data=13/02/2023&jornal=515&pagina=24,(Concede Registro Especial para Engarrafador de Bebidas)
1874,Ordinária,Ministério da Agricultura e Pecuária/Secretaria Executiva/Superintendência de Agricultura e Pecuária do Estado do Rio Grande do Sul,2023-02-13,http://pesquisa.in.gov.br/imprensa/jsp/visualiza/index.jsp?data=13/02/2023&jornal=515&pagina=4,
1875,Ordinária,Ministério da Saúde/Agência Nacional de Vigilância Sanitária/2ª Diretoria/Gerência-Geral de Medicamentos,2023-02-13,http://pesquisa.in.gov.br/imprensa/jsp/visualiza/index.jsp?data=13/02/2023&jornal=515&pagina=89,
1876,Ordinária,Ministério da Saúde/Gabinete da Ministra,2023-02-13,http://pesquisa.in.gov.br/imprensa/jsp/visualiza/index.jsp?data=13/02/2023&jornal=515&pagina=73,"Renova a qualificação das Unidades Móveis, destinadas ao Serviço de Atendimento Móvel de Urgência (SAMU 192) e mantém os recursos do Bloco de Manutenção das Ações e Serviços Públicos de Saúde - Grupo de Atenção Especializada, incorporados ao limite financeiro de Média e Alta Complexidade (MAC), do Estado de Santa Catarina e Municípios."
1877,Ordinária,Ministério da Fazenda/Secretaria Especial da Receita Federal do Brasil/Subsecretaria-Geral da Receita Federal do Brasil/Superintendência Regional da Receita Federal do Brasil 7ª Região Fiscal/Delegacia da Receita Federal do Brasil em Nova Iguaçu,2023-02-13,http://pesquisa.in.gov.br/imprensa/jsp/visualiza/index.jsp?data=13/02/2023&jornal=515&pagina=24,(Concede Registro Especial para Produtor de Bebidas)
1878,Ordinária,Ministério do Trabalho e Emprego/Secretaria de Inspeção do Trabalho/Departamento de Fiscalização do Trabalho/Coordenação-Geral de Recursos,2023-02-14,http://pesquisa.in.gov.br/imprensa/jsp/visualiza/index.jsp?data=14/02/2023&jornal=515&pagina=186,
1879,Ordinária,Ministério dos Transportes/Agência Nacional de Transportes Terrestres/Diretoria Colegiada,2023-02-14,http://pesquisa.in.gov.br/imprensa/jsp/visualiza/index.jsp?data=14/02/2023&jornal=515&pagina=189,
1880,Ordinária,Ministério da Saúde/Agência Nacional de Vigilância Sanitária/4ª Diretoria/Gerência-Geral de Inspeção e Fiscalização Sanitária,2023-02-14,http://pesquisa.in.gov.br/imprensa/jsp/visualiza/index.jsp?data=14/02/2023&jornal=515&pagina=186,
1881,Ordinária,Ministério dos Transportes/Agência Nacional de Transportes Terrestres,2023-02-14,http://pesquisa.in.gov.br/imprensa/jsp/visualiza/index.jsp?data=14/02/2023&jornal=515&pagina=189,
1882,Ordinária,Ministério da Saúde/Agência Nacional de Vigilância Sanitária/2ª Diretoria/Coordenação de Pesquisa Clínica em Medicamentos e Produtos Biológicos,2023-02-14,http://pesquisa.in.gov.br/imprensa/jsp/visualiza/index.jsp?data=14/02/2023&jornal=515&pagina=185,
1883,Ordinária,Ministério da Saúde/Agência Nacional de Vigilância Sanitária/3ª Diretoria/Gerência-Geral de Registro e Fiscalização de Produtos Fumígenos Derivados ou Não do Tabaco,2023-02-14,http://pesquisa.in.gov.br/imprensa/jsp/visualiza/index.jsp?data=14/02/2023&jornal=515&pagina=185,
1884,Ordinária,Ministério da Saúde/Agência Nacional de Vigilância Sanitária/4ª Diretoria/Gerência-Geral de Inspeção e Fiscalização Sanitária,2023-02-14,http://pesquisa.in.gov.br/imprensa/jsp/visualiza/index.jsp?data=14/02/2023&jornal=515&pagina=186,
1885,Ordinária,"Ministério das Comunicações/Agência Nacional de Telecomunicações/Superintendência de Fiscalização/Gerência Regional nos Estados de Pernambuco, Paraíba e Alagoas",2023-02-14,http://pesquisa.in.gov.br/imprensa/jsp/visualiza/index.jsp?data=14/02/2023&jornal=515&pagina=4,
1886,Ordinária,Ministério da Saúde/Agência Nacional de Vigilância Sanitária/2ª Diretoria/Coordenação de Pesquisa Clínica em Medicamentos e Produtos Biológicos,2023-02-14,http://pesquisa.in.gov.br/imprensa/jsp/visualiza/index.jsp?data=14/02/2023&jornal=515&pagina=184,
1887,Ordinária,Ministério da Saúde/Agência Nacional de Vigilância Sanitária/2ª Diretoria/Coordenação de Pesquisa Clínica em Medicamentos e Produtos Biológicos,2023-02-14,http://pesquisa.in.gov.br/imprensa/jsp/visualiza/index.jsp?data=14/02/2023&jornal=515&pagina=184,
1888,Ordinária,Ministério da Saúde/Secretaria de Atenção Especializada à Saúde,2023-02-14,http://pesquisa.in.gov.br/imprensa/jsp/visualiza/index.jsp?data=14/02/2023&jornal=515&pagina=182,"Defere a Renovação do CEBAS da Santa Casa de Misericórdia de Nepomuceno, com sede em Nepomuceno (MG)."
1889,Ordinária,Ministério da Saúde/Agência Nacional de Vigilância Sanitária,2023-02-14,http://pesquisa.in.gov.br/imprensa/jsp/visualiza/index.jsp?data=14/02/2023&jornal=515&pagina=184,"Estabelece a sub-rogação de Contrato Administrativo celebrado pela Unidade Gestora da ANVISA que integra a Regional Norte, compreendendo o estado de Roraima, para a Unidade Gestora 253002 - Agência Nacional de Vigilância Sanitária - Sede."
1890,Ordinária,Ministério da Saúde/Secretaria de Atenção Especializada à Saúde,2023-02-14,http://pesquisa.in.gov.br/imprensa/jsp/visualiza/index.jsp?data=14/02/2023&jornal=515&pagina=182,"Indefere a Renovação do CEBAS da Irmandade do Senhor Jesus dos Passos e Imperial Hospital de Caridade, com sede em Florianópolis (SC)."
1891,Ordinária,Ministério das Comunicações/Agência Nacional de Telecomunicações/Superintendência de Radiofrequência e Fiscalização/Gerência-Geral de Fiscalização/Escritório Regional no Estado da Bahia,2023-02-14,http://pesquisa.in.gov.br/imprensa/jsp/visualiza/index.jsp?data=14/02/2023&jornal=515&pagina=4,
1892,Ordinária,Ministério da Saúde/Secretaria de Atenção Especializada à Saúde,2023-02-14,http://pesquisa.in.gov.br/imprensa/jsp/visualiza/index.jsp?data=14/02/2023&jornal=515&pagina=182,"Defere a Renovação do CEBAS da Associação Hospitalar de Clementina, com sede em Clementina (SP)."
1893,Ordinária,Ministério da Saúde/Agência Nacional de Vigilância Sanitária/2ª Diretoria/Coordenação de Pesquisa Clínica em Medicamentos e Produtos Biológicos,2023-02-14,http://pesquisa.in.gov.br/imprensa/jsp/visualiza/index.jsp?data=14/02/2023&jornal=515&pagina=185,
1894,Ordinária,Ministério da Saúde/Secretaria de Atenção Especializada à Saúde,2023-02-14,http://pesquisa.in.gov.br/imprensa/jsp/visualiza/index.jsp?data=14/02/2023&jornal=515&pagina=181,"Indefere a Concessão do CEBAS da, Instituto Reabilitar - Equocentro, com sede em Inhapim (MG)."
1895,Ordinária,Ministério da Saúde/Secretaria de Atenção Especializada à Saúde,2023-02-14,http://pesquisa.in.gov.br/imprensa/jsp/visualiza/index.jsp?data=14/02/2023&jornal=515&pagina=181,"Indefere a Concessão do CEBAS da Santa Casa de Ji-Paraná, com sede em Ji-paraná (RO)."
1896,Ordinária,Ministério da Saúde/Secretaria de Atenção Especializada à Saúde,2023-02-14,http://pesquisa.in.gov.br/imprensa/jsp/visualiza/index.jsp?data=14/02/2023&jornal=515&pagina=181,"Defere a Renovação do CEBAS da Associação Hospitalar Rio Branco de Pejuçara, com sede em Pejuçara (RS)."
1897,Ordinária,Ministério da Saúde/Secretaria de Atenção Especializada à Saúde,2023-02-14,http://pesquisa.in.gov.br/imprensa/jsp/visualiza/index.jsp?data=14/02/2023&jornal=515&pagina=181,"Indefere a Concessão do CEBAS da Associação Nossa Senhora da Piedade, com sede em Cerquilho (SP)."
1898,Ordinária,Ministério da Saúde/Gabinete da Ministra,2023-02-14,http://pesquisa.in.gov.br/imprensa/jsp/visualiza/index.jsp?data=14/02/2023&jornal=515&pagina=178,"Renova a qualificação e especifica a composição do incentivo da Unidade de Suporte Básico (USB) do Serviço de Atendimento Móvel de Urgência (SAMU 192), e mantém os recursos do Bloco de Manutenção das Ações e Serviços Públicos de Saúde - Grupo de Atenção Especializada incorporados ao limite financeiro de Média e Alta Complexidade (MAC) do Estado do Mato Grosso do Sul e Município de Terenos."
1899,Ordinária,Ministério da Saúde/Gabinete da Ministra,2023-02-14,http://pesquisa.in.gov.br/imprensa/jsp/visualiza/index.jsp?data=14/02/2023&jornal=515&pagina=178,"Institui estratégia excepcional de ampliação do acesso à reconstrução mamária em caso de mulheres com diagnóstico de câncer de mama, no âmbito do Sistema Único de Saúde - SUS."
1900,Ordinária,Ministério da Saúde/Gabinete da Ministra,2023-02-14,http://pesquisa.in.gov.br/imprensa/jsp/visualiza/index.jsp?data=14/02/2023&jornal=515&pagina=121,"Atualiza, para o ano de 2023, os valores dos repasses de recursos financeiros federais referente ao Piso Fixo de Vigilância Sanitária (PFVisa), do Bloco de Manutenção das Ações e Serviços Públicos de Saúde para os Estados, Distrito Federal e Municípios, destinados à execução das ações de vigilância sanitária, em função do ajuste populacional de que trata o Art. 444, da Portaria de Consolidação GM/MS n° 6, de 28 de setembro de 2017."
1901,Ordinária,Ministério da Saúde/Gabinete da Ministra,2023-02-14,http://pesquisa.in.gov.br/imprensa/jsp/visualiza/index.jsp?data=14/02/2023&jornal=515&pagina=119,"Renova a qualificação da Central de Regulação das Urgências (CRU) e Unidades Móveis, destinadas ao Serviço de Atendimento Móvel de Urgência (SAMU 192) e mantém os recursos do Bloco de Manutenção das Ações e Serviços Públicos de Saúde - Grupo de Atenção Especializada, incorporados ao limite financeiro de Média e Alta Complexidade (MAC), do Estado de São Pulo e Município de Guarulhos."
1902,Ordinária,Ministério da Saúde/Gabinete da Ministra,2023-02-14,http://pesquisa.in.gov.br/imprensa/jsp/visualiza/index.jsp?data=14/02/2023&jornal=515&pagina=180,"Renova a qualificação da Unidade de Suporte Básico (USB), destinada ao Serviço de Atendimento Móvel de Urgência (SAMU 192) e mantém os recursos do Bloco de Manutenção das Ações e Serviços Públicos de Saúde - Grupo de Atenção Especializada, incorporados ao limite financeiro de Média e Alta Complexidade (MAC), do Estado do Paraná e Município de Ibiorã."
1903,Ordinária,Ministério da Saúde/Gabinete da Ministra,2023-02-14,http://pesquisa.in.gov.br/imprensa/jsp/visualiza/index.jsp?data=14/02/2023&jornal=515&pagina=120,"Renova a qualificação das Unidades Móveis destinadas ao Serviço de Atendimento Móvel de Urgência (SAMU 192), mantém os recursos do Bloco de Manutenção das Ações e Serviços Públicos de Saúde - Grupo de Atenção Especializada incorporados ao limite financeiro de Média e Alta Complexidade (MAC) do Estado do Rio Grande do Sul e Municípios e especifica os valores da Habilitação e Qualificação."
1904,Ordinária,Ministério da Saúde/Gabinete da Ministra,2023-02-14,http://pesquisa.in.gov.br/imprensa/jsp/visualiza/index.jsp?data=14/02/2023&jornal=515&pagina=119,"Renova a qualificação da Central de Regulação das Urgências (CRU) e Unidades Móveis, destinadas ao Serviço de Atendimento Móvel de Urgência (SAMU 192) e mantém os recursos do Bloco de Manutenção das Ações e Serviços Públicos de Saúde - Grupo de Atenção Especializada, incorporados ao limite financeiro de Média e Alta Complexidade (MAC), do Estado do Rio de Janeiro e Municípios."
1905,Ordinária,"Ministério das Comunicações/Agência Nacional de Telecomunicações/Superintendência de Fiscalização/Gerência Regional nos Estados do Amazonas, Acre, Rondônia e Roraima",2023-02-14,http://pesquisa.in.gov.br/imprensa/jsp/visualiza/index.jsp?data=14/02/2023&jornal=515&pagina=4,
1906,Ordinária,Ministério da Saúde/Secretaria de Atenção Especializada à Saúde,2023-02-14,http://pesquisa.in.gov.br/imprensa/jsp/visualiza/index.jsp?data=14/02/2023&jornal=515&pagina=181,"Indefere a Concessão do CEBAS da Rede Aberta das Organizações da Sociedade Civil Organizada de Camaçari, com sede em Camaçari (BA)."
1907,Ordinária,Ministério da Saúde/Secretaria de Atenção Especializada à Saúde,2023-02-14,http://pesquisa.in.gov.br/imprensa/jsp/visualiza/index.jsp?data=14/02/2023&jornal=515&pagina=181,"Indefere a Renovação do CEBAS do Centro de Estudos e Pesquisas Dr. João Amorim, com sede em São Paulo (SP)."
1908,Ordinária,Ministério de Portos e Aeroportos/Agência Nacional de Aviação Civil/Superintendência de Padrões Operacionais,2023-02-14,http://pesquisa.in.gov.br/imprensa/jsp/visualiza/index.jsp?data=14/02/2023&jornal=515&pagina=61,
1909,Ordinária,Ministério da Previdência Social/Gabinete do Ministro,2023-02-14,http://pesquisa.in.gov.br/imprensa/jsp/visualiza/index.jsp?data=14/02/2023&jornal=515&pagina=62,"Delega competências às autoridades que menciona para concessão de diárias e passagens, contratação, afastamento do País, nomeação, exoneração, designação, dispensa, cessão e demais atos de gestão no âmbito do Ministério da Previdência Social, e dá outras providências. (Processo n. 19955.100440/2023-18)."
1910,Ordinária,Ministério da Saúde/Gabinete da Ministra,2023-02-14,http://pesquisa.in.gov.br/imprensa/jsp/visualiza/index.jsp?data=14/02/2023&jornal=515&pagina=63,"Divulga os montantes anuais alocados aos Estados, Distrito Federal e Municípios relativos ao Piso Fixo de Vigilância em Saúde e ao incentivo aos Laboratórios Centrais de Saúde Pública no Grupo de Vigilância em Saúde do Bloco de Manutenção das Ações e Serviços Públicos de Saúde."
1911,Ordinária,Ministério da Saúde/Gabinete da Ministra,2023-02-14,http://pesquisa.in.gov.br/imprensa/jsp/visualiza/index.jsp?data=14/02/2023&jornal=515&pagina=63,"Aprova o repasse de recursos para Estados e Distrito Federal, a título de financiamento, referente a janeiro, fevereiro e março de 2023, para aquisição de medicamentos do Componente Especializado da Assistência Farmacêutica conforme Tabela de Procedimentos, Medicamentos, Órteses, Próteses e Materiais Especiais do Sistema Único de Saúde."
1912,Ordinária,Ministério de Portos e Aeroportos/Agência Nacional de Aviação Civil/Superintendência de Padrões Operacionais,2023-02-14,http://pesquisa.in.gov.br/imprensa/jsp/visualiza/index.jsp?data=14/02/2023&jornal=515&pagina=61,
1913,Ordinária,Ministério das Comunicações/Agência Nacional de Telecomunicações/Superintendência de Fiscalização/Gerência Regional no Estado de São Paulo,2023-02-14,http://pesquisa.in.gov.br/imprensa/jsp/visualiza/index.jsp?data=14/02/2023&jornal=515&pagina=4,
1914,Ordinária,Ministério de Portos e Aeroportos/Agência Nacional de Aviação Civil/Superintendência de Padrões Operacionais,2023-02-14,http://pesquisa.in.gov.br/imprensa/jsp/visualiza/index.jsp?data=14/02/2023&jornal=515&pagina=61,
1915,Ordinária,Ministério de Portos e Aeroportos/Agência Nacional de Aviação Civil/Superintendência de Padrões Operacionais/Gerência de Operações da Aviação Geral,2023-02-14,http://pesquisa.in.gov.br/imprensa/jsp/visualiza/index.jsp?data=14/02/2023&jornal=515&pagina=61,
1916,Ordinária,Ministério de Portos e Aeroportos/Agência Nacional de Aviação Civil/Superintendência de Padrões Operacionais,2023-02-14,http://pesquisa.in.gov.br/imprensa/jsp/visualiza/index.jsp?data=14/02/2023&jornal=515&pagina=61,
1917,Ordinária,Ministério de Portos e Aeroportos/Agência Nacional de Transportes Aquaviários/Superintendência de Outorgas,2023-02-14,http://pesquisa.in.gov.br/imprensa/jsp/visualiza/index.jsp?data=14/02/2023&jornal=515&pagina=61,
1918,Ordinária,Ministério de Portos e Aeroportos/Agência Nacional de Aviação Civil/Superintendência de Infraestrutura Aeroportuária/Gerência de Certificação e Segurança Operacional,2023-02-14,http://pesquisa.in.gov.br/imprensa/jsp/visualiza/index.jsp?data=14/02/2023&jornal=515&pagina=60,
1919,Ordinária,Ministério de Portos e Aeroportos/Agência Nacional de Aviação Civil/Superintendência de Pessoal da Aviação Civil/Gerência de Certificação de Pessoal/Coordenadoria de Certificação Médica Aeronáutica,2023-02-14,http://pesquisa.in.gov.br/imprensa/jsp/visualiza/index.jsp?data=14/02/2023&jornal=515&pagina=61,
1920,Ordinária,Ministério de Portos e Aeroportos/Agência Nacional de Aviação Civil/Superintendência de Padrões Operacionais,2023-02-14,http://pesquisa.in.gov.br/imprensa/jsp/visualiza/index.jsp?data=14/02/2023&jornal=515&pagina=60,
1921,Ordinária,"Ministério de Minas e Energia/Agência Nacional do Petróleo, Gás Natural e Biocombustíveis/Diretoria I/Superintendência de Distribuição e Logística",2023-02-14,http://pesquisa.in.gov.br/imprensa/jsp/visualiza/index.jsp?data=14/02/2023&jornal=515&pagina=60,
1922,Ordinária,Ministério de Portos e Aeroportos/Agência Nacional de Aviação Civil/Superintendência de Padrões Operacionais,2023-02-14,http://pesquisa.in.gov.br/imprensa/jsp/visualiza/index.jsp?data=14/02/2023&jornal=515&pagina=61,
1923,Ordinária,Ministério de Portos e Aeroportos/Agência Nacional de Aviação Civil/Superintendência de Infraestrutura Aeroportuária/Gerência de Controle e Fiscalização,2023-02-14,http://pesquisa.in.gov.br/imprensa/jsp/visualiza/index.jsp?data=14/02/2023&jornal=515&pagina=60,
1924,Ordinária,Ministério de Portos e Aeroportos/Agência Nacional de Aviação Civil/Superintendência de Padrões Operacionais,2023-02-14,http://pesquisa.in.gov.br/imprensa/jsp/visualiza/index.jsp?data=14/02/2023&jornal=515&pagina=61,
1925,Ordinária,Ministério de Minas e Energia/Agência Nacional de Mineração/Superintendência de Outorga de Títulos Minerários,2023-02-14,http://pesquisa.in.gov.br/imprensa/jsp/visualiza/index.jsp?data=14/02/2023&jornal=515&pagina=56,
1926,Ordinária,"Ministério de Minas e Energia/Agência Nacional do Petróleo, Gás Natural e Biocombustíveis/Diretoria I/Superintendência de Distribuição e Logística",2023-02-14,http://pesquisa.in.gov.br/imprensa/jsp/visualiza/index.jsp?data=14/02/2023&jornal=515&pagina=60,
1927,Ordinária,"Ministério de Minas e Energia/Agência Nacional do Petróleo, Gás Natural e Biocombustíveis",2023-02-14,http://pesquisa.in.gov.br/imprensa/jsp/visualiza/index.jsp?data=14/02/2023&jornal=515&pagina=56,Altera a estrutura de cargos da ANP e a estrutura interna das unidades organizacionais
1928,Ordinária,Ministério de Minas e Energia/Agência Nacional de Mineração/Superintendência de Outorga de Títulos Minerários,2023-02-14,http://pesquisa.in.gov.br/imprensa/jsp/visualiza/index.jsp?data=14/02/2023&jornal=515&pagina=56,
1929,Ordinária,Ministério de Minas e Energia/Agência Nacional de Mineração/Superintendência de Outorga de Títulos Minerários,2023-02-14,http://pesquisa.in.gov.br/imprensa/jsp/visualiza/index.jsp?data=14/02/2023&jornal=515&pagina=56,
1930,Ordinária,Ministério de Portos e Aeroportos/Agência Nacional de Aviação Civil/Superintendência de Infraestrutura Aeroportuária,2023-02-14,http://pesquisa.in.gov.br/imprensa/jsp/visualiza/index.jsp?data=14/02/2023&jornal=515&pagina=60,
1931,Ordinária,Ministério de Minas e Energia/Agência Nacional de Mineração/Superintendência de Outorga de Títulos Minerários,2023-02-14,http://pesquisa.in.gov.br/imprensa/jsp/visualiza/index.jsp?data=14/02/2023&jornal=515&pagina=56,
1932,Ordinária,Ministério de Minas e Energia/Agência Nacional de Mineração/Superintendência de Outorga de Títulos Minerários,2023-02-14,http://pesquisa.in.gov.br/imprensa/jsp/visualiza/index.jsp?data=14/02/2023&jornal=515&pagina=56,
1933,Ordinária,Ministério de Minas e Energia/Agência Nacional de Mineração/Superintendência de Outorga de Títulos Minerários,2023-02-14,http://pesquisa.in.gov.br/imprensa/jsp/visualiza/index.jsp?data=14/02/2023&jornal=515&pagina=56,
1934,Ordinária,Ministério de Minas e Energia/Agência Nacional de Mineração/Superintendência de Outorga de Títulos Minerários,2023-02-14,http://pesquisa.in.gov.br/imprensa/jsp/visualiza/index.jsp?data=14/02/2023&jornal=515&pagina=56,
1935,Ordinária,Ministério de Minas e Energia/Agência Nacional de Mineração/Superintendência de Outorga de Títulos Minerários,2023-02-14,http://pesquisa.in.gov.br/imprensa/jsp/visualiza/index.jsp?data=14/02/2023&jornal=515&pagina=56,
1936,Ordinária,Ministério de Minas e Energia/Agência Nacional de Mineração/Superintendência de Outorga de Títulos Minerários,2023-02-14,http://pesquisa.in.gov.br/imprensa/jsp/visualiza/index.jsp?data=14/02/2023&jornal=515&pagina=56,
1937,Ordinária,Ministério de Minas e Energia/Agência Nacional de Mineração/Superintendência de Outorga de Títulos Minerários,2023-02-14,http://pesquisa.in.gov.br/imprensa/jsp/visualiza/index.jsp?data=14/02/2023&jornal=515&pagina=56,
1938,Ordinária,Ministério de Minas e Energia/Agência Nacional de Mineração/Superintendência de Outorga de Títulos Minerários,2023-02-14,http://pesquisa.in.gov.br/imprensa/jsp/visualiza/index.jsp?data=14/02/2023&jornal=515&pagina=55,
1939,Ordinária,Ministério de Minas e Energia/Agência Nacional de Mineração/Superintendência de Outorga de Títulos Minerários,2023-02-14,http://pesquisa.in.gov.br/imprensa/jsp/visualiza/index.jsp?data=14/02/2023&jornal=515&pagina=55,
1940,Ordinária,Ministério de Portos e Aeroportos/Agência Nacional de Aviação Civil/Superintendência de Padrões Operacionais,2023-02-14,http://pesquisa.in.gov.br/imprensa/jsp/visualiza/index.jsp?data=14/02/2023&jornal=515&pagina=61,
1941,Ordinária,"Ministério das Comunicações/Agência Nacional de Telecomunicações/Superintendência de Fiscalização/Gerência Regional nos Estados de Pernambuco, Paraíba e Alagoas",2023-02-14,http://pesquisa.in.gov.br/imprensa/jsp/visualiza/index.jsp?data=14/02/2023&jornal=515&pagina=4,
1942,Ordinária,Ministério de Minas e Energia/Agência Nacional de Mineração/Superintendência de Outorga de Títulos Minerários,2023-02-14,http://pesquisa.in.gov.br/imprensa/jsp/visualiza/index.jsp?data=14/02/2023&jornal=515&pagina=55,
1943,Ordinária,Ministério de Minas e Energia/Agência Nacional de Mineração/Superintendência de Outorga de Títulos Minerários,2023-02-14,http://pesquisa.in.gov.br/imprensa/jsp/visualiza/index.jsp?data=14/02/2023&jornal=515&pagina=55,
1944,Ordinária,Ministério de Minas e Energia/Agência Nacional de Mineração/Superintendência de Outorga de Títulos Minerários,2023-02-14,http://pesquisa.in.gov.br/imprensa/jsp/visualiza/index.jsp?data=14/02/2023&jornal=515&pagina=56,
1945,Ordinária,Ministério de Minas e Energia/Agência Nacional de Mineração/Superintendência de Outorga de Títulos Minerários,2023-02-14,http://pesquisa.in.gov.br/imprensa/jsp/visualiza/index.jsp?data=14/02/2023&jornal=515&pagina=55,
1946,Ordinária,"Ministério de Minas e Energia/Agência Nacional do Petróleo, Gás Natural e Biocombustíveis/Diretoria I/Superintendência de Distribuição e Logística",2023-02-14,http://pesquisa.in.gov.br/imprensa/jsp/visualiza/index.jsp?data=14/02/2023&jornal=515&pagina=60,
1947,Ordinária,Ministério de Minas e Energia/Agência Nacional de Mineração/Superintendência de Outorga de Títulos Minerários,2023-02-14,http://pesquisa.in.gov.br/imprensa/jsp/visualiza/index.jsp?data=14/02/2023&jornal=515&pagina=55,
1948,Ordinária,Ministério de Minas e Energia/Agência Nacional de Energia Elétrica/Superintendência de Regulação Econômica e Estudos do Mercado,2023-02-14,http://pesquisa.in.gov.br/imprensa/jsp/visualiza/index.jsp?data=14/02/2023&jornal=515&pagina=51,
1949,Ordinária,Ministério de Minas e Energia/Agência Nacional de Mineração/Gerência Regional da ANM no Estado de Mato Grosso do Sul,2023-02-14,http://pesquisa.in.gov.br/imprensa/jsp/visualiza/index.jsp?data=14/02/2023&jornal=515&pagina=52,
1950,Ordinária,"Ministério de Minas e Energia/Agência Nacional de Energia Elétrica/Superintendência de Mediação Administrativa, Ouvidoria Setorial e Participação pública",2023-02-14,http://pesquisa.in.gov.br/imprensa/jsp/visualiza/index.jsp?data=14/02/2023&jornal=515&pagina=51,
1951,Ordinária,Ministério de Minas e Energia/Agência Nacional de Mineração/Gerência Regional da ANM no Estado de Minas Gerais,2023-02-14,http://pesquisa.in.gov.br/imprensa/jsp/visualiza/index.jsp?data=14/02/2023&jornal=515&pagina=53,
1952,Ordinária,Ministério de Minas e Energia/Agência Nacional de Energia Elétrica/Superintendência de Regulação Econômica e Estudos do Mercado,2023-02-14,http://pesquisa.in.gov.br/imprensa/jsp/visualiza/index.jsp?data=14/02/2023&jornal=515&pagina=51,
1953,Ordinária,Ministério de Minas e Energia/Agência Nacional de Energia Elétrica/Superintendência de Regulação Econômica e Estudos do Mercado,2023-02-14,http://pesquisa.in.gov.br/imprensa/jsp/visualiza/index.jsp?data=14/02/2023&jornal=515&pagina=51,
1954,Ordinária,"Ministério de Minas e Energia/Agência Nacional de Energia Elétrica/Superintendência de Mediação Administrativa, Ouvidoria Setorial e Participação pública",2023-02-14,http://pesquisa.in.gov.br/imprensa/jsp/visualiza/index.jsp?data=14/02/2023&jornal=515&pagina=50,
1955,Ordinária,Ministério de Minas e Energia/Agência Nacional de Energia Elétrica/Superintendência de Regulação Econômica e Estudos do Mercado,2023-02-14,http://pesquisa.in.gov.br/imprensa/jsp/visualiza/index.jsp?data=14/02/2023&jornal=515&pagina=51,
1956,Ordinária,"Ministério de Minas e Energia/Agência Nacional de Energia Elétrica/Superintendência de Mediação Administrativa, Ouvidoria Setorial e Participação pública",2023-02-14,http://pesquisa.in.gov.br/imprensa/jsp/visualiza/index.jsp?data=14/02/2023&jornal=515&pagina=50,
1957,Ordinária,Ministério de Minas e Energia/Agência Nacional de Mineração/Gerência Regional da ANM no Estado de Minas Gerais,2023-02-14,http://pesquisa.in.gov.br/imprensa/jsp/visualiza/index.jsp?data=14/02/2023&jornal=515&pagina=53,
1958,Ordinária,"Ministério de Minas e Energia/Agência Nacional de Energia Elétrica/Superintendência de Mediação Administrativa, Ouvidoria Setorial e Participação pública",2023-02-14,http://pesquisa.in.gov.br/imprensa/jsp/visualiza/index.jsp?data=14/02/2023&jornal=515&pagina=50,
1959,Ordinária,"Ministério de Minas e Energia/Agência Nacional de Energia Elétrica/Superintendência de Mediação Administrativa, Ouvidoria Setorial e Participação pública",2023-02-14,http://pesquisa.in.gov.br/imprensa/jsp/visualiza/index.jsp?data=14/02/2023&jornal=515&pagina=50,
1960,Ordinária,Ministério de Minas e Energia/Agência Nacional de Energia Elétrica/Superintendência de Concessões e Autorizações de Geração,2023-02-14,http://pesquisa.in.gov.br/imprensa/jsp/visualiza/index.jsp?data=14/02/2023&jornal=515&pagina=50,
1961,Ordinária,Ministério do Meio Ambiente e Mudança do Clima/Agência Nacional de Águas e Saneamento Básico/Superintendência de Regulação de Usos de Recursos Hídricos,2023-02-14,http://pesquisa.in.gov.br/imprensa/jsp/visualiza/index.jsp?data=14/02/2023&jornal=515&pagina=49,
1962,Ordinária,"Ministério de Minas e Energia/Agência Nacional de Energia Elétrica/Superintendência de Mediação Administrativa, Ouvidoria Setorial e Participação pública",2023-02-14,http://pesquisa.in.gov.br/imprensa/jsp/visualiza/index.jsp?data=14/02/2023&jornal=515&pagina=50,
1963,Ordinária,Ministério de Minas e Energia/Agência Nacional de Energia Elétrica,2023-02-14,http://pesquisa.in.gov.br/imprensa/jsp/visualiza/index.jsp?data=14/02/2023&jornal=515&pagina=50,
1964,Ordinária,Ministério do Meio Ambiente e Mudança do Clima/Instituto Brasileiro do Meio Ambiente e dos Recursos Naturais Renováveis,2023-02-14,http://pesquisa.in.gov.br/imprensa/jsp/visualiza/index.jsp?data=14/02/2023&jornal=515&pagina=48,Dispõe sobre os procedimentos para concessão dos adicionais de insalubridade e periculosidade no âmbito do Instituto Brasileiro do Meio Ambiente e dos Recursos Naturais Renováveis.
1965,Ordinária,"Ministério de Minas e Energia/Secretaria de Petróleo, Gás Natural e Biocombustíveis",2023-02-14,http://pesquisa.in.gov.br/imprensa/jsp/visualiza/index.jsp?data=14/02/2023&jornal=515&pagina=49,
1966,Ordinária,Ministério da Justiça e Segurança Pública/Secretaria Nacional de Justiça/Departamento de Migrações/Coordenação-Geral de Política Migratória/Coordenação de Processos Migratórios/Divisão de Naturalização,2023-02-14,http://pesquisa.in.gov.br/imprensa/jsp/visualiza/index.jsp?data=14/02/2023&jornal=515&pagina=47,
1967,Ordinária,Ministério da Justiça e Segurança Pública/Secretaria Nacional de Justiça/Departamento de Migrações/Coordenação-Geral de Imigração Laboral,2023-02-14,http://pesquisa.in.gov.br/imprensa/jsp/visualiza/index.jsp?data=14/02/2023&jornal=515&pagina=37,
1968,Ordinária,Ministério de Minas e Energia/Agência Nacional de Mineração/Superintendência de Outorga de Títulos Minerários,2023-02-14,http://pesquisa.in.gov.br/imprensa/jsp/visualiza/index.jsp?data=14/02/2023&jornal=515&pagina=55,
1969,Ordinária,"Ministério de Minas e Energia/Agência Nacional de Energia Elétrica/Superintendência de Mediação Administrativa, Ouvidoria Setorial e Participação pública",2023-02-14,http://pesquisa.in.gov.br/imprensa/jsp/visualiza/index.jsp?data=14/02/2023&jornal=515&pagina=50,
1970,Ordinária,Ministério de Minas e Energia/Agência Nacional de Energia Elétrica,2023-02-14,http://pesquisa.in.gov.br/imprensa/jsp/visualiza/index.jsp?data=14/02/2023&jornal=515&pagina=49,
1971,Ordinária,Ministério da Justiça e Segurança Pública/Polícia Federal/Diretoria de Polícia Administrativa/Coordenação-Geral de Controle de Serviços e Produtos,2023-02-14,http://pesquisa.in.gov.br/imprensa/jsp/visualiza/index.jsp?data=14/02/2023&jornal=515&pagina=36,
1972,Ordinária,Ministério da Integração e do Desenvolvimento Regional/Secretaria Nacional de Proteção e Defesa Civil,2023-02-14,http://pesquisa.in.gov.br/imprensa/jsp/visualiza/index.jsp?data=14/02/2023&jornal=515&pagina=35,
1973,Ordinária,Ministério da Integração e do Desenvolvimento Regional/Secretaria Nacional de Proteção e Defesa Civil,2023-02-14,http://pesquisa.in.gov.br/imprensa/jsp/visualiza/index.jsp?data=14/02/2023&jornal=515&pagina=35,"Autoriza o empenho e a transferência de recursos ao Município de Piratini-RS, para a execução de ações de Defesa Civil."
1974,Ordinária,Ministério da Integração e do Desenvolvimento Regional/Secretaria Nacional de Proteção e Defesa Civil,2023-02-14,http://pesquisa.in.gov.br/imprensa/jsp/visualiza/index.jsp?data=14/02/2023&jornal=515&pagina=35,
1975,Ordinária,Ministério da Integração e do Desenvolvimento Regional/Secretaria Nacional de Proteção e Defesa Civil,2023-02-14,http://pesquisa.in.gov.br/imprensa/jsp/visualiza/index.jsp?data=14/02/2023&jornal=515&pagina=35,
1976,Ordinária,Ministério da Integração e do Desenvolvimento Regional/Secretaria Nacional de Proteção e Defesa Civil,2023-02-14,http://pesquisa.in.gov.br/imprensa/jsp/visualiza/index.jsp?data=14/02/2023&jornal=515&pagina=35,"Autoriza o empenho e a transferência de recursos ao Município de Caiçara-RS, para a execução de ações de Defesa Civil."
1977,Ordinária,"Ministério da Fazenda/Superintendência de Seguros Privados/Diretoria Técnica 1/Coordenação-Geral de Regimes Especiais, Autorizações e Julgamentos",2023-02-14,http://pesquisa.in.gov.br/imprensa/jsp/visualiza/index.jsp?data=14/02/2023&jornal=515&pagina=34,
1978,Ordinária,"Ministério da Fazenda/Superintendência de Seguros Privados/Diretoria Técnica 1/Coordenação-Geral de Regimes Especiais, Autorizações e Julgamentos",2023-02-14,http://pesquisa.in.gov.br/imprensa/jsp/visualiza/index.jsp?data=14/02/2023&jornal=515&pagina=34,
1979,Ordinária,Ministério da Integração e do Desenvolvimento Regional/Secretaria Nacional de Proteção e Defesa Civil,2023-02-14,http://pesquisa.in.gov.br/imprensa/jsp/visualiza/index.jsp?data=14/02/2023&jornal=515&pagina=35,"Autoriza o empenho e a transferência de recursos ao Município de Júlio de Castilhos-RS, para a execução de ações de Defesa Civil."
1980,Ordinária,"Ministério da Fazenda/Superintendência de Seguros Privados/Diretoria Técnica 1/Coordenação-Geral de Regimes Especiais, Autorizações e Julgamentos",2023-02-14,http://pesquisa.in.gov.br/imprensa/jsp/visualiza/index.jsp?data=14/02/2023&jornal=515&pagina=34,
1981,Ordinária,Ministério da Integração e do Desenvolvimento Regional/Secretaria Nacional de Proteção e Defesa Civil,2023-02-14,http://pesquisa.in.gov.br/imprensa/jsp/visualiza/index.jsp?data=14/02/2023&jornal=515&pagina=35,"Autoriza o empenho e a transferência de recursos ao Município de Unistalda-RS, para a execução de ações de Defesa Civil."
1982,Ordinária,"Ministério da Fazenda/Superintendência de Seguros Privados/Diretoria Técnica 1/Coordenação-Geral de Regimes Especiais, Autorizações e Julgamentos",2023-02-14,http://pesquisa.in.gov.br/imprensa/jsp/visualiza/index.jsp?data=14/02/2023&jornal=515&pagina=34,
1983,Ordinária,"Ministério da Fazenda/Superintendência de Seguros Privados/Diretoria Técnica 1/Coordenação-Geral de Regimes Especiais, Autorizações e Julgamentos",2023-02-14,http://pesquisa.in.gov.br/imprensa/jsp/visualiza/index.jsp?data=14/02/2023&jornal=515&pagina=34,
1984,Ordinária,Ministério da Fazenda/Secretaria Especial da Receita Federal do Brasil/Subsecretaria-Geral da Receita Federal do Brasil/Superintendência Regional da Receita Federal do Brasil 10ª Região Fiscal,2023-02-14,http://pesquisa.in.gov.br/imprensa/jsp/visualiza/index.jsp?data=14/02/2023&jornal=515&pagina=33,"Declara a inscrição no CNPJ inapta, nos termos da IN RFB nº 2.119, de 6 de dezembro de 2022, a pessoa jurídica que menciona."
1985,Ordinária,Ministério da Integração e do Desenvolvimento Regional/Secretaria Nacional de Proteção e Defesa Civil,2023-02-14,http://pesquisa.in.gov.br/imprensa/jsp/visualiza/index.jsp?data=14/02/2023&jornal=515&pagina=34,"Autoriza a transferência de recursos ao Município de Anitápolis-SC, para a execução de ações de Defesa Civil."
1986,Ordinária,Ministério da Fazenda/Secretaria Especial da Receita Federal do Brasil/Subsecretaria-Geral da Receita Federal do Brasil/Superintendência Regional da Receita Federal do Brasil 9ª Região Fiscal,2023-02-14,http://pesquisa.in.gov.br/imprensa/jsp/visualiza/index.jsp?data=14/02/2023&jornal=515&pagina=32,"Altera a Portaria SRRF09 nº 505, de 18 de novembro de 2022."
1987,Ordinária,Ministério da Integração e do Desenvolvimento Regional/Secretaria Nacional de Proteção e Defesa Civil,2023-02-14,http://pesquisa.in.gov.br/imprensa/jsp/visualiza/index.jsp?data=14/02/2023&jornal=515&pagina=35,"Autoriza o empenho e a transferência de recursos ao Município de Dois Irmãos das Missões-RS, para a execução de ações de Defesa Civil."
1988,Ordinária,Ministério da Fazenda/Secretaria Especial da Receita Federal do Brasil/Subsecretaria-Geral da Receita Federal do Brasil/Superintendência Regional da Receita Federal do Brasil 8ª Região Fiscal/Delegacia da Receita Federal do Brasil em Sorocaba,2023-02-14,http://pesquisa.in.gov.br/imprensa/jsp/visualiza/index.jsp?data=14/02/2023&jornal=515&pagina=32,Habilita ao Regime Especial de Aquisição de Bens de Capital para Empresas Exportadoras (RECAP).
1989,Ordinária,Ministério da Fazenda/Secretaria Especial da Receita Federal do Brasil/Subsecretaria-Geral da Receita Federal do Brasil/Superintendência Regional da Receita Federal do Brasil 8ª Região Fiscal/Delegacia de Fiscalização de Comércio Exterior da Receita Federal do Brasil em São Paulo,2023-02-14,http://pesquisa.in.gov.br/imprensa/jsp/visualiza/index.jsp?data=14/02/2023&jornal=515&pagina=32,Transferência de veículo consular
1990,Ordinária,Ministério de Minas e Energia/Agência Nacional de Mineração/Superintendência de Outorga de Títulos Minerários,2023-02-14,http://pesquisa.in.gov.br/imprensa/jsp/visualiza/index.jsp?data=14/02/2023&jornal=515&pagina=55,
1991,Ordinária,"Ministério da Fazenda/Superintendência de Seguros Privados/Diretoria Técnica 1/Coordenação-Geral de Regimes Especiais, Autorizações e Julgamentos",2023-02-14,http://pesquisa.in.gov.br/imprensa/jsp/visualiza/index.jsp?data=14/02/2023&jornal=515&pagina=34,
1992,Ordinária,Ministério da Fazenda/Secretaria Especial da Receita Federal do Brasil/Subsecretaria-Geral da Receita Federal do Brasil/Superintendência Regional da Receita Federal do Brasil 8ª Região Fiscal/Delegacia da Receita Federal do Brasil em Sorocaba,2023-02-14,http://pesquisa.in.gov.br/imprensa/jsp/visualiza/index.jsp?data=14/02/2023&jornal=515&pagina=31,Concede o Registro Especial de Controle de Papel Imune na atividade de Gráfica.
1993,Ordinária,Ministério da Fazenda/Secretaria Especial da Receita Federal do Brasil/Subsecretaria-Geral da Receita Federal do Brasil/Superintendência Regional da Receita Federal do Brasil 8ª Região Fiscal/Alfândega da Receita Federal do Brasil no Aeroporto Internacional de São Paulo/Guarulhos,2023-02-14,http://pesquisa.in.gov.br/imprensa/jsp/visualiza/index.jsp?data=14/02/2023&jornal=515&pagina=31,Habilita ao Despacho Aduaneiro de Remessa Expressa a empresa que menciona.
1994,Ordinária,Ministério da Fazenda/Secretaria Especial da Receita Federal do Brasil/Subsecretaria-Geral da Receita Federal do Brasil/Superintendência Regional da Receita Federal do Brasil 8ª Região Fiscal/Delegacia da Receita Federal do Brasil em Sorocaba,2023-02-14,http://pesquisa.in.gov.br/imprensa/jsp/visualiza/index.jsp?data=14/02/2023&jornal=515&pagina=31,Habilita ao Regime Especial de Incentivos para o Desenvolvimento da Infraestrutura (REIDI). | Renova o Registro Especial de Controle de Papel Imune na atividade de Gráfica. | Renova o Registro Especial de Controle de Papel Imune na atividade de Usuário.
1995,Ordinária,Ministério da Fazenda/Secretaria Especial da Receita Federal do Brasil/Subsecretaria-Geral da Receita Federal do Brasil/Superintendência Regional da Receita Federal do Brasil 7ª Região Fiscal,2023-02-14,http://pesquisa.in.gov.br/imprensa/jsp/visualiza/index.jsp?data=14/02/2023&jornal=515&pagina=30,
1996,Ordinária,Ministério da Fazenda/Secretaria Especial da Receita Federal do Brasil/Subsecretaria-Geral da Receita Federal do Brasil/Superintendência Regional da Receita Federal do Brasil 8ª Região Fiscal/Delegacia da Receita Federal do Brasil em Sorocaba,2023-02-14,http://pesquisa.in.gov.br/imprensa/jsp/visualiza/index.jsp?data=14/02/2023&jornal=515&pagina=31,Co-Habilitada ao Regime Especial de Incentivos para o Desenvolvimento da Infraestrutura (REIDI).
1997,Ordinária,Ministério da Fazenda/Secretaria Especial da Receita Federal do Brasil/Subsecretaria-Geral da Receita Federal do Brasil/Superintendência Regional da Receita Federal do Brasil 6ª Região Fiscal/Delegacia da Receita Federal do Brasil em Montes Claros,2023-02-14,http://pesquisa.in.gov.br/imprensa/jsp/visualiza/index.jsp?data=14/02/2023&jornal=515&pagina=30,"Declara a habilitação definitiva no Programa Mais Leite Saudável, instituído pelo Decreto nº 8.533, de 30 de setembro de 2015."
1998,Ordinária,Ministério da Fazenda/Secretaria Especial da Receita Federal do Brasil/Subsecretaria-Geral da Receita Federal do Brasil/Superintendência Regional da Receita Federal do Brasil 5ª Região Fiscal/Delegacia da Receita Federal do Brasil em Salvador,2023-02-14,http://pesquisa.in.gov.br/imprensa/jsp/visualiza/index.jsp?data=14/02/2023&jornal=515&pagina=30,"Concede o Registro Especial a que estão sujeitos os produtores, engarrafadores, cooperativas de produtores, estabelecimentos comerciais atacadistas e importadores de Bebidas Alcoólicas para a atividade específica de Engarrafador."
1999,Ordinária,Ministério da Fazenda/Secretaria Especial da Receita Federal do Brasil/Subsecretaria-Geral da Receita Federal do Brasil/Superintendência Regional da Receita Federal do Brasil 6ª Região Fiscal/Alfândega da Receita Federal do Brasil em Belo Horizonte,2023-02-14,http://pesquisa.in.gov.br/imprensa/jsp/visualiza/index.jsp?data=14/02/2023&jornal=515&pagina=30,Inclusão de interessados no Cadastro de Despachante Aduaneiro
